RI_FKey_cascade_del		0	0	trigger	0
RI_FKey_cascade_upd		0	0	trigger	0
RI_FKey_check_ins		0	0	trigger	0
RI_FKey_check_upd		0	0	trigger	0
RI_FKey_noaction_del		0	0	trigger	0
RI_FKey_noaction_upd		0	0	trigger	0
RI_FKey_restrict_del		0	0	trigger	0
RI_FKey_restrict_upd		0	0	trigger	0
RI_FKey_setdefault_del		0	0	trigger	0
RI_FKey_setdefault_upd		0	0	trigger	0
RI_FKey_setnull_del		0	0	trigger	0
RI_FKey_setnull_upd		0	0	trigger	0
abbrev	cidr	0	0	text	0
abbrev	inet	0	0	text	0
abs	float4	0	0	float4	0
abs	float8	0	0	float8	0
abs	int2	0	0	int2	0
abs	int4	0	0	int4	0
abs	int8	0	0	int8	0
abs	numeric	0	0	numeric	0
aclcontains	aclitem[],aclitem	0	0	bool	0
acldefault	char,oid	0	0	aclitem[]	0
aclexplode	aclitem[]	0	0	record	1
aclinsert	aclitem[],aclitem	0	0	aclitem[]	0
aclitemeq	aclitem,aclitem	0	0	bool	0
aclitemin	cstring	0	0	aclitem	0
aclitemout	aclitem	0	0	cstring	0
aclremove	aclitem[],aclitem	0	0	aclitem[]	0
acos	float8	0	0	float8	0
acosd	float8	0	0	float8	0
acosh	float8	0	0	float8	0
age	timestamp	0	0	interval	0
age	timestamp,timestamp	0	0	interval	0
age	timestamptz	0	0	interval	0
age	timestamptz,timestamptz	0	0	interval	0
age	xid	0	0	int4	0
amvalidate	oid	0	0	bool	0
any_in	cstring	0	0	any	0
any_out	any	0	0	cstring	0
anyarray_in	cstring	0	0	anyarray	0
anyarray_out	anyarray	0	0	cstring	0
anyarray_recv	internal	0	0	anyarray	0
anyarray_send	anyarray	0	0	bytea	0
anycompatible_in	cstring	0	0	anycompatible	0
anycompatible_out	anycompatible	0	0	cstring	0
anycompatiblearray_in	cstring	0	0	anycompatiblearray	0
anycompatiblearray_out	anycompatiblearray	0	0	cstring	0
anycompatiblearray_recv	internal	0	0	anycompatiblearray	0
anycompatiblearray_send	anycompatiblearray	0	0	bytea	0
anycompatiblemultirange_in	cstring,oid,int4	0	0	anycompatiblemultirange	0
anycompatiblemultirange_out	anycompatiblemultirange	0	0	cstring	0
anycompatiblenonarray_in	cstring	0	0	anycompatiblenonarray	0
anycompatiblenonarray_out	anycompatiblenonarray	0	0	cstring	0
anycompatiblerange_in	cstring,oid,int4	0	0	anycompatiblerange	0
anycompatiblerange_out	anycompatiblerange	0	0	cstring	0
anyelement_in	cstring	0	0	anyelement	0
anyelement_out	anyelement	0	0	cstring	0
anyenum_in	cstring	0	0	anyenum	0
anyenum_out	anyenum	0	0	cstring	0
anymultirange_in	cstring,oid,int4	0	0	anymultirange	0
anymultirange_out	anymultirange	0	0	cstring	0
anynonarray_in	cstring	0	0	anynonarray	0
anynonarray_out	anynonarray	0	0	cstring	0
anyrange_in	cstring,oid,int4	0	0	anyrange	0
anyrange_out	anyrange	0	0	cstring	0
anytextcat	anynonarray,text	0	0	text	0
area	box	0	0	float8	0
area	circle	0	0	float8	0
area	path	0	0	float8	0
areajoinsel	internal,oid,internal,int2,internal	0	0	float8	0
areasel	internal,oid,internal,int4	0	0	float8	0
array_agg	anyarray	0	0	anyarray	0
array_agg	anynonarray	0	0	anyarray	0
array_agg_array_finalfn	internal,anyarray	0	0	anyarray	0
array_agg_array_transfn	internal,anyarray	0	0	internal	0
array_agg_finalfn	internal,anynonarray	0	0	anyarray	0
array_agg_transfn	internal,anynonarray	0	0	internal	0
array_append	anycompatiblearray,anycompatible	0	0	anycompatiblearray	0
array_cat	anycompatiblearray,anycompatiblearray	0	0	anycompatiblearray	0
array_dims	anyarray	0	0	text	0
array_eq	anyarray,anyarray	0	0	bool	0
array_fill	anyelement,int4[]	0	0	anyarray	0
array_fill	anyelement,int4[],int4[]	0	0	anyarray	0
array_ge	anyarray,anyarray	0	0	bool	0
array_gt	anyarray,anyarray	0	0	bool	0
array_in	cstring,oid,int4	0	0	anyarray	0
array_larger	anyarray,anyarray	0	0	anyarray	0
array_le	anyarray,anyarray	0	0	bool	0
array_length	anyarray,int4	0	0	int4	0
array_lower	anyarray,int4	0	0	int4	0
array_lt	anyarray,anyarray	0	0	bool	0
array_ndims	anyarray	0	0	int4	0
array_ne	anyarray,anyarray	0	0	bool	0
array_out	anyarray	0	0	cstring	0
array_position	anycompatiblearray,anycompatible	0	0	int4	0
array_position	anycompatiblearray,anycompatible,int4	0	0	int4	0
array_positions	anycompatiblearray,anycompatible	0	0	int4[]	0
array_prepend	anycompatible,anycompatiblearray	0	0	anycompatiblearray	0
array_recv	internal,oid,int4	0	0	anyarray	0
array_remove	anycompatiblearray,anycompatible	0	0	anycompatiblearray	0
array_replace	anycompatiblearray,anycompatible,anycompatible	0	0	anycompatiblearray	0
array_send	anyarray	0	0	bytea	0
array_smaller	anyarray,anyarray	0	0	anyarray	0
array_subscript_handler	internal	0	0	internal	0
array_to_json	anyarray	0	0	json	0
array_to_json	anyarray,bool	0	0	json	0
array_to_string	anyarray,text	0	0	text	0
array_to_string	anyarray,text,text	0	0	text	0
array_to_tsvector	text[]	0	0	tsvector	0
array_typanalyze	internal	0	0	bool	0
array_unnest_support	internal	0	0	internal	0
array_upper	anyarray,int4	0	0	int4	0
arraycontained	anyarray,anyarray	0	0	bool	0
arraycontains	anyarray,anyarray	0	0	bool	0
arraycontjoinsel	internal,oid,internal,int2,internal	0	0	float8	0
arraycontsel	internal,oid,internal,int4	0	0	float8	0
arrayoverlap	anyarray,anyarray	0	0	bool	0
ascii	text	0	0	int4	0
asin	float8	0	0	float8	0
asind	float8	0	0	float8	0
asinh	float8	0	0	float8	0
atan	float8	0	0	float8	0
atan2	float8,float8	0	0	float8	0
atan2d	float8,float8	0	0	float8	0
atand	float8	0	0	float8	0
atanh	float8	0	0	float8	0
avg	float4	0	0	float8	0
avg	float8	0	0	float8	0
avg	int2	0	0	numeric	0
avg	int4	0	0	numeric	0
avg	int8	0	0	numeric	0
avg	interval	0	0	interval	0
avg	numeric	0	0	numeric	0
bernoulli	internal	0	0	tsm_handler	0
big5_to_euc_tw	int4,int4,cstring,internal,int4,bool	0	0	int4	0
big5_to_mic	int4,int4,cstring,internal,int4,bool	0	0	int4	0
big5_to_utf8	int4,int4,cstring,internal,int4,bool	0	0	int4	0
binary_upgrade_create_empty_extension	text,text,bool,text,oid[],text[],text[]	0	0	void	0
binary_upgrade_set_missing_value	oid,text,text	0	0	void	0
binary_upgrade_set_next_array_pg_type_oid	oid	0	0	void	0
binary_upgrade_set_next_heap_pg_class_oid	oid	0	0	void	0
binary_upgrade_set_next_heap_relfilenode	oid	0	0	void	0
binary_upgrade_set_next_index_pg_class_oid	oid	0	0	void	0
binary_upgrade_set_next_index_relfilenode	oid	0	0	void	0
binary_upgrade_set_next_multirange_array_pg_type_oid	oid	0	0	void	0
binary_upgrade_set_next_multirange_pg_type_oid	oid	0	0	void	0
binary_upgrade_set_next_pg_authid_oid	oid	0	0	void	0
binary_upgrade_set_next_pg_enum_oid	oid	0	0	void	0
binary_upgrade_set_next_pg_tablespace_oid	oid	0	0	void	0
binary_upgrade_set_next_pg_type_oid	oid	0	0	void	0
binary_upgrade_set_next_toast_pg_class_oid	oid	0	0	void	0
binary_upgrade_set_next_toast_relfilenode	oid	0	0	void	0
binary_upgrade_set_record_init_privs	bool	0	0	void	0
bit	bit,int4,bool	0	0	bit	0
bit	int4,int4	0	0	bit	0
bit	int8,int4	0	0	bit	0
bit_and	bit	0	0	bit	0
bit_and	int2	0	0	int2	0
bit_and	int4	0	0	int4	0
bit_and	int8	0	0	int8	0
bit_count	bit	0	0	int8	0
bit_count	bytea	0	0	int8	0
bit_in	cstring,oid,int4	0	0	bit	0
bit_length	bit	0	0	int4	0
bit_length	bytea	0	0	int4	0
bit_length	text	0	0	int4	0
bit_or	bit	0	0	bit	0
bit_or	int2	0	0	int2	0
bit_or	int4	0	0	int4	0
bit_or	int8	0	0	int8	0
bit_out	bit	0	0	cstring	0
bit_recv	internal,oid,int4	0	0	bit	0
bit_send	bit	0	0	bytea	0
bit_xor	bit	0	0	bit	0
bit_xor	int2	0	0	int2	0
bit_xor	int4	0	0	int4	0
bit_xor	int8	0	0	int8	0
bitand	bit,bit	0	0	bit	0
bitcat	varbit,varbit	0	0	varbit	0
bitcmp	bit,bit	0	0	int4	0
biteq	bit,bit	0	0	bool	0
bitge	bit,bit	0	0	bool	0
bitgt	bit,bit	0	0	bool	0
bitle	bit,bit	0	0	bool	0
bitlt	bit,bit	0	0	bool	0
bitne	bit,bit	0	0	bool	0
bitnot	bit	0	0	bit	0
bitor	bit,bit	0	0	bit	0
bitshiftleft	bit,int4	0	0	bit	0
bitshiftright	bit,int4	0	0	bit	0
bittypmodin	cstring[]	0	0	int4	0
bittypmodout	int4	0	0	cstring	0
bitxor	bit,bit	0	0	bit	0
bool	int4	0	0	bool	0
bool	jsonb	0	0	bool	0
bool_accum	internal,bool	0	0	internal	0
bool_accum_inv	internal,bool	0	0	internal	0
bool_alltrue	internal	0	0	bool	0
bool_and	bool	0	0	bool	0
bool_anytrue	internal	0	0	bool	0
bool_or	bool	0	0	bool	0
booland_statefunc	bool,bool	0	0	bool	0
booleq	bool,bool	0	0	bool	0
boolge	bool,bool	0	0	bool	0
boolgt	bool,bool	0	0	bool	0
boolin	cstring	0	0	bool	0
boolle	bool,bool	0	0	bool	0
boollt	bool,bool	0	0	bool	0
boolne	bool,bool	0	0	bool	0
boolor_statefunc	bool,bool	0	0	bool	0
boolout	bool	0	0	cstring	0
boolrecv	internal	0	0	bool	0
boolsend	bool	0	0	bytea	0
bound_box	box,box	0	0	box	0
box	circle	0	0	box	0
box	point	0	0	box	0
box	point,point	0	0	box	0
box	polygon	0	0	box	0
box_above	box,box	0	0	bool	0
box_above_eq	box,box	0	0	bool	0
box_add	box,point	0	0	box	0
box_below	box,box	0	0	bool	0
box_below_eq	box,box	0	0	bool	0
box_center	box	0	0	point	0
box_contain	box,box	0	0	bool	0
box_contain_pt	box,point	0	0	bool	0
box_contained	box,box	0	0	bool	0
box_distance	box,box	0	0	float8	0
box_div	box,point	0	0	box	0
box_eq	box,box	0	0	bool	0
box_ge	box,box	0	0	bool	0
box_gt	box,box	0	0	bool	0
box_in	cstring	0	0	box	0
box_intersect	box,box	0	0	box	0
box_le	box,box	0	0	bool	0
box_left	box,box	0	0	bool	0
box_lt	box,box	0	0	bool	0
box_mul	box,point	0	0	box	0
box_out	box	0	0	cstring	0
box_overabove	box,box	0	0	bool	0
box_overbelow	box,box	0	0	bool	0
box_overlap	box,box	0	0	bool	0
box_overleft	box,box	0	0	bool	0
box_overright	box,box	0	0	bool	0
box_recv	internal	0	0	box	0
box_right	box,box	0	0	bool	0
box_same	box,box	0	0	bool	0
box_send	box	0	0	bytea	0
box_sub	box,point	0	0	box	0
bpchar	bpchar,int4,bool	0	0	bpchar	0
bpchar	char	0	0	bpchar	0
bpchar	name	0	0	bpchar	0
bpchar_larger	bpchar,bpchar	0	0	bpchar	0
bpchar_pattern_ge	bpchar,bpchar	0	0	bool	0
bpchar_pattern_gt	bpchar,bpchar	0	0	bool	0
bpchar_pattern_le	bpchar,bpchar	0	0	bool	0
bpchar_pattern_lt	bpchar,bpchar	0	0	bool	0
bpchar_smaller	bpchar,bpchar	0	0	bpchar	0
bpchar_sortsupport	internal	0	0	void	0
bpcharcmp	bpchar,bpchar	0	0	int4	0
bpchareq	bpchar,bpchar	0	0	bool	0
bpcharge	bpchar,bpchar	0	0	bool	0
bpchargt	bpchar,bpchar	0	0	bool	0
bpchariclike	bpchar,text	0	0	bool	0
bpcharicnlike	bpchar,text	0	0	bool	0
bpcharicregexeq	bpchar,text	0	0	bool	0
bpcharicregexne	bpchar,text	0	0	bool	0
bpcharin	cstring,oid,int4	0	0	bpchar	0
bpcharle	bpchar,bpchar	0	0	bool	0
bpcharlike	bpchar,text	0	0	bool	0
bpcharlt	bpchar,bpchar	0	0	bool	0
bpcharne	bpchar,bpchar	0	0	bool	0
bpcharnlike	bpchar,text	0	0	bool	0
bpcharout	bpchar	0	0	cstring	0
bpcharrecv	internal,oid,int4	0	0	bpchar	0
bpcharregexeq	bpchar,text	0	0	bool	0
bpcharregexne	bpchar,text	0	0	bool	0
bpcharsend	bpchar	0	0	bytea	0
bpchartypmodin	cstring[]	0	0	int4	0
bpchartypmodout	int4	0	0	cstring	0
brin_bloom_add_value	internal,internal,internal,internal	0	0	bool	0
brin_bloom_consistent	internal,internal,internal,int4	0	0	bool	0
brin_bloom_opcinfo	internal	0	0	internal	0
brin_bloom_options	internal	0	0	void	0
brin_bloom_summary_in	cstring	0	0	pg_brin_bloom_summary	0
brin_bloom_summary_out	pg_brin_bloom_summary	0	0	cstring	0
brin_bloom_summary_recv	internal	0	0	pg_brin_bloom_summary	0
brin_bloom_summary_send	pg_brin_bloom_summary	0	0	bytea	0
brin_bloom_union	internal,internal,internal	0	0	bool	0
brin_desummarize_range	regclass,int8	0	0	void	0
brin_inclusion_add_value	internal,internal,internal,internal	0	0	bool	0
brin_inclusion_consistent	internal,internal,internal	0	0	bool	0
brin_inclusion_opcinfo	internal	0	0	internal	0
brin_inclusion_union	internal,internal,internal	0	0	bool	0
brin_minmax_add_value	internal,internal,internal,internal	0	0	bool	0
brin_minmax_consistent	internal,internal,internal	0	0	bool	0
brin_minmax_multi_add_value	internal,internal,internal,internal	0	0	bool	0
brin_minmax_multi_consistent	internal,internal,internal,int4	0	0	bool	0
brin_minmax_multi_distance_date	internal,internal	0	0	float8	0
brin_minmax_multi_distance_float4	internal,internal	0	0	float8	0
brin_minmax_multi_distance_float8	internal,internal	0	0	float8	0
brin_minmax_multi_distance_inet	internal,internal	0	0	float8	0
brin_minmax_multi_distance_int2	internal,internal	0	0	float8	0
brin_minmax_multi_distance_int4	internal,internal	0	0	float8	0
brin_minmax_multi_distance_int8	internal,internal	0	0	float8	0
brin_minmax_multi_distance_interval	internal,internal	0	0	float8	0
brin_minmax_multi_distance_macaddr	internal,internal	0	0	float8	0
brin_minmax_multi_distance_macaddr8	internal,internal	0	0	float8	0
brin_minmax_multi_distance_numeric	internal,internal	0	0	float8	0
brin_minmax_multi_distance_pg_lsn	internal,internal	0	0	float8	0
brin_minmax_multi_distance_tid	internal,internal	0	0	float8	0
brin_minmax_multi_distance_time	internal,internal	0	0	float8	0
brin_minmax_multi_distance_timestamp	internal,internal	0	0	float8	0
brin_minmax_multi_distance_timetz	internal,internal	0	0	float8	0
brin_minmax_multi_distance_uuid	internal,internal	0	0	float8	0
brin_minmax_multi_opcinfo	internal	0	0	internal	0
brin_minmax_multi_options	internal	0	0	void	0
brin_minmax_multi_summary_in	cstring	0	0	pg_brin_minmax_multi_summary	0
brin_minmax_multi_summary_out	pg_brin_minmax_multi_summary	0	0	cstring	0
brin_minmax_multi_summary_recv	internal	0	0	pg_brin_minmax_multi_summary	0
brin_minmax_multi_summary_send	pg_brin_minmax_multi_summary	0	0	bytea	0
brin_minmax_multi_union	internal,internal,internal	0	0	bool	0
brin_minmax_opcinfo	internal	0	0	internal	0
brin_minmax_union	internal,internal,internal	0	0	bool	0
brin_summarize_new_values	regclass	0	0	int4	0
brin_summarize_range	regclass,int8	0	0	int4	0
brinhandler	internal	0	0	index_am_handler	0
broadcast	inet	0	0	inet	0
btarraycmp	anyarray,anyarray	0	0	int4	0
btboolcmp	bool,bool	0	0	int4	0
btbpchar_pattern_cmp	bpchar,bpchar	0	0	int4	0
btbpchar_pattern_sortsupport	internal	0	0	void	0
btcharcmp	char,char	0	0	int4	0
btequalimage	oid	0	0	bool	0
btfloat48cmp	float4,float8	0	0	int4	0
btfloat4cmp	float4,float4	0	0	int4	0
btfloat4sortsupport	internal	0	0	void	0
btfloat84cmp	float8,float4	0	0	int4	0
btfloat8cmp	float8,float8	0	0	int4	0
btfloat8sortsupport	internal	0	0	void	0
bthandler	internal	0	0	index_am_handler	0
btint24cmp	int2,int4	0	0	int4	0
btint28cmp	int2,int8	0	0	int4	0
btint2cmp	int2,int2	0	0	int4	0
btint2sortsupport	internal	0	0	void	0
btint42cmp	int4,int2	0	0	int4	0
btint48cmp	int4,int8	0	0	int4	0
btint4cmp	int4,int4	0	0	int4	0
btint4sortsupport	internal	0	0	void	0
btint82cmp	int8,int2	0	0	int4	0
btint84cmp	int8,int4	0	0	int4	0
btint8cmp	int8,int8	0	0	int4	0
btint8sortsupport	internal	0	0	void	0
btnamecmp	name,name	0	0	int4	0
btnamesortsupport	internal	0	0	void	0
btnametextcmp	name,text	0	0	int4	0
btoidcmp	oid,oid	0	0	int4	0
btoidsortsupport	internal	0	0	void	0
btoidvectorcmp	oid[],oid[]	0	0	int4	0
btrecordcmp	record,record	0	0	int4	0
btrecordimagecmp	record,record	0	0	int4	0
btrim	bytea,bytea	0	0	bytea	0
btrim	text	0	0	text	0
btrim	text,text	0	0	text	0
bttext_pattern_cmp	text,text	0	0	int4	0
bttext_pattern_sortsupport	internal	0	0	void	0
bttextcmp	text,text	0	0	int4	0
bttextnamecmp	text,name	0	0	int4	0
bttextsortsupport	internal	0	0	void	0
bttidcmp	tid,tid	0	0	int4	0
btvarstrequalimage	oid	0	0	bool	0
bytea_sortsupport	internal	0	0	void	0
bytea_string_agg_finalfn	internal	0	0	bytea	0
bytea_string_agg_transfn	internal,bytea,bytea	0	0	internal	0
byteacat	bytea,bytea	0	0	bytea	0
byteacmp	bytea,bytea	0	0	int4	0
byteaeq	bytea,bytea	0	0	bool	0
byteage	bytea,bytea	0	0	bool	0
byteagt	bytea,bytea	0	0	bool	0
byteain	cstring	0	0	bytea	0
byteale	bytea,bytea	0	0	bool	0
bytealike	bytea,bytea	0	0	bool	0
bytealt	bytea,bytea	0	0	bool	0
byteane	bytea,bytea	0	0	bool	0
byteanlike	bytea,bytea	0	0	bool	0
byteaout	bytea	0	0	cstring	0
bytearecv	internal	0	0	bytea	0
byteasend	bytea	0	0	bytea	0
cardinality	anyarray	0	0	int4	0
cash_cmp	money,money	0	0	int4	0
cash_div_cash	money,money	0	0	float8	0
cash_div_flt4	money,float4	0	0	money	0
cash_div_flt8	money,float8	0	0	money	0
cash_div_int2	money,int2	0	0	money	0
cash_div_int4	money,int4	0	0	money	0
cash_div_int8	money,int8	0	0	money	0
cash_eq	money,money	0	0	bool	0
cash_ge	money,money	0	0	bool	0
cash_gt	money,money	0	0	bool	0
cash_in	cstring	0	0	money	0
cash_le	money,money	0	0	bool	0
cash_lt	money,money	0	0	bool	0
cash_mi	money,money	0	0	money	0
cash_mul_flt4	money,float4	0	0	money	0
cash_mul_flt8	money,float8	0	0	money	0
cash_mul_int2	money,int2	0	0	money	0
cash_mul_int4	money,int4	0	0	money	0
cash_mul_int8	money,int8	0	0	money	0
cash_ne	money,money	0	0	bool	0
cash_out	money	0	0	cstring	0
cash_pl	money,money	0	0	money	0
cash_recv	internal	0	0	money	0
cash_send	money	0	0	bytea	0
cash_words	money	0	0	text	0
cashlarger	money,money	0	0	money	0
cashsmaller	money,money	0	0	money	0
cbrt	float8	0	0	float8	0
ceil	float8	0	0	float8	0
ceil	numeric	0	0	numeric	0
ceiling	float8	0	0	float8	0
ceiling	numeric	0	0	numeric	0
center	box	0	0	point	0
center	circle	0	0	point	0
char	int4	0	0	char	0
char	text	0	0	char	0
char_length	bpchar	0	0	int4	0
char_length	text	0	0	int4	0
character_length	bpchar	0	0	int4	0
character_length	text	0	0	int4	0
chareq	char,char	0	0	bool	0
charge	char,char	0	0	bool	0
chargt	char,char	0	0	bool	0
charin	cstring	0	0	char	0
charle	char,char	0	0	bool	0
charlt	char,char	0	0	bool	0
charne	char,char	0	0	bool	0
charout	char	0	0	cstring	0
charrecv	internal	0	0	char	0
charsend	char	0	0	bytea	0
chr	int4	0	0	text	0
cideq	cid,cid	0	0	bool	0
cidin	cstring	0	0	cid	0
cidout	cid	0	0	cstring	0
cidr	inet	0	0	cidr	0
cidr_in	cstring	0	0	cidr	0
cidr_out	cidr	0	0	cstring	0
cidr_recv	internal	0	0	cidr	0
cidr_send	cidr	0	0	bytea	0
cidrecv	internal	0	0	cid	0
cidsend	cid	0	0	bytea	0
circle	box	0	0	circle	0
circle	point,float8	0	0	circle	0
circle	polygon	0	0	circle	0
circle_above	circle,circle	0	0	bool	0
circle_add_pt	circle,point	0	0	circle	0
circle_below	circle,circle	0	0	bool	0
circle_center	circle	0	0	point	0
circle_contain	circle,circle	0	0	bool	0
circle_contain_pt	circle,point	0	0	bool	0
circle_contained	circle,circle	0	0	bool	0
circle_distance	circle,circle	0	0	float8	0
circle_div_pt	circle,point	0	0	circle	0
circle_eq	circle,circle	0	0	bool	0
circle_ge	circle,circle	0	0	bool	0
circle_gt	circle,circle	0	0	bool	0
circle_in	cstring	0	0	circle	0
circle_le	circle,circle	0	0	bool	0
circle_left	circle,circle	0	0	bool	0
circle_lt	circle,circle	0	0	bool	0
circle_mul_pt	circle,point	0	0	circle	0
circle_ne	circle,circle	0	0	bool	0
circle_out	circle	0	0	cstring	0
circle_overabove	circle,circle	0	0	bool	0
circle_overbelow	circle,circle	0	0	bool	0
circle_overlap	circle,circle	0	0	bool	0
circle_overleft	circle,circle	0	0	bool	0
circle_overright	circle,circle	0	0	bool	0
circle_recv	internal	0	0	circle	0
circle_right	circle,circle	0	0	bool	0
circle_same	circle,circle	0	0	bool	0
circle_send	circle	0	0	bytea	0
circle_sub_pt	circle,point	0	0	circle	0
clock_timestamp		0	0	timestamptz	0
close_ls	line,lseg	0	0	point	0
close_lseg	lseg,lseg	0	0	point	0
close_pb	point,box	0	0	point	0
close_pl	point,line	0	0	point	0
close_ps	point,lseg	0	0	point	0
close_sb	lseg,box	0	0	point	0
col_description	oid,int4	0	0	text	0
concat	any	1	0	text	0
concat_ws	text,any	1	0	text	0
contjoinsel	internal,oid,internal,int2,internal	0	0	float8	0
contsel	internal,oid,internal,int4	0	0	float8	0
convert	bytea,name,name	0	0	bytea	0
convert_from	bytea,name	0	0	text	0
convert_to	text,name	0	0	bytea	0
corr	float8,float8	0	0	float8	0
cos	float8	0	0	float8	0
cosd	float8	0	0	float8	0
cosh	float8	0	0	float8	0
cot	float8	0	0	float8	0
cotd	float8	0	0	float8	0
count		0	0	int8	0
count	any	0	0	int8	0
covar_pop	float8,float8	0	0	float8	0
covar_samp	float8,float8	0	0	float8	0
cstring_in	cstring	0	0	cstring	0
cstring_out	cstring	0	0	cstring	0
cstring_recv	internal	0	0	cstring	0
cstring_send	cstring	0	0	bytea	0
cume_dist		0	0	float8	0
cume_dist	any	1	0	float8	0
cume_dist_final	internal,any	1	0	float8	0
current_database		0	0	name	0
current_query		0	0	text	0
current_schema		0	0	name	0
current_schemas	bool	0	0	name[]	0
current_setting	text	0	0	text	0
current_setting	text,bool	0	0	text	0
current_user		0	0	name	0
currtid2	text,tid	0	0	tid	0
currval	regclass	0	0	int8	0
cursor_to_xml	refcursor,int4,bool,bool,text	0	0	xml	0
cursor_to_xmlschema	refcursor,bool,bool,text	0	0	xml	0
database_to_xml	bool,bool,text	0	0	xml	0
database_to_xml_and_xmlschema	bool,bool,text	0	0	xml	0
database_to_xmlschema	bool,bool,text	0	0	xml	0
date	timestamp	0	0	date	0
date	timestamptz	0	0	date	0
date_bin	interval,timestamp,timestamp	0	0	timestamp	0
date_bin	interval,timestamptz,timestamptz	0	0	timestamptz	0
date_cmp	date,date	0	0	int4	0
date_cmp_timestamp	date,timestamp	0	0	int4	0
date_cmp_timestamptz	date,timestamptz	0	0	int4	0
date_eq	date,date	0	0	bool	0
date_eq_timestamp	date,timestamp	0	0	bool	0
date_eq_timestamptz	date,timestamptz	0	0	bool	0
date_ge	date,date	0	0	bool	0
date_ge_timestamp	date,timestamp	0	0	bool	0
date_ge_timestamptz	date,timestamptz	0	0	bool	0
date_gt	date,date	0	0	bool	0
date_gt_timestamp	date,timestamp	0	0	bool	0
date_gt_timestamptz	date,timestamptz	0	0	bool	0
date_in	cstring	0	0	date	0
date_larger	date,date	0	0	date	0
date_le	date,date	0	0	bool	0
date_le_timestamp	date,timestamp	0	0	bool	0
date_le_timestamptz	date,timestamptz	0	0	bool	0
date_lt	date,date	0	0	bool	0
date_lt_timestamp	date,timestamp	0	0	bool	0
date_lt_timestamptz	date,timestamptz	0	0	bool	0
date_mi	date,date	0	0	int4	0
date_mi_interval	date,interval	0	0	timestamp	0
date_mii	date,int4	0	0	date	0
date_ne	date,date	0	0	bool	0
date_ne_timestamp	date,timestamp	0	0	bool	0
date_ne_timestamptz	date,timestamptz	0	0	bool	0
date_out	date	0	0	cstring	0
date_part	text,date	0	0	float8	0
date_part	text,interval	0	0	float8	0
date_part	text,time	0	0	float8	0
date_part	text,timestamp	0	0	float8	0
date_part	text,timestamptz	0	0	float8	0
date_part	text,timetz	0	0	float8	0
date_pl_interval	date,interval	0	0	timestamp	0
date_pli	date,int4	0	0	date	0
date_recv	internal	0	0	date	0
date_send	date	0	0	bytea	0
date_smaller	date,date	0	0	date	0
date_sortsupport	internal	0	0	void	0
date_trunc	text,interval	0	0	interval	0
date_trunc	text,timestamp	0	0	timestamp	0
date_trunc	text,timestamptz	0	0	timestamptz	0
date_trunc	text,timestamptz,text	0	0	timestamptz	0
datemultirange		0	0	datemultirange	0
datemultirange	daterange	0	0	datemultirange	0
datemultirange	daterange[]	1	0	datemultirange	0
daterange	date,date	0	0	daterange	0
daterange	date,date,text	0	0	daterange	0
daterange_canonical	daterange	0	0	daterange	0
daterange_subdiff	date,date	0	0	float8	0
datetime_pl	date,time	0	0	timestamp	0
datetimetz_pl	date,timetz	0	0	timestamptz	0
dcbrt	float8	0	0	float8	0
decode	text,text	0	0	bytea	0
degrees	float8	0	0	float8	0
dense_rank		0	0	int8	0
dense_rank	any	1	0	int8	0
dense_rank_final	internal,any	1	0	int8	0
dexp	float8	0	0	float8	0
diagonal	box	0	0	lseg	0
diameter	circle	0	0	float8	0
dispell_init	internal	0	0	internal	0
dispell_lexize	internal,internal,internal,internal	0	0	internal	0
dist_bp	box,point	0	0	float8	0
dist_bs	box,lseg	0	0	float8	0
dist_cpoint	circle,point	0	0	float8	0
dist_cpoly	circle,polygon	0	0	float8	0
dist_lp	line,point	0	0	float8	0
dist_ls	line,lseg	0	0	float8	0
dist_pathp	path,point	0	0	float8	0
dist_pb	point,box	0	0	float8	0
dist_pc	point,circle	0	0	float8	0
dist_pl	point,line	0	0	float8	0
dist_polyc	polygon,circle	0	0	float8	0
dist_polyp	polygon,point	0	0	float8	0
dist_ppath	point,path	0	0	float8	0
dist_ppoly	point,polygon	0	0	float8	0
dist_ps	point,lseg	0	0	float8	0
dist_sb	lseg,box	0	0	float8	0
dist_sl	lseg,line	0	0	float8	0
dist_sp	lseg,point	0	0	float8	0
div	numeric,numeric	0	0	numeric	0
dlog1	float8	0	0	float8	0
dlog10	float8	0	0	float8	0
domain_in	cstring,oid,int4	0	0	any	0
domain_recv	internal,oid,int4	0	0	any	0
dpow	float8,float8	0	0	float8	0
dround	float8	0	0	float8	0
dsimple_init	internal	0	0	internal	0
dsimple_lexize	internal,internal,internal,internal	0	0	internal	0
dsnowball_init	internal	0	0	internal	0
dsnowball_lexize	internal,internal,internal,internal	0	0	internal	0
dsqrt	float8	0	0	float8	0
dsynonym_init	internal	0	0	internal	0
dsynonym_lexize	internal,internal,internal,internal	0	0	internal	0
dtrunc	float8	0	0	float8	0
elem_contained_by_multirange	anyelement,anymultirange	0	0	bool	0
elem_contained_by_range	anyelement,anyrange	0	0	bool	0
encode	bytea,text	0	0	text	0
enum_cmp	anyenum,anyenum	0	0	int4	0
enum_eq	anyenum,anyenum	0	0	bool	0
enum_first	anyenum	0	0	anyenum	0
enum_ge	anyenum,anyenum	0	0	bool	0
enum_gt	anyenum,anyenum	0	0	bool	0
enum_in	cstring,oid	0	0	anyenum	0
enum_larger	anyenum,anyenum	0	0	anyenum	0
enum_last	anyenum	0	0	anyenum	0
enum_le	anyenum,anyenum	0	0	bool	0
enum_lt	anyenum,anyenum	0	0	bool	0
enum_ne	anyenum,anyenum	0	0	bool	0
enum_out	anyenum	0	0	cstring	0
enum_range	anyenum	0	0	anyarray	0
enum_range	anyenum,anyenum	0	0	anyarray	0
enum_recv	internal,oid	0	0	anyenum	0
enum_send	anyenum	0	0	bytea	0
enum_smaller	anyenum,anyenum	0	0	anyenum	0
eqjoinsel	internal,oid,internal,int2,internal	0	0	float8	0
eqsel	internal,oid,internal,int4	0	0	float8	0
euc_cn_to_mic	int4,int4,cstring,internal,int4,bool	0	0	int4	0
euc_cn_to_utf8	int4,int4,cstring,internal,int4,bool	0	0	int4	0
euc_jis_2004_to_shift_jis_2004	int4,int4,cstring,internal,int4,bool	0	0	int4	0
euc_jis_2004_to_utf8	int4,int4,cstring,internal,int4,bool	0	0	int4	0
euc_jp_to_mic	int4,int4,cstring,internal,int4,bool	0	0	int4	0
euc_jp_to_sjis	int4,int4,cstring,internal,int4,bool	0	0	int4	0
euc_jp_to_utf8	int4,int4,cstring,internal,int4,bool	0	0	int4	0
euc_kr_to_mic	int4,int4,cstring,internal,int4,bool	0	0	int4	0
euc_kr_to_utf8	int4,int4,cstring,internal,int4,bool	0	0	int4	0
euc_tw_to_big5	int4,int4,cstring,internal,int4,bool	0	0	int4	0
euc_tw_to_mic	int4,int4,cstring,internal,int4,bool	0	0	int4	0
euc_tw_to_utf8	int4,int4,cstring,internal,int4,bool	0	0	int4	0
event_trigger_in	cstring	0	0	event_trigger	0
event_trigger_out	event_trigger	0	0	cstring	0
every	bool	0	0	bool	0
exp	float8	0	0	float8	0
exp	numeric	0	0	numeric	0
extract	text,date	0	0	numeric	0
extract	text,interval	0	0	numeric	0
extract	text,time	0	0	numeric	0
extract	text,timestamp	0	0	numeric	0
extract	text,timestamptz	0	0	numeric	0
extract	text,timetz	0	0	numeric	0
factorial	int8	0	0	numeric	0
family	inet	0	0	int4	0
fdw_handler_in	cstring	0	0	fdw_handler	0
fdw_handler_out	fdw_handler	0	0	cstring	0
first_value	anyelement	0	0	anyelement	0
float4	float8	0	0	float4	0
float4	int2	0	0	float4	0
float4	int4	0	0	float4	0
float4	int8	0	0	float4	0
float4	jsonb	0	0	float4	0
float4	numeric	0	0	float4	0
float48div	float4,float8	0	0	float8	0
float48eq	float4,float8	0	0	bool	0
float48ge	float4,float8	0	0	bool	0
float48gt	float4,float8	0	0	bool	0
float48le	float4,float8	0	0	bool	0
float48lt	float4,float8	0	0	bool	0
float48mi	float4,float8	0	0	float8	0
float48mul	float4,float8	0	0	float8	0
float48ne	float4,float8	0	0	bool	0
float48pl	float4,float8	0	0	float8	0
float4_accum	float8[],float4	0	0	float8[]	0
float4abs	float4	0	0	float4	0
float4div	float4,float4	0	0	float4	0
float4eq	float4,float4	0	0	bool	0
float4ge	float4,float4	0	0	bool	0
float4gt	float4,float4	0	0	bool	0
float4in	cstring	0	0	float4	0
float4larger	float4,float4	0	0	float4	0
float4le	float4,float4	0	0	bool	0
float4lt	float4,float4	0	0	bool	0
float4mi	float4,float4	0	0	float4	0
float4mul	float4,float4	0	0	float4	0
float4ne	float4,float4	0	0	bool	0
float4out	float4	0	0	cstring	0
float4pl	float4,float4	0	0	float4	0
float4recv	internal	0	0	float4	0
float4send	float4	0	0	bytea	0
float4smaller	float4,float4	0	0	float4	0
float4um	float4	0	0	float4	0
float4up	float4	0	0	float4	0
float8	float4	0	0	float8	0
float8	int2	0	0	float8	0
float8	int4	0	0	float8	0
float8	int8	0	0	float8	0
float8	jsonb	0	0	float8	0
float8	numeric	0	0	float8	0
float84div	float8,float4	0	0	float8	0
float84eq	float8,float4	0	0	bool	0
float84ge	float8,float4	0	0	bool	0
float84gt	float8,float4	0	0	bool	0
float84le	float8,float4	0	0	bool	0
float84lt	float8,float4	0	0	bool	0
float84mi	float8,float4	0	0	float8	0
float84mul	float8,float4	0	0	float8	0
float84ne	float8,float4	0	0	bool	0
float84pl	float8,float4	0	0	float8	0
float8_accum	float8[],float8	0	0	float8[]	0
float8_avg	float8[]	0	0	float8	0
float8_combine	float8[],float8[]	0	0	float8[]	0
float8_corr	float8[]	0	0	float8	0
float8_covar_pop	float8[]	0	0	float8	0
float8_covar_samp	float8[]	0	0	float8	0
float8_regr_accum	float8[],float8,float8	0	0	float8[]	0
float8_regr_avgx	float8[]	0	0	float8	0
float8_regr_avgy	float8[]	0	0	float8	0
float8_regr_combine	float8[],float8[]	0	0	float8[]	0
float8_regr_intercept	float8[]	0	0	float8	0
float8_regr_r2	float8[]	0	0	float8	0
float8_regr_slope	float8[]	0	0	float8	0
float8_regr_sxx	float8[]	0	0	float8	0
float8_regr_sxy	float8[]	0	0	float8	0
float8_regr_syy	float8[]	0	0	float8	0
float8_stddev_pop	float8[]	0	0	float8	0
float8_stddev_samp	float8[]	0	0	float8	0
float8_var_pop	float8[]	0	0	float8	0
float8_var_samp	float8[]	0	0	float8	0
float8abs	float8	0	0	float8	0
float8div	float8,float8	0	0	float8	0
float8eq	float8,float8	0	0	bool	0
float8ge	float8,float8	0	0	bool	0
float8gt	float8,float8	0	0	bool	0
float8in	cstring	0	0	float8	0
float8larger	float8,float8	0	0	float8	0
float8le	float8,float8	0	0	bool	0
float8lt	float8,float8	0	0	bool	0
float8mi	float8,float8	0	0	float8	0
float8mul	float8,float8	0	0	float8	0
float8ne	float8,float8	0	0	bool	0
float8out	float8	0	0	cstring	0
float8pl	float8,float8	0	0	float8	0
float8recv	internal	0	0	float8	0
float8send	float8	0	0	bytea	0
float8smaller	float8,float8	0	0	float8	0
float8um	float8	0	0	float8	0
float8up	float8	0	0	float8	0
floor	float8	0	0	float8	0
floor	numeric	0	0	numeric	0
flt4_mul_cash	float4,money	0	0	money	0
flt8_mul_cash	float8,money	0	0	money	0
fmgr_c_validator	oid	0	0	void	0
fmgr_internal_validator	oid	0	0	void	0
fmgr_sql_validator	oid	0	0	void	0
format	text	0	0	text	0
format	text,any	1	0	text	0
format_type	oid,int4	0	0	text	0
gb18030_to_utf8	int4,int4,cstring,internal,int4,bool	0	0	int4	0
gbk_to_utf8	int4,int4,cstring,internal,int4,bool	0	0	int4	0
gcd	int4,int4	0	0	int4	0
gcd	int8,int8	0	0	int8	0
gcd	numeric,numeric	0	0	numeric	0
gen_random_uuid		0	0	uuid	0
generate_series	int4,int4	0	0	int4	1
generate_series	int4,int4,int4	0	0	int4	1
generate_series	int8,int8	0	0	int8	1
generate_series	int8,int8,int8	0	0	int8	1
generate_series	numeric,numeric	0	0	numeric	1
generate_series	numeric,numeric,numeric	0	0	numeric	1
generate_series	timestamp,timestamp,interval	0	0	timestamp	1
generate_series	timestamptz,timestamptz,interval	0	0	timestamptz	1
generate_series_int4_support	internal	0	0	internal	0
generate_series_int8_support	internal	0	0	internal	0
generate_subscripts	anyarray,int4	0	0	int4	1
generate_subscripts	anyarray,int4,bool	0	0	int4	1
get_bit	bit,int4	0	0	int4	0
get_bit	bytea,int8	0	0	int4	0
get_byte	bytea,int4	0	0	int4	0
get_current_ts_config		0	0	regconfig	0
getdatabaseencoding		0	0	name	0
getpgusername		0	0	name	0
gin_clean_pending_list	regclass	0	0	int8	0
gin_cmp_prefix	text,text,int2,internal	0	0	int4	0
gin_cmp_tslexeme	text,text	0	0	int4	0
gin_compare_jsonb	text,text	0	0	int4	0
gin_consistent_jsonb	internal,int2,jsonb,int4,internal,internal,internal,internal	0	0	bool	0
gin_consistent_jsonb_path	internal,int2,jsonb,int4,internal,internal,internal,internal	0	0	bool	0
gin_extract_jsonb	jsonb,internal,internal	0	0	internal	0
gin_extract_jsonb_path	jsonb,internal,internal	0	0	internal	0
gin_extract_jsonb_query	jsonb,internal,int2,internal,internal,internal,internal	0	0	internal	0
gin_extract_jsonb_query_path	jsonb,internal,int2,internal,internal,internal,internal	0	0	internal	0
gin_extract_tsquery	tsquery,internal,int2,internal,internal	0	0	internal	0
gin_extract_tsquery	tsquery,internal,int2,internal,internal,internal,internal	0	0	internal	0
gin_extract_tsquery	tsvector,internal,int2,internal,internal,internal,internal	0	0	internal	0
gin_extract_tsvector	tsvector,internal	0	0	internal	0
gin_extract_tsvector	tsvector,internal,internal	0	0	internal	0
gin_triconsistent_jsonb	internal,int2,jsonb,int4,internal,internal,internal	0	0	char	0
gin_triconsistent_jsonb_path	internal,int2,jsonb,int4,internal,internal,internal	0	0	char	0
gin_tsquery_consistent	internal,int2,tsquery,int4,internal,internal	0	0	bool	0
gin_tsquery_consistent	internal,int2,tsquery,int4,internal,internal,internal,internal	0	0	bool	0
gin_tsquery_consistent	internal,int2,tsvector,int4,internal,internal,internal,internal	0	0	bool	0
gin_tsquery_triconsistent	internal,int2,tsvector,int4,internal,internal,internal	0	0	char	0
ginarrayconsistent	internal,int2,anyarray,int4,internal,internal,internal,internal	0	0	bool	0
ginarrayextract	anyarray,internal	0	0	internal	0
ginarrayextract	anyarray,internal,internal	0	0	internal	0
ginarraytriconsistent	internal,int2,anyarray,int4,internal,internal,internal	0	0	char	0
ginhandler	internal	0	0	index_am_handler	0
ginqueryarrayextract	anyarray,internal,int2,internal,internal,internal,internal	0	0	internal	0
gist_box_consistent	internal,box,int2,oid,internal	0	0	bool	0
gist_box_distance	internal,box,int2,oid,internal	0	0	float8	0
gist_box_penalty	internal,internal,internal	0	0	internal	0
gist_box_picksplit	internal,internal	0	0	internal	0
gist_box_same	box,box,internal	0	0	internal	0
gist_box_union	internal,internal	0	0	box	0
gist_circle_compress	internal	0	0	internal	0
gist_circle_consistent	internal,circle,int2,oid,internal	0	0	bool	0
gist_circle_distance	internal,circle,int2,oid,internal	0	0	float8	0
gist_point_compress	internal	0	0	internal	0
gist_point_consistent	internal,point,int2,oid,internal	0	0	bool	0
gist_point_distance	internal,point,int2,oid,internal	0	0	float8	0
gist_point_fetch	internal	0	0	internal	0
gist_point_sortsupport	internal	0	0	void	0
gist_poly_compress	internal	0	0	internal	0
gist_poly_consistent	internal,polygon,int2,oid,internal	0	0	bool	0
gist_poly_distance	internal,polygon,int2,oid,internal	0	0	float8	0
gisthandler	internal	0	0	index_am_handler	0
gtsquery_compress	internal	0	0	internal	0
gtsquery_consistent	internal,internal,int4,oid,internal	0	0	bool	0
gtsquery_consistent	internal,tsquery,int2,oid,internal	0	0	bool	0
gtsquery_penalty	internal,internal,internal	0	0	internal	0
gtsquery_picksplit	internal,internal	0	0	internal	0
gtsquery_same	int8,int8,internal	0	0	internal	0
gtsquery_union	internal,internal	0	0	int8	0
gtsvector_compress	internal	0	0	internal	0
gtsvector_consistent	internal,gtsvector,int4,oid,internal	0	0	bool	0
gtsvector_consistent	internal,tsvector,int2,oid,internal	0	0	bool	0
gtsvector_decompress	internal	0	0	internal	0
gtsvector_options	internal	0	0	void	0
gtsvector_penalty	internal,internal,internal	0	0	internal	0
gtsvector_picksplit	internal,internal	0	0	internal	0
gtsvector_same	gtsvector,gtsvector,internal	0	0	internal	0
gtsvector_union	internal,internal	0	0	gtsvector	0
gtsvectorin	cstring	0	0	gtsvector	0
gtsvectorout	gtsvector	0	0	cstring	0
has_any_column_privilege	name,oid,text	0	0	bool	0
has_any_column_privilege	name,text,text	0	0	bool	0
has_any_column_privilege	oid,oid,text	0	0	bool	0
has_any_column_privilege	oid,text	0	0	bool	0
has_any_column_privilege	oid,text,text	0	0	bool	0
has_any_column_privilege	text,text	0	0	bool	0
has_column_privilege	name,oid,int2,text	0	0	bool	0
has_column_privilege	name,oid,text,text	0	0	bool	0
has_column_privilege	name,text,int2,text	0	0	bool	0
has_column_privilege	name,text,text,text	0	0	bool	0
has_column_privilege	oid,int2,text	0	0	bool	0
has_column_privilege	oid,oid,int2,text	0	0	bool	0
has_column_privilege	oid,oid,text,text	0	0	bool	0
has_column_privilege	oid,text,int2,text	0	0	bool	0
has_column_privilege	oid,text,text	0	0	bool	0
has_column_privilege	oid,text,text,text	0	0	bool	0
has_column_privilege	text,int2,text	0	0	bool	0
has_column_privilege	text,text,text	0	0	bool	0
has_database_privilege	name,oid,text	0	0	bool	0
has_database_privilege	name,text,text	0	0	bool	0
has_database_privilege	oid,oid,text	0	0	bool	0
has_database_privilege	oid,text	0	0	bool	0
has_database_privilege	oid,text,text	0	0	bool	0
has_database_privilege	text,text	0	0	bool	0
has_foreign_data_wrapper_privilege	name,oid,text	0	0	bool	0
has_foreign_data_wrapper_privilege	name,text,text	0	0	bool	0
has_foreign_data_wrapper_privilege	oid,oid,text	0	0	bool	0
has_foreign_data_wrapper_privilege	oid,text	0	0	bool	0
has_foreign_data_wrapper_privilege	oid,text,text	0	0	bool	0
has_foreign_data_wrapper_privilege	text,text	0	0	bool	0
has_function_privilege	name,oid,text	0	0	bool	0
has_function_privilege	name,text,text	0	0	bool	0
has_function_privilege	oid,oid,text	0	0	bool	0
has_function_privilege	oid,text	0	0	bool	0
has_function_privilege	oid,text,text	0	0	bool	0
has_function_privilege	text,text	0	0	bool	0
has_language_privilege	name,oid,text	0	0	bool	0
has_language_privilege	name,text,text	0	0	bool	0
has_language_privilege	oid,oid,text	0	0	bool	0
has_language_privilege	oid,text	0	0	bool	0
has_language_privilege	oid,text,text	0	0	bool	0
has_language_privilege	text,text	0	0	bool	0
has_parameter_privilege	name,text,text	0	0	bool	0
has_parameter_privilege	oid,text,text	0	0	bool	0
has_parameter_privilege	text,text	0	0	bool	0
has_schema_privilege	name,oid,text	0	0	bool	0
has_schema_privilege	name,text,text	0	0	bool	0
has_schema_privilege	oid,oid,text	0	0	bool	0
has_schema_privilege	oid,text	0	0	bool	0
has_schema_privilege	oid,text,text	0	0	bool	0
has_schema_privilege	text,text	0	0	bool	0
has_sequence_privilege	name,oid,text	0	0	bool	0
has_sequence_privilege	name,text,text	0	0	bool	0
has_sequence_privilege	oid,oid,text	0	0	bool	0
has_sequence_privilege	oid,text	0	0	bool	0
has_sequence_privilege	oid,text,text	0	0	bool	0
has_sequence_privilege	text,text	0	0	bool	0
has_server_privilege	name,oid,text	0	0	bool	0
has_server_privilege	name,text,text	0	0	bool	0
has_server_privilege	oid,oid,text	0	0	bool	0
has_server_privilege	oid,text	0	0	bool	0
has_server_privilege	oid,text,text	0	0	bool	0
has_server_privilege	text,text	0	0	bool	0
has_table_privilege	name,oid,text	0	0	bool	0
has_table_privilege	name,text,text	0	0	bool	0
has_table_privilege	oid,oid,text	0	0	bool	0
has_table_privilege	oid,text	0	0	bool	0
has_table_privilege	oid,text,text	0	0	bool	0
has_table_privilege	text,text	0	0	bool	0
has_tablespace_privilege	name,oid,text	0	0	bool	0
has_tablespace_privilege	name,text,text	0	0	bool	0
has_tablespace_privilege	oid,oid,text	0	0	bool	0
has_tablespace_privilege	oid,text	0	0	bool	0
has_tablespace_privilege	oid,text,text	0	0	bool	0
has_tablespace_privilege	text,text	0	0	bool	0
has_type_privilege	name,oid,text	0	0	bool	0
has_type_privilege	name,text,text	0	0	bool	0
has_type_privilege	oid,oid,text	0	0	bool	0
has_type_privilege	oid,text	0	0	bool	0
has_type_privilege	oid,text,text	0	0	bool	0
has_type_privilege	text,text	0	0	bool	0
hash_aclitem	aclitem	0	0	int4	0
hash_aclitem_extended	aclitem,int8	0	0	int8	0
hash_array	anyarray	0	0	int4	0
hash_array_extended	anyarray,int8	0	0	int8	0
hash_multirange	anymultirange	0	0	int4	0
hash_multirange_extended	anymultirange,int8	0	0	int8	0
hash_numeric	numeric	0	0	int4	0
hash_numeric_extended	numeric,int8	0	0	int8	0
hash_range	anyrange	0	0	int4	0
hash_range_extended	anyrange,int8	0	0	int8	0
hash_record	record	0	0	int4	0
hash_record_extended	record,int8	0	0	int8	0
hashbpchar	bpchar	0	0	int4	0
hashbpcharextended	bpchar,int8	0	0	int8	0
hashchar	char	0	0	int4	0
hashcharextended	char,int8	0	0	int8	0
hashenum	anyenum	0	0	int4	0
hashenumextended	anyenum,int8	0	0	int8	0
hashfloat4	float4	0	0	int4	0
hashfloat4extended	float4,int8	0	0	int8	0
hashfloat8	float8	0	0	int4	0
hashfloat8extended	float8,int8	0	0	int8	0
hashhandler	internal	0	0	index_am_handler	0
hashinet	inet	0	0	int4	0
hashinetextended	inet,int8	0	0	int8	0
hashint2	int2	0	0	int4	0
hashint2extended	int2,int8	0	0	int8	0
hashint4	int4	0	0	int4	0
hashint4extended	int4,int8	0	0	int8	0
hashint8	int8	0	0	int4	0
hashint8extended	int8,int8	0	0	int8	0
hashmacaddr	macaddr	0	0	int4	0
hashmacaddr8	macaddr8	0	0	int4	0
hashmacaddr8extended	macaddr8,int8	0	0	int8	0
hashmacaddrextended	macaddr,int8	0	0	int8	0
hashname	name	0	0	int4	0
hashnameextended	name,int8	0	0	int8	0
hashoid	oid	0	0	int4	0
hashoidextended	oid,int8	0	0	int8	0
hashoidvector	oid[]	0	0	int4	0
hashoidvectorextended	oid[],int8	0	0	int8	0
hashtext	text	0	0	int4	0
hashtextextended	text,int8	0	0	int8	0
hashtid	tid	0	0	int4	0
hashtidextended	tid,int8	0	0	int8	0
hashvarlena	internal	0	0	int4	0
hashvarlenaextended	internal,int8	0	0	int8	0
heap_tableam_handler	internal	0	0	table_am_handler	0
height	box	0	0	float8	0
host	inet	0	0	text	0
hostmask	inet	0	0	inet	0
iclikejoinsel	internal,oid,internal,int2,internal	0	0	float8	0
iclikesel	internal,oid,internal,int4	0	0	float8	0
icnlikejoinsel	internal,oid,internal,int2,internal	0	0	float8	0
icnlikesel	internal,oid,internal,int4	0	0	float8	0
icregexeqjoinsel	internal,oid,internal,int2,internal	0	0	float8	0
icregexeqsel	internal,oid,internal,int4	0	0	float8	0
icregexnejoinsel	internal,oid,internal,int2,internal	0	0	float8	0
icregexnesel	internal,oid,internal,int4	0	0	float8	0
in_range	date,date,interval,bool,bool	0	0	bool	0
in_range	float4,float4,float8,bool,bool	0	0	bool	0
in_range	float8,float8,float8,bool,bool	0	0	bool	0
in_range	int2,int2,int2,bool,bool	0	0	bool	0
in_range	int2,int2,int4,bool,bool	0	0	bool	0
in_range	int2,int2,int8,bool,bool	0	0	bool	0
in_range	int4,int4,int2,bool,bool	0	0	bool	0
in_range	int4,int4,int4,bool,bool	0	0	bool	0
in_range	int4,int4,int8,bool,bool	0	0	bool	0
in_range	int8,int8,int8,bool,bool	0	0	bool	0
in_range	interval,interval,interval,bool,bool	0	0	bool	0
in_range	numeric,numeric,numeric,bool,bool	0	0	bool	0
in_range	time,time,interval,bool,bool	0	0	bool	0
in_range	timestamp,timestamp,interval,bool,bool	0	0	bool	0
in_range	timestamptz,timestamptz,interval,bool,bool	0	0	bool	0
in_range	timetz,timetz,interval,bool,bool	0	0	bool	0
index_am_handler_in	cstring	0	0	index_am_handler	0
index_am_handler_out	index_am_handler	0	0	cstring	0
inet_client_addr		0	0	inet	0
inet_client_port		0	0	int4	0
inet_gist_compress	internal	0	0	internal	0
inet_gist_consistent	internal,inet,int2,oid,internal	0	0	bool	0
inet_gist_fetch	internal	0	0	internal	0
inet_gist_penalty	internal,internal,internal	0	0	internal	0
inet_gist_picksplit	internal,internal	0	0	internal	0
inet_gist_same	inet,inet,internal	0	0	internal	0
inet_gist_union	internal,internal	0	0	inet	0
inet_in	cstring	0	0	inet	0
inet_merge	inet,inet	0	0	cidr	0
inet_out	inet	0	0	cstring	0
inet_recv	internal	0	0	inet	0
inet_same_family	inet,inet	0	0	bool	0
inet_send	inet	0	0	bytea	0
inet_server_addr		0	0	inet	0
inet_server_port		0	0	int4	0
inet_spg_choose	internal,internal	0	0	void	0
inet_spg_config	internal,internal	0	0	void	0
inet_spg_inner_consistent	internal,internal	0	0	void	0
inet_spg_leaf_consistent	internal,internal	0	0	bool	0
inet_spg_picksplit	internal,internal	0	0	void	0
inetand	inet,inet	0	0	inet	0
inetmi	inet,inet	0	0	int8	0
inetmi_int8	inet,int8	0	0	inet	0
inetnot	inet	0	0	inet	0
inetor	inet,inet	0	0	inet	0
inetpl	inet,int8	0	0	inet	0
initcap	text	0	0	text	0
int2	float4	0	0	int2	0
int2	float8	0	0	int2	0
int2	int4	0	0	int2	0
int2	int8	0	0	int2	0
int2	jsonb	0	0	int2	0
int2	numeric	0	0	int2	0
int24div	int2,int4	0	0	int4	0
int24eq	int2,int4	0	0	bool	0
int24ge	int2,int4	0	0	bool	0
int24gt	int2,int4	0	0	bool	0
int24le	int2,int4	0	0	bool	0
int24lt	int2,int4	0	0	bool	0
int24mi	int2,int4	0	0	int4	0
int24mul	int2,int4	0	0	int4	0
int24ne	int2,int4	0	0	bool	0
int24pl	int2,int4	0	0	int4	0
int28div	int2,int8	0	0	int8	0
int28eq	int2,int8	0	0	bool	0
int28ge	int2,int8	0	0	bool	0
int28gt	int2,int8	0	0	bool	0
int28le	int2,int8	0	0	bool	0
int28lt	int2,int8	0	0	bool	0
int28mi	int2,int8	0	0	int8	0
int28mul	int2,int8	0	0	int8	0
int28ne	int2,int8	0	0	bool	0
int28pl	int2,int8	0	0	int8	0
int2_accum	internal,int2	0	0	internal	0
int2_accum_inv	internal,int2	0	0	internal	0
int2_avg_accum	int8[],int2	0	0	int8[]	0
int2_avg_accum_inv	int8[],int2	0	0	int8[]	0
int2_mul_cash	int2,money	0	0	money	0
int2_sum	int8,int2	0	0	int8	0
int2abs	int2	0	0	int2	0
int2and	int2,int2	0	0	int2	0
int2div	int2,int2	0	0	int2	0
int2eq	int2,int2	0	0	bool	0
int2ge	int2,int2	0	0	bool	0
int2gt	int2,int2	0	0	bool	0
int2in	cstring	0	0	int2	0
int2int4_sum	int8[]	0	0	int8	0
int2larger	int2,int2	0	0	int2	0
int2le	int2,int2	0	0	bool	0
int2lt	int2,int2	0	0	bool	0
int2mi	int2,int2	0	0	int2	0
int2mod	int2,int2	0	0	int2	0
int2mul	int2,int2	0	0	int2	0
int2ne	int2,int2	0	0	bool	0
int2not	int2	0	0	int2	0
int2or	int2,int2	0	0	int2	0
int2out	int2	0	0	cstring	0
int2pl	int2,int2	0	0	int2	0
int2recv	internal	0	0	int2	0
int2send	int2	0	0	bytea	0
int2shl	int2,int4	0	0	int2	0
int2shr	int2,int4	0	0	int2	0
int2smaller	int2,int2	0	0	int2	0
int2um	int2	0	0	int2	0
int2up	int2	0	0	int2	0
int2vectorin	cstring	0	0	int2[]	0
int2vectorout	int2[]	0	0	cstring	0
int2vectorrecv	internal	0	0	int2[]	0
int2vectorsend	int2[]	0	0	bytea	0
int2xor	int2,int2	0	0	int2	0
int4	bit	0	0	int4	0
int4	bool	0	0	int4	0
int4	char	0	0	int4	0
int4	float4	0	0	int4	0
int4	float8	0	0	int4	0
int4	int2	0	0	int4	0
int4	int8	0	0	int4	0
int4	jsonb	0	0	int4	0
int4	numeric	0	0	int4	0
int42div	int4,int2	0	0	int4	0
int42eq	int4,int2	0	0	bool	0
int42ge	int4,int2	0	0	bool	0
int42gt	int4,int2	0	0	bool	0
int42le	int4,int2	0	0	bool	0
int42lt	int4,int2	0	0	bool	0
int42mi	int4,int2	0	0	int4	0
int42mul	int4,int2	0	0	int4	0
int42ne	int4,int2	0	0	bool	0
int42pl	int4,int2	0	0	int4	0
int48div	int4,int8	0	0	int8	0
int48eq	int4,int8	0	0	bool	0
int48ge	int4,int8	0	0	bool	0
int48gt	int4,int8	0	0	bool	0
int48le	int4,int8	0	0	bool	0
int48lt	int4,int8	0	0	bool	0
int48mi	int4,int8	0	0	int8	0
int48mul	int4,int8	0	0	int8	0
int48ne	int4,int8	0	0	bool	0
int48pl	int4,int8	0	0	int8	0
int4_accum	internal,int4	0	0	internal	0
int4_accum_inv	internal,int4	0	0	internal	0
int4_avg_accum	int8[],int4	0	0	int8[]	0
int4_avg_accum_inv	int8[],int4	0	0	int8[]	0
int4_avg_combine	int8[],int8[]	0	0	int8[]	0
int4_mul_cash	int4,money	0	0	money	0
int4_sum	int8,int4	0	0	int8	0
int4abs	int4	0	0	int4	0
int4and	int4,int4	0	0	int4	0
int4div	int4,int4	0	0	int4	0
int4eq	int4,int4	0	0	bool	0
int4ge	int4,int4	0	0	bool	0
int4gt	int4,int4	0	0	bool	0
int4in	cstring	0	0	int4	0
int4inc	int4	0	0	int4	0
int4larger	int4,int4	0	0	int4	0
int4le	int4,int4	0	0	bool	0
int4lt	int4,int4	0	0	bool	0
int4mi	int4,int4	0	0	int4	0
int4mod	int4,int4	0	0	int4	0
int4mul	int4,int4	0	0	int4	0
int4multirange		0	0	int4multirange	0
int4multirange	int4range	0	0	int4multirange	0
int4multirange	int4range[]	1	0	int4multirange	0
int4ne	int4,int4	0	0	bool	0
int4not	int4	0	0	int4	0
int4or	int4,int4	0	0	int4	0
int4out	int4	0	0	cstring	0
int4pl	int4,int4	0	0	int4	0
int4range	int4,int4	0	0	int4range	0
int4range	int4,int4,text	0	0	int4range	0
int4range_canonical	int4range	0	0	int4range	0
int4range_subdiff	int4,int4	0	0	float8	0
int4recv	internal	0	0	int4	0
int4send	int4	0	0	bytea	0
int4shl	int4,int4	0	0	int4	0
int4shr	int4,int4	0	0	int4	0
int4smaller	int4,int4	0	0	int4	0
int4um	int4	0	0	int4	0
int4up	int4	0	0	int4	0
int4xor	int4,int4	0	0	int4	0
int8	bit	0	0	int8	0
int8	float4	0	0	int8	0
int8	float8	0	0	int8	0
int8	int2	0	0	int8	0
int8	int4	0	0	int8	0
int8	jsonb	0	0	int8	0
int8	numeric	0	0	int8	0
int8	oid	0	0	int8	0
int82div	int8,int2	0	0	int8	0
int82eq	int8,int2	0	0	bool	0
int82ge	int8,int2	0	0	bool	0
int82gt	int8,int2	0	0	bool	0
int82le	int8,int2	0	0	bool	0
int82lt	int8,int2	0	0	bool	0
int82mi	int8,int2	0	0	int8	0
int82mul	int8,int2	0	0	int8	0
int82ne	int8,int2	0	0	bool	0
int82pl	int8,int2	0	0	int8	0
int84div	int8,int4	0	0	int8	0
int84eq	int8,int4	0	0	bool	0
int84ge	int8,int4	0	0	bool	0
int84gt	int8,int4	0	0	bool	0
int84le	int8,int4	0	0	bool	0
int84lt	int8,int4	0	0	bool	0
int84mi	int8,int4	0	0	int8	0
int84mul	int8,int4	0	0	int8	0
int84ne	int8,int4	0	0	bool	0
int84pl	int8,int4	0	0	int8	0
int8_accum	internal,int8	0	0	internal	0
int8_accum_inv	internal,int8	0	0	internal	0
int8_avg	int8[]	0	0	numeric	0
int8_avg_accum	internal,int8	0	0	internal	0
int8_avg_accum_inv	internal,int8	0	0	internal	0
int8_avg_combine	internal,internal	0	0	internal	0
int8_avg_deserialize	bytea,internal	0	0	internal	0
int8_avg_serialize	internal	0	0	bytea	0
int8_mul_cash	int8,money	0	0	money	0
int8_sum	numeric,int8	0	0	numeric	0
int8abs	int8	0	0	int8	0
int8and	int8,int8	0	0	int8	0
int8dec	int8	0	0	int8	0
int8dec_any	int8,any	0	0	int8	0
int8div	int8,int8	0	0	int8	0
int8eq	int8,int8	0	0	bool	0
int8ge	int8,int8	0	0	bool	0
int8gt	int8,int8	0	0	bool	0
int8in	cstring	0	0	int8	0
int8inc	int8	0	0	int8	0
int8inc_any	int8,any	0	0	int8	0
int8inc_float8_float8	int8,float8,float8	0	0	int8	0
int8inc_support	internal	0	0	internal	0
int8larger	int8,int8	0	0	int8	0
int8le	int8,int8	0	0	bool	0
int8lt	int8,int8	0	0	bool	0
int8mi	int8,int8	0	0	int8	0
int8mod	int8,int8	0	0	int8	0
int8mul	int8,int8	0	0	int8	0
int8multirange		0	0	int8multirange	0
int8multirange	int8range	0	0	int8multirange	0
int8multirange	int8range[]	1	0	int8multirange	0
int8ne	int8,int8	0	0	bool	0
int8not	int8	0	0	int8	0
int8or	int8,int8	0	0	int8	0
int8out	int8	0	0	cstring	0
int8pl	int8,int8	0	0	int8	0
int8pl_inet	int8,inet	0	0	inet	0
int8range	int8,int8	0	0	int8range	0
int8range	int8,int8,text	0	0	int8range	0
int8range_canonical	int8range	0	0	int8range	0
int8range_subdiff	int8,int8	0	0	float8	0
int8recv	internal	0	0	int8	0
int8send	int8	0	0	bytea	0
int8shl	int8,int4	0	0	int8	0
int8shr	int8,int4	0	0	int8	0
int8smaller	int8,int8	0	0	int8	0
int8um	int8	0	0	int8	0
int8up	int8	0	0	int8	0
int8xor	int8,int8	0	0	int8	0
integer_pl_date	int4,date	0	0	date	0
inter_lb	line,box	0	0	bool	0
inter_sb	lseg,box	0	0	bool	0
inter_sl	lseg,line	0	0	bool	0
internal_in	cstring	0	0	internal	0
internal_out	internal	0	0	cstring	0
interval	interval,int4	0	0	interval	0
interval	time	0	0	interval	0
interval_accum	interval[],interval	0	0	interval[]	0
interval_accum_inv	interval[],interval	0	0	interval[]	0
interval_avg	interval[]	0	0	interval	0
interval_cmp	interval,interval	0	0	int4	0
interval_combine	interval[],interval[]	0	0	interval[]	0
interval_div	interval,float8	0	0	interval	0
interval_eq	interval,interval	0	0	bool	0
interval_ge	interval,interval	0	0	bool	0
interval_gt	interval,interval	0	0	bool	0
interval_hash	interval	0	0	int4	0
interval_hash_extended	interval,int8	0	0	int8	0
interval_in	cstring,oid,int4	0	0	interval	0
interval_larger	interval,interval	0	0	interval	0
interval_le	interval,interval	0	0	bool	0
interval_lt	interval,interval	0	0	bool	0
interval_mi	interval,interval	0	0	interval	0
interval_mul	interval,float8	0	0	interval	0
interval_ne	interval,interval	0	0	bool	0
interval_out	interval	0	0	cstring	0
interval_pl	interval,interval	0	0	interval	0
interval_pl_date	interval,date	0	0	timestamp	0
interval_pl_time	interval,time	0	0	time	0
interval_pl_timestamp	interval,timestamp	0	0	timestamp	0
interval_pl_timestamptz	interval,timestamptz	0	0	timestamptz	0
interval_pl_timetz	interval,timetz	0	0	timetz	0
interval_recv	internal,oid,int4	0	0	interval	0
interval_send	interval	0	0	bytea	0
interval_smaller	interval,interval	0	0	interval	0
interval_support	internal	0	0	internal	0
interval_um	interval	0	0	interval	0
intervaltypmodin	cstring[]	0	0	int4	0
intervaltypmodout	int4	0	0	cstring	0
is_normalized	text,text	0	1	bool	0
isclosed	path	0	0	bool	0
isempty	anymultirange	0	0	bool	0
isempty	anyrange	0	0	bool	0
isfinite	date	0	0	bool	0
isfinite	interval	0	0	bool	0
isfinite	timestamp	0	0	bool	0
isfinite	timestamptz	0	0	bool	0
ishorizontal	line	0	0	bool	0
ishorizontal	lseg	0	0	bool	0
ishorizontal	point,point	0	0	bool	0
iso8859_1_to_utf8	int4,int4,cstring,internal,int4,bool	0	0	int4	0
iso8859_to_utf8	int4,int4,cstring,internal,int4,bool	0	0	int4	0
iso_to_koi8r	int4,int4,cstring,internal,int4,bool	0	0	int4	0
iso_to_mic	int4,int4,cstring,internal,int4,bool	0	0	int4	0
iso_to_win1251	int4,int4,cstring,internal,int4,bool	0	0	int4	0
iso_to_win866	int4,int4,cstring,internal,int4,bool	0	0	int4	0
isopen	path	0	0	bool	0
isparallel	line,line	0	0	bool	0
isparallel	lseg,lseg	0	0	bool	0
isperp	line,line	0	0	bool	0
isperp	lseg,lseg	0	0	bool	0
isvertical	line	0	0	bool	0
isvertical	lseg	0	0	bool	0
isvertical	point,point	0	0	bool	0
johab_to_utf8	int4,int4,cstring,internal,int4,bool	0	0	int4	0
json_agg	anyelement	0	0	json	0
json_agg_finalfn	internal	0	0	json	0
json_agg_transfn	internal,anyelement	0	0	internal	0
json_array_element	json,int4	0	0	json	0
json_array_element_text	json,int4	0	0	text	0
json_array_elements	json	0	0	json	1
json_array_elements_text	json	0	0	text	1
json_array_length	json	0	0	int4	0
json_build_array		0	0	json	0
json_build_array	any	1	0	json	0
json_build_object		0	0	json	0
json_build_object	any	1	0	json	0
json_each	json	0	0	record	1
json_each_text	json	0	0	record	1
json_extract_path	json,text[]	1	0	json	0
json_extract_path_text	json,text[]	1	0	text	0
json_in	cstring	0	0	json	0
json_object	text[]	0	0	json	0
json_object	text[],text[]	0	0	json	0
json_object_agg	any,any	0	0	json	0
json_object_agg_finalfn	internal	0	0	json	0
json_object_agg_transfn	internal,any,any	0	0	internal	0
json_object_field	json,text	0	0	json	0
json_object_field_text	json,text	0	0	text	0
json_object_keys	json	0	0	text	1
json_out	json	0	0	cstring	0
json_populate_record	anyelement,json,bool	0	1	anyelement	0
json_populate_recordset	anyelement,json,bool	0	1	anyelement	1
json_recv	internal	0	0	json	0
json_send	json	0	0	bytea	0
json_strip_nulls	json	0	0	json	0
json_to_record	json	0	0	record	0
json_to_recordset	json	0	0	record	1
json_to_tsvector	json,jsonb	0	0	tsvector	0
json_to_tsvector	regconfig,json,jsonb	0	0	tsvector	0
json_typeof	json	0	0	text	0
jsonb_agg	anyelement	0	0	jsonb	0
jsonb_agg_finalfn	internal	0	0	jsonb	0
jsonb_agg_transfn	internal,anyelement	0	0	internal	0
jsonb_array_element	jsonb,int4	0	0	jsonb	0
jsonb_array_element_text	jsonb,int4	0	0	text	0
jsonb_array_elements	jsonb	0	0	jsonb	1
jsonb_array_elements_text	jsonb	0	0	text	1
jsonb_array_length	jsonb	0	0	int4	0
jsonb_build_array		0	0	jsonb	0
jsonb_build_array	any	1	0	jsonb	0
jsonb_build_object		0	0	jsonb	0
jsonb_build_object	any	1	0	jsonb	0
jsonb_cmp	jsonb,jsonb	0	0	int4	0
jsonb_concat	jsonb,jsonb	0	0	jsonb	0
jsonb_contained	jsonb,jsonb	0	0	bool	0
jsonb_contains	jsonb,jsonb	0	0	bool	0
jsonb_delete	jsonb,int4	0	0	jsonb	0
jsonb_delete	jsonb,text	0	0	jsonb	0
jsonb_delete	jsonb,text[]	1	0	jsonb	0
jsonb_delete_path	jsonb,text[]	0	0	jsonb	0
jsonb_each	jsonb	0	0	record	1
jsonb_each_text	jsonb	0	0	record	1
jsonb_eq	jsonb,jsonb	0	0	bool	0
jsonb_exists	jsonb,text	0	0	bool	0
jsonb_exists_all	jsonb,text[]	0	0	bool	0
jsonb_exists_any	jsonb,text[]	0	0	bool	0
jsonb_extract_path	jsonb,text[]	1	0	jsonb	0
jsonb_extract_path_text	jsonb,text[]	1	0	text	0
jsonb_ge	jsonb,jsonb	0	0	bool	0
jsonb_gt	jsonb,jsonb	0	0	bool	0
jsonb_hash	jsonb	0	0	int4	0
jsonb_hash_extended	jsonb,int8	0	0	int8	0
jsonb_in	cstring	0	0	jsonb	0
jsonb_insert	jsonb,text[],jsonb,bool	0	1	jsonb	0
jsonb_le	jsonb,jsonb	0	0	bool	0
jsonb_lt	jsonb,jsonb	0	0	bool	0
jsonb_ne	jsonb,jsonb	0	0	bool	0
jsonb_object	text[]	0	0	jsonb	0
jsonb_object	text[],text[]	0	0	jsonb	0
jsonb_object_agg	any,any	0	0	jsonb	0
jsonb_object_agg_finalfn	internal	0	0	jsonb	0
jsonb_object_agg_transfn	internal,any,any	0	0	internal	0
jsonb_object_field	jsonb,text	0	0	jsonb	0
jsonb_object_field_text	jsonb,text	0	0	text	0
jsonb_object_keys	jsonb	0	0	text	1
jsonb_out	jsonb	0	0	cstring	0
jsonb_path_exists	jsonb,jsonpath,jsonb,bool	0	2	bool	0
jsonb_path_exists_opr	jsonb,jsonpath	0	0	bool	0
jsonb_path_exists_tz	jsonb,jsonpath,jsonb,bool	0	2	bool	0
jsonb_path_match	jsonb,jsonpath,jsonb,bool	0	2	bool	0
jsonb_path_match_opr	jsonb,jsonpath	0	0	bool	0
jsonb_path_match_tz	jsonb,jsonpath,jsonb,bool	0	2	bool	0
jsonb_path_query	jsonb,jsonpath,jsonb,bool	0	2	jsonb	1
jsonb_path_query_array	jsonb,jsonpath,jsonb,bool	0	2	jsonb	0
jsonb_path_query_array_tz	jsonb,jsonpath,jsonb,bool	0	2	jsonb	0
jsonb_path_query_first	jsonb,jsonpath,jsonb,bool	0	2	jsonb	0
jsonb_path_query_first_tz	jsonb,jsonpath,jsonb,bool	0	2	jsonb	0
jsonb_path_query_tz	jsonb,jsonpath,jsonb,bool	0	2	jsonb	1
jsonb_populate_record	anyelement,jsonb	0	0	anyelement	0
jsonb_populate_recordset	anyelement,jsonb	0	0	anyelement	1
jsonb_pretty	jsonb	0	0	text	0
jsonb_recv	internal	0	0	jsonb	0
jsonb_send	jsonb	0	0	bytea	0
jsonb_set	jsonb,text[],jsonb,bool	0	1	jsonb	0
jsonb_set_lax	jsonb,text[],jsonb,bool,text	0	2	jsonb	0
jsonb_strip_nulls	jsonb	0	0	jsonb	0
jsonb_subscript_handler	internal	0	0	internal	0
jsonb_to_record	jsonb	0	0	record	0
jsonb_to_recordset	jsonb	0	0	record	1
jsonb_to_tsvector	jsonb,jsonb	0	0	tsvector	0
jsonb_to_tsvector	regconfig,jsonb,jsonb	0	0	tsvector	0
jsonb_typeof	jsonb	0	0	text	0
jsonpath_in	cstring	0	0	jsonpath	0
jsonpath_out	jsonpath	0	0	cstring	0
jsonpath_recv	internal	0	0	jsonpath	0
jsonpath_send	jsonpath	0	0	bytea	0
justify_days	interval	0	0	interval	0
justify_hours	interval	0	0	interval	0
justify_interval	interval	0	0	interval	0
koi8r_to_iso	int4,int4,cstring,internal,int4,bool	0	0	int4	0
koi8r_to_mic	int4,int4,cstring,internal,int4,bool	0	0	int4	0
koi8r_to_utf8	int4,int4,cstring,internal,int4,bool	0	0	int4	0
koi8r_to_win1251	int4,int4,cstring,internal,int4,bool	0	0	int4	0
koi8r_to_win866	int4,int4,cstring,internal,int4,bool	0	0	int4	0
koi8u_to_utf8	int4,int4,cstring,internal,int4,bool	0	0	int4	0
lag	anycompatible,int4,anycompatible	0	0	anycompatible	0
lag	anyelement	0	0	anyelement	0
lag	anyelement,int4	0	0	anyelement	0
language_handler_in	cstring	0	0	language_handler	0
language_handler_out	language_handler	0	0	cstring	0
last_value	anyelement	0	0	anyelement	0
lastval		0	0	int8	0
latin1_to_mic	int4,int4,cstring,internal,int4,bool	0	0	int4	0
latin2_to_mic	int4,int4,cstring,internal,int4,bool	0	0	int4	0
latin2_to_win1250	int4,int4,cstring,internal,int4,bool	0	0	int4	0
latin3_to_mic	int4,int4,cstring,internal,int4,bool	0	0	int4	0
latin4_to_mic	int4,int4,cstring,internal,int4,bool	0	0	int4	0
lcm	int4,int4	0	0	int4	0
lcm	int8,int8	0	0	int8	0
lcm	numeric,numeric	0	0	numeric	0
lead	anycompatible,int4,anycompatible	0	0	anycompatible	0
lead	anyelement	0	0	anyelement	0
lead	anyelement,int4	0	0	anyelement	0
left	text,int4	0	0	text	0
length	bit	0	0	int4	0
length	bpchar	0	0	int4	0
length	bytea	0	0	int4	0
length	bytea,name	0	0	int4	0
length	lseg	0	0	float8	0
length	path	0	0	float8	0
length	text	0	0	int4	0
length	tsvector	0	0	int4	0
like	bytea,bytea	0	0	bool	0
like	name,text	0	0	bool	0
like	text,text	0	0	bool	0
like_escape	bytea,bytea	0	0	bytea	0
like_escape	text,text	0	0	text	0
likejoinsel	internal,oid,internal,int2,internal	0	0	float8	0
likesel	internal,oid,internal,int4	0	0	float8	0
line	point,point	0	0	line	0
line_distance	line,line	0	0	float8	0
line_eq	line,line	0	0	bool	0
line_horizontal	line	0	0	bool	0
line_in	cstring	0	0	line	0
line_interpt	line,line	0	0	point	0
line_intersect	line,line	0	0	bool	0
line_out	line	0	0	cstring	0
line_parallel	line,line	0	0	bool	0
line_perp	line,line	0	0	bool	0
line_recv	internal	0	0	line	0
line_send	line	0	0	bytea	0
line_vertical	line	0	0	bool	0
ln	float8	0	0	float8	0
ln	numeric	0	0	numeric	0
lo_close	int4	0	0	int4	0
lo_creat	int4	0	0	oid	0
lo_create	oid	0	0	oid	0
lo_export	oid,text	0	0	int4	0
lo_from_bytea	oid,bytea	0	0	oid	0
lo_get	oid	0	0	bytea	0
lo_get	oid,int8,int4	0	0	bytea	0
lo_import	text	0	0	oid	0
lo_import	text,oid	0	0	oid	0
lo_lseek	int4,int4,int4	0	0	int4	0
lo_lseek64	int4,int8,int4	0	0	int8	0
lo_open	oid,int4	0	0	int4	0
lo_put	oid,int8,bytea	0	0	void	0
lo_tell	int4	0	0	int4	0
lo_tell64	int4	0	0	int8	0
lo_truncate	int4,int4	0	0	int4	0
lo_truncate64	int4,int8	0	0	int4	0
lo_unlink	oid	0	0	int4	0
log	float8	0	0	float8	0
log	numeric	0	0	numeric	0
log	numeric,numeric	0	0	numeric	0
log10	float8	0	0	float8	0
log10	numeric	0	0	numeric	0
loread	int4,int4	0	0	bytea	0
lower	anymultirange	0	0	anyelement	0
lower	anyrange	0	0	anyelement	0
lower	text	0	0	text	0
lower_inc	anymultirange	0	0	bool	0
lower_inc	anyrange	0	0	bool	0
lower_inf	anymultirange	0	0	bool	0
lower_inf	anyrange	0	0	bool	0
lowrite	int4,bytea	0	0	int4	0
lpad	text,int4	0	0	text	0
lpad	text,int4,text	0	0	text	0
lseg	box	0	0	lseg	0
lseg	point,point	0	0	lseg	0
lseg_center	lseg	0	0	point	0
lseg_distance	lseg,lseg	0	0	float8	0
lseg_eq	lseg,lseg	0	0	bool	0
lseg_ge	lseg,lseg	0	0	bool	0
lseg_gt	lseg,lseg	0	0	bool	0
lseg_horizontal	lseg	0	0	bool	0
lseg_in	cstring	0	0	lseg	0
lseg_interpt	lseg,lseg	0	0	point	0
lseg_intersect	lseg,lseg	0	0	bool	0
lseg_le	lseg,lseg	0	0	bool	0
lseg_length	lseg	0	0	float8	0
lseg_lt	lseg,lseg	0	0	bool	0
lseg_ne	lseg,lseg	0	0	bool	0
lseg_out	lseg	0	0	cstring	0
lseg_parallel	lseg,lseg	0	0	bool	0
lseg_perp	lseg,lseg	0	0	bool	0
lseg_recv	internal	0	0	lseg	0
lseg_send	lseg	0	0	bytea	0
lseg_vertical	lseg	0	0	bool	0
ltrim	bytea,bytea	0	0	bytea	0
ltrim	text	0	0	text	0
ltrim	text,text	0	0	text	0
macaddr	macaddr8	0	0	macaddr	0
macaddr8	macaddr	0	0	macaddr8	0
macaddr8_and	macaddr8,macaddr8	0	0	macaddr8	0
macaddr8_cmp	macaddr8,macaddr8	0	0	int4	0
macaddr8_eq	macaddr8,macaddr8	0	0	bool	0
macaddr8_ge	macaddr8,macaddr8	0	0	bool	0
macaddr8_gt	macaddr8,macaddr8	0	0	bool	0
macaddr8_in	cstring	0	0	macaddr8	0
macaddr8_le	macaddr8,macaddr8	0	0	bool	0
macaddr8_lt	macaddr8,macaddr8	0	0	bool	0
macaddr8_ne	macaddr8,macaddr8	0	0	bool	0
macaddr8_not	macaddr8	0	0	macaddr8	0
macaddr8_or	macaddr8,macaddr8	0	0	macaddr8	0
macaddr8_out	macaddr8	0	0	cstring	0
macaddr8_recv	internal	0	0	macaddr8	0
macaddr8_send	macaddr8	0	0	bytea	0
macaddr8_set7bit	macaddr8	0	0	macaddr8	0
macaddr_and	macaddr,macaddr	0	0	macaddr	0
macaddr_cmp	macaddr,macaddr	0	0	int4	0
macaddr_eq	macaddr,macaddr	0	0	bool	0
macaddr_ge	macaddr,macaddr	0	0	bool	0
macaddr_gt	macaddr,macaddr	0	0	bool	0
macaddr_in	cstring	0	0	macaddr	0
macaddr_le	macaddr,macaddr	0	0	bool	0
macaddr_lt	macaddr,macaddr	0	0	bool	0
macaddr_ne	macaddr,macaddr	0	0	bool	0
macaddr_not	macaddr	0	0	macaddr	0
macaddr_or	macaddr,macaddr	0	0	macaddr	0
macaddr_out	macaddr	0	0	cstring	0
macaddr_recv	internal	0	0	macaddr	0
macaddr_send	macaddr	0	0	bytea	0
macaddr_sortsupport	internal	0	0	void	0
make_date	int4,int4,int4	0	0	date	0
make_interval	int4,int4,int4,int4,int4,int4,float8	0	7	interval	0
make_time	int4,int4,float8	0	0	time	0
make_timestamp	int4,int4,int4,int4,int4,float8	0	0	timestamp	0
make_timestamptz	int4,int4,int4,int4,int4,float8	0	0	timestamptz	0
make_timestamptz	int4,int4,int4,int4,int4,float8,text	0	0	timestamptz	0
makeaclitem	oid,oid,text,bool	0	0	aclitem	0
masklen	inet	0	0	int4	0
matchingjoinsel	internal,oid,internal,int2,internal	0	0	float8	0
matchingsel	internal,oid,internal,int4	0	0	float8	0
max	anyarray	0	0	anyarray	0
max	anyenum	0	0	anyenum	0
max	bpchar	0	0	bpchar	0
max	date	0	0	date	0
max	float4	0	0	float4	0
max	float8	0	0	float8	0
max	inet	0	0	inet	0
max	int2	0	0	int2	0
max	int4	0	0	int4	0
max	int8	0	0	int8	0
max	interval	0	0	interval	0
max	money	0	0	money	0
max	numeric	0	0	numeric	0
max	oid	0	0	oid	0
max	pg_lsn	0	0	pg_lsn	0
max	text	0	0	text	0
max	tid	0	0	tid	0
max	time	0	0	time	0
max	timestamp	0	0	timestamp	0
max	timestamptz	0	0	timestamptz	0
max	timetz	0	0	timetz	0
max	xid8	0	0	xid8	0
md5	bytea	0	0	text	0
md5	text	0	0	text	0
mic_to_big5	int4,int4,cstring,internal,int4,bool	0	0	int4	0
mic_to_euc_cn	int4,int4,cstring,internal,int4,bool	0	0	int4	0
mic_to_euc_jp	int4,int4,cstring,internal,int4,bool	0	0	int4	0
mic_to_euc_kr	int4,int4,cstring,internal,int4,bool	0	0	int4	0
mic_to_euc_tw	int4,int4,cstring,internal,int4,bool	0	0	int4	0
mic_to_iso	int4,int4,cstring,internal,int4,bool	0	0	int4	0
mic_to_koi8r	int4,int4,cstring,internal,int4,bool	0	0	int4	0
mic_to_latin1	int4,int4,cstring,internal,int4,bool	0	0	int4	0
mic_to_latin2	int4,int4,cstring,internal,int4,bool	0	0	int4	0
mic_to_latin3	int4,int4,cstring,internal,int4,bool	0	0	int4	0
mic_to_latin4	int4,int4,cstring,internal,int4,bool	0	0	int4	0
mic_to_sjis	int4,int4,cstring,internal,int4,bool	0	0	int4	0
mic_to_win1250	int4,int4,cstring,internal,int4,bool	0	0	int4	0
mic_to_win1251	int4,int4,cstring,internal,int4,bool	0	0	int4	0
mic_to_win866	int4,int4,cstring,internal,int4,bool	0	0	int4	0
min	anyarray	0	0	anyarray	0
min	anyenum	0	0	anyenum	0
min	bpchar	0	0	bpchar	0
min	date	0	0	date	0
min	float4	0	0	float4	0
min	float8	0	0	float8	0
min	inet	0	0	inet	0
min	int2	0	0	int2	0
min	int4	0	0	int4	0
min	int8	0	0	int8	0
min	interval	0	0	interval	0
min	money	0	0	money	0
min	numeric	0	0	numeric	0
min	oid	0	0	oid	0
min	pg_lsn	0	0	pg_lsn	0
min	text	0	0	text	0
min	tid	0	0	tid	0
min	time	0	0	time	0
min	timestamp	0	0	timestamp	0
min	timestamptz	0	0	timestamptz	0
min	timetz	0	0	timetz	0
min	xid8	0	0	xid8	0
min_scale	numeric	0	0	int4	0
mod	int2,int2	0	0	int2	0
mod	int4,int4	0	0	int4	0
mod	int8,int8	0	0	int8	0
mod	numeric,numeric	0	0	numeric	0
mode	anyelement	0	0	anyelement	0
mode_final	internal,anyelement	0	0	anyelement	0
money	int4	0	0	money	0
money	int8	0	0	money	0
money	numeric	0	0	money	0
mul_d_interval	float8,interval	0	0	interval	0
multirange	anyrange	0	0	anymultirange	0
multirange_adjacent_multirange	anymultirange,anymultirange	0	0	bool	0
multirange_adjacent_range	anymultirange,anyrange	0	0	bool	0
multirange_after_multirange	anymultirange,anymultirange	0	0	bool	0
multirange_after_range	anymultirange,anyrange	0	0	bool	0
multirange_agg_finalfn	internal,anymultirange	0	0	anymultirange	0
multirange_agg_transfn	internal,anymultirange	0	0	internal	0
multirange_before_multirange	anymultirange,anymultirange	0	0	bool	0
multirange_before_range	anymultirange,anyrange	0	0	bool	0
multirange_cmp	anymultirange,anymultirange	0	0	int4	0
multirange_contained_by_multirange	anymultirange,anymultirange	0	0	bool	0
multirange_contained_by_range	anymultirange,anyrange	0	0	bool	0
multirange_contains_elem	anymultirange,anyelement	0	0	bool	0
multirange_contains_multirange	anymultirange,anymultirange	0	0	bool	0
multirange_contains_range	anymultirange,anyrange	0	0	bool	0
multirange_eq	anymultirange,anymultirange	0	0	bool	0
multirange_ge	anymultirange,anymultirange	0	0	bool	0
multirange_gist_compress	internal	0	0	internal	0
multirange_gist_consistent	internal,anymultirange,int2,oid,internal	0	0	bool	0
multirange_gt	anymultirange,anymultirange	0	0	bool	0
multirange_in	cstring,oid,int4	0	0	anymultirange	0
multirange_intersect	anymultirange,anymultirange	0	0	anymultirange	0
multirange_intersect_agg_transfn	anymultirange,anymultirange	0	0	anymultirange	0
multirange_le	anymultirange,anymultirange	0	0	bool	0
multirange_lt	anymultirange,anymultirange	0	0	bool	0
multirange_minus	anymultirange,anymultirange	0	0	anymultirange	0
multirange_ne	anymultirange,anymultirange	0	0	bool	0
multirange_out	anymultirange	0	0	cstring	0
multirange_overlaps_multirange	anymultirange,anymultirange	0	0	bool	0
multirange_overlaps_range	anymultirange,anyrange	0	0	bool	0
multirange_overleft_multirange	anymultirange,anymultirange	0	0	bool	0
multirange_overleft_range	anymultirange,anyrange	0	0	bool	0
multirange_overright_multirange	anymultirange,anymultirange	0	0	bool	0
multirange_overright_range	anymultirange,anyrange	0	0	bool	0
multirange_recv	internal,oid,int4	0	0	anymultirange	0
multirange_send	anymultirange	0	0	bytea	0
multirange_typanalyze	internal	0	0	bool	0
multirange_union	anymultirange,anymultirange	0	0	anymultirange	0
multirangesel	internal,oid,internal,int4	0	0	float8	0
mxid_age	xid	0	0	int4	0
name	bpchar	0	0	name	0
name	text	0	0	name	0
name	varchar	0	0	name	0
nameconcatoid	name,oid	0	0	name	0
nameeq	name,name	0	0	bool	0
nameeqtext	name,text	0	0	bool	0
namege	name,name	0	0	bool	0
namegetext	name,text	0	0	bool	0
namegt	name,name	0	0	bool	0
namegttext	name,text	0	0	bool	0
nameiclike	name,text	0	0	bool	0
nameicnlike	name,text	0	0	bool	0
nameicregexeq	name,text	0	0	bool	0
nameicregexne	name,text	0	0	bool	0
namein	cstring	0	0	name	0
namele	name,name	0	0	bool	0
nameletext	name,text	0	0	bool	0
namelike	name,text	0	0	bool	0
namelt	name,name	0	0	bool	0
namelttext	name,text	0	0	bool	0
namene	name,name	0	0	bool	0
namenetext	name,text	0	0	bool	0
namenlike	name,text	0	0	bool	0
nameout	name	0	0	cstring	0
namerecv	internal	0	0	name	0
nameregexeq	name,text	0	0	bool	0
nameregexne	name,text	0	0	bool	0
namesend	name	0	0	bytea	0
neqjoinsel	internal,oid,internal,int2,internal	0	0	float8	0
neqsel	internal,oid,internal,int4	0	0	float8	0
netmask	inet	0	0	inet	0
network	inet	0	0	cidr	0
network_cmp	inet,inet	0	0	int4	0
network_eq	inet,inet	0	0	bool	0
network_ge	inet,inet	0	0	bool	0
network_gt	inet,inet	0	0	bool	0
network_larger	inet,inet	0	0	inet	0
network_le	inet,inet	0	0	bool	0
network_lt	inet,inet	0	0	bool	0
network_ne	inet,inet	0	0	bool	0
network_overlap	inet,inet	0	0	bool	0
network_smaller	inet,inet	0	0	inet	0
network_sortsupport	internal	0	0	void	0
network_sub	inet,inet	0	0	bool	0
network_subeq	inet,inet	0	0	bool	0
network_subset_support	internal	0	0	internal	0
network_sup	inet,inet	0	0	bool	0
network_supeq	inet,inet	0	0	bool	0
networkjoinsel	internal,oid,internal,int2,internal	0	0	float8	0
networksel	internal,oid,internal,int4	0	0	float8	0
nextval	regclass	0	0	int8	0
nlikejoinsel	internal,oid,internal,int2,internal	0	0	float8	0
nlikesel	internal,oid,internal,int4	0	0	float8	0
normalize	text,text	0	1	text	0
notlike	bytea,bytea	0	0	bool	0
notlike	name,text	0	0	bool	0
notlike	text,text	0	0	bool	0
now		0	0	timestamptz	0
npoints	path	0	0	int4	0
npoints	polygon	0	0	int4	0
nth_value	anyelement,int4	0	0	anyelement	0
ntile	int4	0	0	int4	0
num_nonnulls	any	1	0	int4	0
num_nulls	any	1	0	int4	0
numeric	float4	0	0	numeric	0
numeric	float8	0	0	numeric	0
numeric	int2	0	0	numeric	0
numeric	int4	0	0	numeric	0
numeric	int8	0	0	numeric	0
numeric	jsonb	0	0	numeric	0
numeric	money	0	0	numeric	0
numeric	numeric,int4	0	0	numeric	0
numeric_abs	numeric	0	0	numeric	0
numeric_accum	internal,numeric	0	0	internal	0
numeric_accum_inv	internal,numeric	0	0	internal	0
numeric_add	numeric,numeric	0	0	numeric	0
numeric_avg	internal	0	0	numeric	0
numeric_avg_accum	internal,numeric	0	0	internal	0
numeric_avg_combine	internal,internal	0	0	internal	0
numeric_avg_deserialize	bytea,internal	0	0	internal	0
numeric_avg_serialize	internal	0	0	bytea	0
numeric_cmp	numeric,numeric	0	0	int4	0
numeric_combine	internal,internal	0	0	internal	0
numeric_deserialize	bytea,internal	0	0	internal	0
numeric_div	numeric,numeric	0	0	numeric	0
numeric_div_trunc	numeric,numeric	0	0	numeric	0
numeric_eq	numeric,numeric	0	0	bool	0
numeric_exp	numeric	0	0	numeric	0
numeric_ge	numeric,numeric	0	0	bool	0
numeric_gt	numeric,numeric	0	0	bool	0
numeric_in	cstring,oid,int4	0	0	numeric	0
numeric_inc	numeric	0	0	numeric	0
numeric_larger	numeric,numeric	0	0	numeric	0
numeric_le	numeric,numeric	0	0	bool	0
numeric_ln	numeric	0	0	numeric	0
numeric_log	numeric,numeric	0	0	numeric	0
numeric_lt	numeric,numeric	0	0	bool	0
numeric_mod	numeric,numeric	0	0	numeric	0
numeric_mul	numeric,numeric	0	0	numeric	0
numeric_ne	numeric,numeric	0	0	bool	0
numeric_out	numeric	0	0	cstring	0
numeric_pl_pg_lsn	numeric,pg_lsn	0	0	pg_lsn	0
numeric_poly_avg	internal	0	0	numeric	0
numeric_poly_combine	internal,internal	0	0	internal	0
numeric_poly_deserialize	bytea,internal	0	0	internal	0
numeric_poly_serialize	internal	0	0	bytea	0
numeric_poly_stddev_pop	internal	0	0	numeric	0
numeric_poly_stddev_samp	internal	0	0	numeric	0
numeric_poly_sum	internal	0	0	numeric	0
numeric_poly_var_pop	internal	0	0	numeric	0
numeric_poly_var_samp	internal	0	0	numeric	0
numeric_power	numeric,numeric	0	0	numeric	0
numeric_recv	internal,oid,int4	0	0	numeric	0
numeric_send	numeric	0	0	bytea	0
numeric_serialize	internal	0	0	bytea	0
numeric_smaller	numeric,numeric	0	0	numeric	0
numeric_sortsupport	internal	0	0	void	0
numeric_sqrt	numeric	0	0	numeric	0
numeric_stddev_pop	internal	0	0	numeric	0
numeric_stddev_samp	internal	0	0	numeric	0
numeric_sub	numeric,numeric	0	0	numeric	0
numeric_sum	internal	0	0	numeric	0
numeric_support	internal	0	0	internal	0
numeric_uminus	numeric	0	0	numeric	0
numeric_uplus	numeric	0	0	numeric	0
numeric_var_pop	internal	0	0	numeric	0
numeric_var_samp	internal	0	0	numeric	0
numerictypmodin	cstring[]	0	0	int4	0
numerictypmodout	int4	0	0	cstring	0
nummultirange		0	0	nummultirange	0
nummultirange	numrange	0	0	nummultirange	0
nummultirange	numrange[]	1	0	nummultirange	0
numnode	tsquery	0	0	int4	0
numrange	numeric,numeric	0	0	numrange	0
numrange	numeric,numeric,text	0	0	numrange	0
numrange_subdiff	numeric,numeric	0	0	float8	0
obj_description	oid	0	0	text	0
obj_description	oid,name	0	0	text	0
octet_length	bit	0	0	int4	0
octet_length	bpchar	0	0	int4	0
octet_length	bytea	0	0	int4	0
octet_length	text	0	0	int4	0
oid	int8	0	0	oid	0
oideq	oid,oid	0	0	bool	0
oidge	oid,oid	0	0	bool	0
oidgt	oid,oid	0	0	bool	0
oidin	cstring	0	0	oid	0
oidlarger	oid,oid	0	0	oid	0
oidle	oid,oid	0	0	bool	0
oidlt	oid,oid	0	0	bool	0
oidne	oid,oid	0	0	bool	0
oidout	oid	0	0	cstring	0
oidrecv	internal	0	0	oid	0
oidsend	oid	0	0	bytea	0
oidsmaller	oid,oid	0	0	oid	0
oidvectoreq	oid[],oid[]	0	0	bool	0
oidvectorge	oid[],oid[]	0	0	bool	0
oidvectorgt	oid[],oid[]	0	0	bool	0
oidvectorin	cstring	0	0	oid[]	0
oidvectorle	oid[],oid[]	0	0	bool	0
oidvectorlt	oid[],oid[]	0	0	bool	0
oidvectorne	oid[],oid[]	0	0	bool	0
oidvectorout	oid[]	0	0	cstring	0
oidvectorrecv	internal	0	0	oid[]	0
oidvectorsend	oid[]	0	0	bytea	0
oidvectortypes	oid[]	0	0	text	0
on_pb	point,box	0	0	bool	0
on_pl	point,line	0	0	bool	0
on_ppath	point,path	0	0	bool	0
on_ps	point,lseg	0	0	bool	0
on_sb	lseg,box	0	0	bool	0
on_sl	lseg,line	0	0	bool	0
ordered_set_transition	internal,any	0	0	internal	0
ordered_set_transition_multi	internal,any	1	0	internal	0
overlaps	time,interval,time,interval	0	0	bool	0
overlaps	time,interval,time,time	0	0	bool	0
overlaps	time,time,time,interval	0	0	bool	0
overlaps	time,time,time,time	0	0	bool	0
overlaps	timestamp,interval,timestamp,interval	0	0	bool	0
overlaps	timestamp,interval,timestamp,timestamp	0	0	bool	0
overlaps	timestamp,timestamp,timestamp,interval	0	0	bool	0
overlaps	timestamp,timestamp,timestamp,timestamp	0	0	bool	0
overlaps	timestamptz,interval,timestamptz,interval	0	0	bool	0
overlaps	timestamptz,interval,timestamptz,timestamptz	0	0	bool	0
overlaps	timestamptz,timestamptz,timestamptz,interval	0	0	bool	0
overlaps	timestamptz,timestamptz,timestamptz,timestamptz	0	0	bool	0
overlaps	timetz,timetz,timetz,timetz	0	0	bool	0
overlay	bit,bit,int4	0	0	bit	0
overlay	bit,bit,int4,int4	0	0	bit	0
overlay	bytea,bytea,int4	0	0	bytea	0
overlay	bytea,bytea,int4,int4	0	0	bytea	0
overlay	text,text,int4	0	0	text	0
overlay	text,text,int4,int4	0	0	text	0
parse_ident	text,bool	0	1	text[]	0
path	polygon	0	0	path	0
path_add	path,path	0	0	path	0
path_add_pt	path,point	0	0	path	0
path_contain_pt	path,point	0	0	bool	0
path_distance	path,path	0	0	float8	0
path_div_pt	path,point	0	0	path	0
path_in	cstring	0	0	path	0
path_inter	path,path	0	0	bool	0
path_length	path	0	0	float8	0
path_mul_pt	path,point	0	0	path	0
path_n_eq	path,path	0	0	bool	0
path_n_ge	path,path	0	0	bool	0
path_n_gt	path,path	0	0	bool	0
path_n_le	path,path	0	0	bool	0
path_n_lt	path,path	0	0	bool	0
path_npoints	path	0	0	int4	0
path_out	path	0	0	cstring	0
path_recv	internal	0	0	path	0
path_send	path	0	0	bytea	0
path_sub_pt	path,point	0	0	path	0
pclose	path	0	0	path	0
percent_rank		0	0	float8	0
percent_rank	any	1	0	float8	0
percent_rank_final	internal,any	1	0	float8	0
percentile_cont	float8,float8	0	0	float8	0
percentile_cont	float8,interval	0	0	interval	0
percentile_cont	float8[],float8	0	0	float8[]	0
percentile_cont	float8[],interval	0	0	interval[]	0
percentile_cont_float8_final	internal,float8	0	0	float8	0
percentile_cont_float8_multi_final	internal,float8[]	0	0	float8[]	0
percentile_cont_interval_final	internal,float8	0	0	interval	0
percentile_cont_interval_multi_final	internal,float8[]	0	0	interval[]	0
percentile_disc	float8,anyelement	0	0	anyelement	0
percentile_disc	float8[],anyelement	0	0	anyarray	0
percentile_disc_final	internal,float8,anyelement	0	0	anyelement	0
percentile_disc_multi_final	internal,float8[],anyelement	0	0	anyarray	0
pg_advisory_lock	int4,int4	0	0	void	0
pg_advisory_lock	int8	0	0	void	0
pg_advisory_lock_shared	int4,int4	0	0	void	0
pg_advisory_lock_shared	int8	0	0	void	0
pg_advisory_unlock	int4,int4	0	0	bool	0
pg_advisory_unlock	int8	0	0	bool	0
pg_advisory_unlock_all		0	0	void	0
pg_advisory_unlock_shared	int4,int4	0	0	bool	0
pg_advisory_unlock_shared	int8	0	0	bool	0
pg_advisory_xact_lock	int4,int4	0	0	void	0
pg_advisory_xact_lock	int8	0	0	void	0
pg_advisory_xact_lock_shared	int4,int4	0	0	void	0
pg_advisory_xact_lock_shared	int8	0	0	void	0
pg_available_extension_versions		0	0	record	1
pg_available_extensions		0	0	record	1
pg_backend_pid		0	0	int4	0
pg_backup_start	text,bool	0	1	pg_lsn	0
pg_backup_stop	bool	0	1	record	0
pg_blocking_pids	int4	0	0	int4[]	0
pg_cancel_backend	int4	0	0	bool	0
pg_char_to_encoding	name	0	0	int4	0
pg_client_encoding		0	0	name	0
pg_collation_actual_version	oid	0	0	text	0
pg_collation_for	any	0	0	text	0
pg_collation_is_visible	oid	0	0	bool	0
pg_column_compression	any	0	0	text	0
pg_column_is_updatable	regclass,int2,bool	0	0	bool	0
pg_column_size	any	0	0	int4	0
pg_conf_load_time		0	0	timestamptz	0
pg_config		0	0	record	1
pg_control_checkpoint		0	0	record	0
pg_control_init		0	0	record	0
pg_control_recovery		0	0	record	0
pg_control_system		0	0	record	0
pg_conversion_is_visible	oid	0	0	bool	0
pg_copy_logical_replication_slot	name,name	0	0	record	0
pg_copy_logical_replication_slot	name,name,bool	0	0	record	0
pg_copy_logical_replication_slot	name,name,bool,name	0	0	record	0
pg_copy_physical_replication_slot	name,name	0	0	record	0
pg_copy_physical_replication_slot	name,name,bool	0	0	record	0
pg_create_logical_replication_slot	name,name,bool,bool	0	2	record	0
pg_create_physical_replication_slot	name,bool,bool	0	2	record	0
pg_create_restore_point	text	0	0	pg_lsn	0
pg_current_logfile		0	0	text	0
pg_current_logfile	text	0	0	text	0
pg_current_snapshot		0	0	pg_snapshot	0
pg_current_wal_flush_lsn		0	0	pg_lsn	0
pg_current_wal_insert_lsn		0	0	pg_lsn	0
pg_current_wal_lsn		0	0	pg_lsn	0
pg_current_xact_id		0	0	xid8	0
pg_current_xact_id_if_assigned		0	0	xid8	0
pg_cursor		0	0	record	1
pg_database_collation_actual_version	oid	0	0	text	0
pg_database_size	name	0	0	int8	0
pg_database_size	oid	0	0	int8	0
pg_ddl_command_in	cstring	0	0	pg_ddl_command	0
pg_ddl_command_out	pg_ddl_command	0	0	cstring	0
pg_ddl_command_recv	internal	0	0	pg_ddl_command	0
pg_ddl_command_send	pg_ddl_command	0	0	bytea	0
pg_dependencies_in	cstring	0	0	pg_dependencies	0
pg_dependencies_out	pg_dependencies	0	0	cstring	0
pg_dependencies_recv	internal	0	0	pg_dependencies	0
pg_dependencies_send	pg_dependencies	0	0	bytea	0
pg_describe_object	oid,oid,int4	0	0	text	0
pg_drop_replication_slot	name	0	0	void	0
pg_encoding_max_length	int4	0	0	int4	0
pg_encoding_to_char	int4	0	0	name	0
pg_event_trigger_ddl_commands		0	0	record	1
pg_event_trigger_dropped_objects		0	0	record	1
pg_event_trigger_table_rewrite_oid		0	0	oid	0
pg_event_trigger_table_rewrite_reason		0	0	int4	0
pg_export_snapshot		0	0	text	0
pg_extension_config_dump	regclass,text	0	0	void	0
pg_extension_update_paths	name	0	0	record	1
pg_filenode_relation	oid,oid	0	0	regclass	0
pg_function_is_visible	oid	0	0	bool	0
pg_get_backend_memory_contexts		0	0	record	1
pg_get_catalog_foreign_keys		0	0	record	1
pg_get_constraintdef	oid	0	0	text	0
pg_get_constraintdef	oid,bool	0	0	text	0
pg_get_expr	pg_node_tree,oid	0	0	text	0
pg_get_expr	pg_node_tree,oid,bool	0	0	text	0
pg_get_function_arg_default	oid,int4	0	0	text	0
pg_get_function_arguments	oid	0	0	text	0
pg_get_function_identity_arguments	oid	0	0	text	0
pg_get_function_result	oid	0	0	text	0
pg_get_function_sqlbody	oid	0	0	text	0
pg_get_functiondef	oid	0	0	text	0
pg_get_indexdef	oid	0	0	text	0
pg_get_indexdef	oid,int4,bool	0	0	text	0
pg_get_keywords		0	0	record	1
pg_get_multixact_members	xid	0	0	record	1
pg_get_object_address	text,text[],text[]	0	0	record	0
pg_get_partition_constraintdef	oid	0	0	text	0
pg_get_partkeydef	oid	0	0	text	0
pg_get_publication_tables	text	0	0	record	1
pg_get_replica_identity_index	regclass	0	0	regclass	0
pg_get_replication_slots		0	0	record	1
pg_get_ruledef	oid	0	0	text	0
pg_get_ruledef	oid,bool	0	0	text	0
pg_get_serial_sequence	text,text	0	0	text	0
pg_get_shmem_allocations		0	0	record	1
pg_get_statisticsobjdef	oid	0	0	text	0
pg_get_statisticsobjdef_columns	oid	0	0	text	0
pg_get_statisticsobjdef_expressions	oid	0	0	text[]	0
pg_get_triggerdef	oid	0	0	text	0
pg_get_triggerdef	oid,bool	0	0	text	0
pg_get_userbyid	oid	0	0	name	0
pg_get_viewdef	oid	0	0	text	0
pg_get_viewdef	oid,bool	0	0	text	0
pg_get_viewdef	oid,int4	0	0	text	0
pg_get_viewdef	text	0	0	text	0
pg_get_viewdef	text,bool	0	0	text	0
pg_get_wal_replay_pause_state		0	0	text	0
pg_get_wal_resource_managers		0	0	record	1
pg_has_role	name,name,text	0	0	bool	0
pg_has_role	name,oid,text	0	0	bool	0
pg_has_role	name,text	0	0	bool	0
pg_has_role	oid,name,text	0	0	bool	0
pg_has_role	oid,oid,text	0	0	bool	0
pg_has_role	oid,text	0	0	bool	0
pg_hba_file_rules		0	0	record	1
pg_ident_file_mappings		0	0	record	1
pg_identify_object	oid,oid,int4	0	0	record	0
pg_identify_object_as_address	oid,oid,int4	0	0	record	0
pg_import_system_collations	regnamespace	0	0	int4	0
pg_index_column_has_property	regclass,int4,text	0	0	bool	0
pg_index_has_property	regclass,text	0	0	bool	0
pg_indexam_has_property	oid,text	0	0	bool	0
pg_indexam_progress_phasename	oid,int8	0	0	text	0
pg_indexes_size	regclass	0	0	int8	0
pg_is_in_recovery		0	0	bool	0
pg_is_other_temp_schema	oid	0	0	bool	0
pg_is_wal_replay_paused		0	0	bool	0
pg_isolation_test_session_is_blocked	int4,int4[]	0	0	bool	0
pg_jit_available		0	0	bool	0
pg_last_committed_xact		0	0	record	0
pg_last_wal_receive_lsn		0	0	pg_lsn	0
pg_last_wal_replay_lsn		0	0	pg_lsn	0
pg_last_xact_replay_timestamp		0	0	timestamptz	0
pg_listening_channels		0	0	text	1
pg_lock_status		0	0	record	1
pg_log_backend_memory_contexts	int4	0	0	bool	0
pg_logical_emit_message	bool,text,bytea	0	0	pg_lsn	0
pg_logical_emit_message	bool,text,text	0	0	pg_lsn	0
pg_logical_slot_get_binary_changes	name,pg_lsn,int4,text[]	1	1	record	1
pg_logical_slot_get_changes	name,pg_lsn,int4,text[]	1	1	record	1
pg_logical_slot_peek_binary_changes	name,pg_lsn,int4,text[]	1	1	record	1
pg_logical_slot_peek_changes	name,pg_lsn,int4,text[]	1	1	record	1
pg_ls_archive_statusdir		0	0	record	1
pg_ls_dir	text	0	0	text	1
pg_ls_dir	text,bool,bool	0	0	text	1
pg_ls_logdir		0	0	record	1
pg_ls_logicalmapdir		0	0	record	1
pg_ls_logicalsnapdir		0	0	record	1
pg_ls_replslotdir	text	0	0	record	1
pg_ls_tmpdir		0	0	record	1
pg_ls_tmpdir	oid	0	0	record	1
pg_ls_waldir		0	0	record	1
pg_lsn	numeric	0	0	pg_lsn	0
pg_lsn_cmp	pg_lsn,pg_lsn	0	0	int4	0
pg_lsn_eq	pg_lsn,pg_lsn	0	0	bool	0
pg_lsn_ge	pg_lsn,pg_lsn	0	0	bool	0
pg_lsn_gt	pg_lsn,pg_lsn	0	0	bool	0
pg_lsn_hash	pg_lsn	0	0	int4	0
pg_lsn_hash_extended	pg_lsn,int8	0	0	int8	0
pg_lsn_in	cstring	0	0	pg_lsn	0
pg_lsn_larger	pg_lsn,pg_lsn	0	0	pg_lsn	0
pg_lsn_le	pg_lsn,pg_lsn	0	0	bool	0
pg_lsn_lt	pg_lsn,pg_lsn	0	0	bool	0
pg_lsn_mi	pg_lsn,pg_lsn	0	0	numeric	0
pg_lsn_mii	pg_lsn,numeric	0	0	pg_lsn	0
pg_lsn_ne	pg_lsn,pg_lsn	0	0	bool	0
pg_lsn_out	pg_lsn	0	0	cstring	0
pg_lsn_pli	pg_lsn,numeric	0	0	pg_lsn	0
pg_lsn_recv	internal	0	0	pg_lsn	0
pg_lsn_send	pg_lsn	0	0	bytea	0
pg_lsn_smaller	pg_lsn,pg_lsn	0	0	pg_lsn	0
pg_mcv_list_in	cstring	0	0	pg_mcv_list	0
pg_mcv_list_items	pg_mcv_list	0	0	record	1
pg_mcv_list_out	pg_mcv_list	0	0	cstring	0
pg_mcv_list_recv	internal	0	0	pg_mcv_list	0
pg_mcv_list_send	pg_mcv_list	0	0	bytea	0
pg_my_temp_schema		0	0	oid	0
pg_ndistinct_in	cstring	0	0	pg_ndistinct	0
pg_ndistinct_out	pg_ndistinct	0	0	cstring	0
pg_ndistinct_recv	internal	0	0	pg_ndistinct	0
pg_ndistinct_send	pg_ndistinct	0	0	bytea	0
pg_nextoid	regclass,name,regclass	0	0	oid	0
pg_node_tree_in	cstring	0	0	pg_node_tree	0
pg_node_tree_out	pg_node_tree	0	0	cstring	0
pg_node_tree_recv	internal	0	0	pg_node_tree	0
pg_node_tree_send	pg_node_tree	0	0	bytea	0
pg_notification_queue_usage		0	0	float8	0
pg_notify	text,text	0	0	void	0
pg_opclass_is_visible	oid	0	0	bool	0
pg_operator_is_visible	oid	0	0	bool	0
pg_opfamily_is_visible	oid	0	0	bool	0
pg_options_to_table	text[]	0	0	record	1
pg_partition_ancestors	regclass	0	0	regclass	1
pg_partition_root	regclass	0	0	regclass	0
pg_partition_tree	regclass	0	0	record	1
pg_postmaster_start_time		0	0	timestamptz	0
pg_prepared_statement		0	0	record	1
pg_prepared_xact		0	0	record	1
pg_promote	bool,int4	0	2	bool	0
pg_read_binary_file	text	0	0	bytea	0
pg_read_binary_file	text,int8,int8	0	0	bytea	0
pg_read_binary_file	text,int8,int8,bool	0	0	bytea	0
pg_read_file	text	0	0	text	0
pg_read_file	text,int8,int8	0	0	text	0
pg_read_file	text,int8,int8,bool	0	0	text	0
pg_read_file_old	text,int8,int8	0	0	text	0
pg_relation_filenode	regclass	0	0	oid	0
pg_relation_filepath	regclass	0	0	text	0
pg_relation_is_publishable	regclass	0	0	bool	0
pg_relation_is_updatable	regclass,bool	0	0	int4	0
pg_relation_size	regclass	0	0	int8	0
pg_relation_size	regclass,text	0	0	int8	0
pg_reload_conf		0	0	bool	0
pg_replication_origin_advance	text,pg_lsn	0	0	void	0
pg_replication_origin_create	text	0	0	oid	0
pg_replication_origin_drop	text	0	0	void	0
pg_replication_origin_oid	text	0	0	oid	0
pg_replication_origin_progress	text,bool	0	0	pg_lsn	0
pg_replication_origin_session_is_setup		0	0	bool	0
pg_replication_origin_session_progress	bool	0	0	pg_lsn	0
pg_replication_origin_session_reset		0	0	void	0
pg_replication_origin_session_setup	text	0	0	void	0
pg_replication_origin_xact_reset		0	0	void	0
pg_replication_origin_xact_setup	pg_lsn,timestamptz	0	0	void	0
pg_replication_slot_advance	name,pg_lsn	0	0	record	0
pg_rotate_logfile		0	0	bool	0
pg_rotate_logfile_old		0	0	bool	0
pg_safe_snapshot_blocking_pids	int4	0	0	int4[]	0
pg_sequence_last_value	regclass	0	0	int8	0
pg_sequence_parameters	oid	0	0	record	0
pg_settings_get_flags	text	0	0	text[]	0
pg_show_all_file_settings		0	0	record	1
pg_show_all_settings		0	0	record	1
pg_show_replication_origin_status		0	0	record	1
pg_size_bytes	text	0	0	int8	0
pg_size_pretty	int8	0	0	text	0
pg_size_pretty	numeric	0	0	text	0
pg_sleep	float8	0	0	void	0
pg_sleep_for	interval	0	0	void	0
pg_sleep_until	timestamptz	0	0	void	0
pg_snapshot_in	cstring	0	0	pg_snapshot	0
pg_snapshot_out	pg_snapshot	0	0	cstring	0
pg_snapshot_recv	internal	0	0	pg_snapshot	0
pg_snapshot_send	pg_snapshot	0	0	bytea	0
pg_snapshot_xip	pg_snapshot	0	0	xid8	1
pg_snapshot_xmax	pg_snapshot	0	0	xid8	0
pg_snapshot_xmin	pg_snapshot	0	0	xid8	0
pg_stat_clear_snapshot		0	0	void	0
pg_stat_file	text	0	0	record	0
pg_stat_file	text,bool	0	0	record	0
pg_stat_force_next_flush		0	0	void	0
pg_stat_get_activity	int4	0	0	record	1
pg_stat_get_analyze_count	oid	0	0	int8	0
pg_stat_get_archiver		0	0	record	0
pg_stat_get_autoanalyze_count	oid	0	0	int8	0
pg_stat_get_autovacuum_count	oid	0	0	int8	0
pg_stat_get_backend_activity	int4	0	0	text	0
pg_stat_get_backend_activity_start	int4	0	0	timestamptz	0
pg_stat_get_backend_client_addr	int4	0	0	inet	0
pg_stat_get_backend_client_port	int4	0	0	int4	0
pg_stat_get_backend_dbid	int4	0	0	oid	0
pg_stat_get_backend_idset		0	0	int4	1
pg_stat_get_backend_pid	int4	0	0	int4	0
pg_stat_get_backend_start	int4	0	0	timestamptz	0
pg_stat_get_backend_userid	int4	0	0	oid	0
pg_stat_get_backend_wait_event	int4	0	0	text	0
pg_stat_get_backend_wait_event_type	int4	0	0	text	0
pg_stat_get_backend_xact_start	int4	0	0	timestamptz	0
pg_stat_get_bgwriter_buf_written_checkpoints		0	0	int8	0
pg_stat_get_bgwriter_buf_written_clean		0	0	int8	0
pg_stat_get_bgwriter_maxwritten_clean		0	0	int8	0
pg_stat_get_bgwriter_requested_checkpoints		0	0	int8	0
pg_stat_get_bgwriter_stat_reset_time		0	0	timestamptz	0
pg_stat_get_bgwriter_timed_checkpoints		0	0	int8	0
pg_stat_get_blocks_fetched	oid	0	0	int8	0
pg_stat_get_blocks_hit	oid	0	0	int8	0
pg_stat_get_buf_alloc		0	0	int8	0
pg_stat_get_buf_fsync_backend		0	0	int8	0
pg_stat_get_buf_written_backend		0	0	int8	0
pg_stat_get_checkpoint_sync_time		0	0	float8	0
pg_stat_get_checkpoint_write_time		0	0	float8	0
pg_stat_get_db_active_time	oid	0	0	float8	0
pg_stat_get_db_blk_read_time	oid	0	0	float8	0
pg_stat_get_db_blk_write_time	oid	0	0	float8	0
pg_stat_get_db_blocks_fetched	oid	0	0	int8	0
pg_stat_get_db_blocks_hit	oid	0	0	int8	0
pg_stat_get_db_checksum_failures	oid	0	0	int8	0
pg_stat_get_db_checksum_last_failure	oid	0	0	timestamptz	0
pg_stat_get_db_conflict_all	oid	0	0	int8	0
pg_stat_get_db_conflict_bufferpin	oid	0	0	int8	0
pg_stat_get_db_conflict_lock	oid	0	0	int8	0
pg_stat_get_db_conflict_snapshot	oid	0	0	int8	0
pg_stat_get_db_conflict_startup_deadlock	oid	0	0	int8	0
pg_stat_get_db_conflict_tablespace	oid	0	0	int8	0
pg_stat_get_db_deadlocks	oid	0	0	int8	0
pg_stat_get_db_idle_in_transaction_time	oid	0	0	float8	0
pg_stat_get_db_numbackends	oid	0	0	int4	0
pg_stat_get_db_session_time	oid	0	0	float8	0
pg_stat_get_db_sessions	oid	0	0	int8	0
pg_stat_get_db_sessions_abandoned	oid	0	0	int8	0
pg_stat_get_db_sessions_fatal	oid	0	0	int8	0
pg_stat_get_db_sessions_killed	oid	0	0	int8	0
pg_stat_get_db_stat_reset_time	oid	0	0	timestamptz	0
pg_stat_get_db_temp_bytes	oid	0	0	int8	0
pg_stat_get_db_temp_files	oid	0	0	int8	0
pg_stat_get_db_tuples_deleted	oid	0	0	int8	0
pg_stat_get_db_tuples_fetched	oid	0	0	int8	0
pg_stat_get_db_tuples_inserted	oid	0	0	int8	0
pg_stat_get_db_tuples_returned	oid	0	0	int8	0
pg_stat_get_db_tuples_updated	oid	0	0	int8	0
pg_stat_get_db_xact_commit	oid	0	0	int8	0
pg_stat_get_db_xact_rollback	oid	0	0	int8	0
pg_stat_get_dead_tuples	oid	0	0	int8	0
pg_stat_get_function_calls	oid	0	0	int8	0
pg_stat_get_function_self_time	oid	0	0	float8	0
pg_stat_get_function_total_time	oid	0	0	float8	0
pg_stat_get_ins_since_vacuum	oid	0	0	int8	0
pg_stat_get_last_analyze_time	oid	0	0	timestamptz	0
pg_stat_get_last_autoanalyze_time	oid	0	0	timestamptz	0
pg_stat_get_last_autovacuum_time	oid	0	0	timestamptz	0
pg_stat_get_last_vacuum_time	oid	0	0	timestamptz	0
pg_stat_get_live_tuples	oid	0	0	int8	0
pg_stat_get_mod_since_analyze	oid	0	0	int8	0
pg_stat_get_numscans	oid	0	0	int8	0
pg_stat_get_progress_info	text	0	0	record	1
pg_stat_get_recovery_prefetch		0	0	record	1
pg_stat_get_replication_slot	text	0	0	record	0
pg_stat_get_slru		0	0	record	1
pg_stat_get_snapshot_timestamp		0	0	timestamptz	0
pg_stat_get_subscription	oid	0	0	record	1
pg_stat_get_subscription_stats	oid	0	0	record	0
pg_stat_get_tuples_deleted	oid	0	0	int8	0
pg_stat_get_tuples_fetched	oid	0	0	int8	0
pg_stat_get_tuples_hot_updated	oid	0	0	int8	0
pg_stat_get_tuples_inserted	oid	0	0	int8	0
pg_stat_get_tuples_returned	oid	0	0	int8	0
pg_stat_get_tuples_updated	oid	0	0	int8	0
pg_stat_get_vacuum_count	oid	0	0	int8	0
pg_stat_get_wal		0	0	record	0
pg_stat_get_wal_receiver		0	0	record	0
pg_stat_get_wal_senders		0	0	record	1
pg_stat_get_xact_blocks_fetched	oid	0	0	int8	0
pg_stat_get_xact_blocks_hit	oid	0	0	int8	0
pg_stat_get_xact_function_calls	oid	0	0	int8	0
pg_stat_get_xact_function_self_time	oid	0	0	float8	0
pg_stat_get_xact_function_total_time	oid	0	0	float8	0
pg_stat_get_xact_numscans	oid	0	0	int8	0
pg_stat_get_xact_tuples_deleted	oid	0	0	int8	0
pg_stat_get_xact_tuples_fetched	oid	0	0	int8	0
pg_stat_get_xact_tuples_hot_updated	oid	0	0	int8	0
pg_stat_get_xact_tuples_inserted	oid	0	0	int8	0
pg_stat_get_xact_tuples_returned	oid	0	0	int8	0
pg_stat_get_xact_tuples_updated	oid	0	0	int8	0
pg_stat_have_stats	text,oid,oid	0	0	bool	0
pg_stat_reset		0	0	void	0
pg_stat_reset_replication_slot	text	0	0	void	0
pg_stat_reset_shared	text	0	0	void	0
pg_stat_reset_single_function_counters	oid	0	0	void	0
pg_stat_reset_single_table_counters	oid	0	0	void	0
pg_stat_reset_slru	text	0	0	void	0
pg_stat_reset_subscription_stats	oid	0	0	void	0
pg_statistics_obj_is_visible	oid	0	0	bool	0
pg_stop_making_pinned_objects		0	0	void	0
pg_switch_wal		0	0	pg_lsn	0
pg_table_is_visible	oid	0	0	bool	0
pg_table_size	regclass	0	0	int8	0
pg_tablespace_databases	oid	0	0	oid	1
pg_tablespace_location	oid	0	0	text	0
pg_tablespace_size	name	0	0	int8	0
pg_tablespace_size	oid	0	0	int8	0
pg_terminate_backend	int4,int8	0	1	bool	0
pg_timezone_abbrevs		0	0	record	1
pg_timezone_names		0	0	record	1
pg_total_relation_size	regclass	0	0	int8	0
pg_trigger_depth		0	0	int4	0
pg_try_advisory_lock	int4,int4	0	0	bool	0
pg_try_advisory_lock	int8	0	0	bool	0
pg_try_advisory_lock_shared	int4,int4	0	0	bool	0
pg_try_advisory_lock_shared	int8	0	0	bool	0
pg_try_advisory_xact_lock	int4,int4	0	0	bool	0
pg_try_advisory_xact_lock	int8	0	0	bool	0
pg_try_advisory_xact_lock_shared	int4,int4	0	0	bool	0
pg_try_advisory_xact_lock_shared	int8	0	0	bool	0
pg_ts_config_is_visible	oid	0	0	bool	0
pg_ts_dict_is_visible	oid	0	0	bool	0
pg_ts_parser_is_visible	oid	0	0	bool	0
pg_ts_template_is_visible	oid	0	0	bool	0
pg_type_is_visible	oid	0	0	bool	0
pg_typeof	any	0	0	regtype	0
pg_visible_in_snapshot	xid8,pg_snapshot	0	0	bool	0
pg_wal_lsn_diff	pg_lsn,pg_lsn	0	0	numeric	0
pg_wal_replay_pause		0	0	void	0
pg_wal_replay_resume		0	0	void	0
pg_walfile_name	pg_lsn	0	0	text	0
pg_walfile_name_offset	pg_lsn	0	0	record	0
pg_xact_commit_timestamp	xid	0	0	timestamptz	0
pg_xact_commit_timestamp_origin	xid	0	0	record	0
pg_xact_status	xid8	0	0	text	0
phraseto_tsquery	regconfig,text	0	0	tsquery	0
phraseto_tsquery	text	0	0	tsquery	0
pi		0	0	float8	0
plainto_tsquery	regconfig,text	0	0	tsquery	0
plainto_tsquery	text	0	0	tsquery	0
plpgsql_call_handler		0	0	language_handler	0
plpgsql_inline_handler	internal	0	0	void	0
plpgsql_validator	oid	0	0	void	0
point	box	0	0	point	0
point	circle	0	0	point	0
point	float8,float8	0	0	point	0
point	lseg	0	0	point	0
point	polygon	0	0	point	0
point_above	point,point	0	0	bool	0
point_add	point,point	0	0	point	0
point_below	point,point	0	0	bool	0
point_distance	point,point	0	0	float8	0
point_div	point,point	0	0	point	0
point_eq	point,point	0	0	bool	0
point_horiz	point,point	0	0	bool	0
point_in	cstring	0	0	point	0
point_left	point,point	0	0	bool	0
point_mul	point,point	0	0	point	0
point_ne	point,point	0	0	bool	0
point_out	point	0	0	cstring	0
point_recv	internal	0	0	point	0
point_right	point,point	0	0	bool	0
point_send	point	0	0	bytea	0
point_sub	point,point	0	0	point	0
point_vert	point,point	0	0	bool	0
poly_above	polygon,polygon	0	0	bool	0
poly_below	polygon,polygon	0	0	bool	0
poly_center	polygon	0	0	point	0
poly_contain	polygon,polygon	0	0	bool	0
poly_contain_pt	polygon,point	0	0	bool	0
poly_contained	polygon,polygon	0	0	bool	0
poly_distance	polygon,polygon	0	0	float8	0
poly_in	cstring	0	0	polygon	0
poly_left	polygon,polygon	0	0	bool	0
poly_npoints	polygon	0	0	int4	0
poly_out	polygon	0	0	cstring	0
poly_overabove	polygon,polygon	0	0	bool	0
poly_overbelow	polygon,polygon	0	0	bool	0
poly_overlap	polygon,polygon	0	0	bool	0
poly_overleft	polygon,polygon	0	0	bool	0
poly_overright	polygon,polygon	0	0	bool	0
poly_recv	internal	0	0	polygon	0
poly_right	polygon,polygon	0	0	bool	0
poly_same	polygon,polygon	0	0	bool	0
poly_send	polygon	0	0	bytea	0
polygon	box	0	0	polygon	0
polygon	circle	0	0	polygon	0
polygon	int4,circle	0	0	polygon	0
polygon	path	0	0	polygon	0
popen	path	0	0	path	0
position	bit,bit	0	0	int4	0
position	bytea,bytea	0	0	int4	0
position	text,text	0	0	int4	0
positionjoinsel	internal,oid,internal,int2,internal	0	0	float8	0
positionsel	internal,oid,internal,int4	0	0	float8	0
postgresql_fdw_validator	text[],oid	0	0	bool	0
pow	float8,float8	0	0	float8	0
pow	numeric,numeric	0	0	numeric	0
power	float8,float8	0	0	float8	0
power	numeric,numeric	0	0	numeric	0
prefixjoinsel	internal,oid,internal,int2,internal	0	0	float8	0
prefixsel	internal,oid,internal,int4	0	0	float8	0
prsd_end	internal	0	0	void	0
prsd_headline	internal,internal,tsquery	0	0	internal	0
prsd_lextype	internal	0	0	internal	0
prsd_nexttoken	internal,internal,internal	0	0	internal	0
prsd_start	internal,int4	0	0	internal	0
pt_contained_circle	point,circle	0	0	bool	0
pt_contained_poly	point,polygon	0	0	bool	0
query_to_xml	text,bool,bool,text	0	0	xml	0
query_to_xml_and_xmlschema	text,bool,bool,text	0	0	xml	0
query_to_xmlschema	text,bool,bool,text	0	0	xml	0
querytree	tsquery	0	0	text	0
quote_ident	text	0	0	text	0
quote_literal	anyelement	0	0	text	0
quote_literal	text	0	0	text	0
quote_nullable	anyelement	0	0	text	0
quote_nullable	text	0	0	text	0
radians	float8	0	0	float8	0
radius	circle	0	0	float8	0
random		0	0	float8	0
range_adjacent	anyrange,anyrange	0	0	bool	0
range_adjacent_multirange	anyrange,anymultirange	0	0	bool	0
range_after	anyrange,anyrange	0	0	bool	0
range_after_multirange	anyrange,anymultirange	0	0	bool	0
range_agg	anymultirange	0	0	anymultirange	0
range_agg	anyrange	0	0	anymultirange	0
range_agg_finalfn	internal,anyrange	0	0	anymultirange	0
range_agg_transfn	internal,anyrange	0	0	internal	0
range_before	anyrange,anyrange	0	0	bool	0
range_before_multirange	anyrange,anymultirange	0	0	bool	0
range_cmp	anyrange,anyrange	0	0	int4	0
range_contained_by	anyrange,anyrange	0	0	bool	0
range_contained_by_multirange	anyrange,anymultirange	0	0	bool	0
range_contains	anyrange,anyrange	0	0	bool	0
range_contains_elem	anyrange,anyelement	0	0	bool	0
range_contains_multirange	anyrange,anymultirange	0	0	bool	0
range_eq	anyrange,anyrange	0	0	bool	0
range_ge	anyrange,anyrange	0	0	bool	0
range_gist_consistent	internal,anyrange,int2,oid,internal	0	0	bool	0
range_gist_penalty	internal,internal,internal	0	0	internal	0
range_gist_picksplit	internal,internal	0	0	internal	0
range_gist_same	anyrange,anyrange,internal	0	0	internal	0
range_gist_union	internal,internal	0	0	anyrange	0
range_gt	anyrange,anyrange	0	0	bool	0
range_in	cstring,oid,int4	0	0	anyrange	0
range_intersect	anyrange,anyrange	0	0	anyrange	0
range_intersect_agg	anymultirange	0	0	anymultirange	0
range_intersect_agg	anyrange	0	0	anyrange	0
range_intersect_agg_transfn	anyrange,anyrange	0	0	anyrange	0
range_le	anyrange,anyrange	0	0	bool	0
range_lt	anyrange,anyrange	0	0	bool	0
range_merge	anymultirange	0	0	anyrange	0
range_merge	anyrange,anyrange	0	0	anyrange	0
range_minus	anyrange,anyrange	0	0	anyrange	0
range_ne	anyrange,anyrange	0	0	bool	0
range_out	anyrange	0	0	cstring	0
range_overlaps	anyrange,anyrange	0	0	bool	0
range_overlaps_multirange	anyrange,anymultirange	0	0	bool	0
range_overleft	anyrange,anyrange	0	0	bool	0
range_overleft_multirange	anyrange,anymultirange	0	0	bool	0
range_overright	anyrange,anyrange	0	0	bool	0
range_overright_multirange	anyrange,anymultirange	0	0	bool	0
range_recv	internal,oid,int4	0	0	anyrange	0
range_send	anyrange	0	0	bytea	0
range_typanalyze	internal	0	0	bool	0
range_union	anyrange,anyrange	0	0	anyrange	0
rangesel	internal,oid,internal,int4	0	0	float8	0
rank		0	0	int8	0
rank	any	1	0	int8	0
rank_final	internal,any	1	0	int8	0
raw_array_subscript_handler	internal	0	0	internal	0
record_eq	record,record	0	0	bool	0
record_ge	record,record	0	0	bool	0
record_gt	record,record	0	0	bool	0
record_image_eq	record,record	0	0	bool	0
record_image_ge	record,record	0	0	bool	0
record_image_gt	record,record	0	0	bool	0
record_image_le	record,record	0	0	bool	0
record_image_lt	record,record	0	0	bool	0
record_image_ne	record,record	0	0	bool	0
record_in	cstring,oid,int4	0	0	record	0
record_le	record,record	0	0	bool	0
record_lt	record,record	0	0	bool	0
record_ne	record,record	0	0	bool	0
record_out	record	0	0	cstring	0
record_recv	internal,oid,int4	0	0	record	0
record_send	record	0	0	bytea	0
regclass	text	0	0	regclass	0
regclassin	cstring	0	0	regclass	0
regclassout	regclass	0	0	cstring	0
regclassrecv	internal	0	0	regclass	0
regclasssend	regclass	0	0	bytea	0
regcollationin	cstring	0	0	regcollation	0
regcollationout	regcollation	0	0	cstring	0
regcollationrecv	internal	0	0	regcollation	0
regcollationsend	regcollation	0	0	bytea	0
regconfigin	cstring	0	0	regconfig	0
regconfigout	regconfig	0	0	cstring	0
regconfigrecv	internal	0	0	regconfig	0
regconfigsend	regconfig	0	0	bytea	0
regdictionaryin	cstring	0	0	regdictionary	0
regdictionaryout	regdictionary	0	0	cstring	0
regdictionaryrecv	internal	0	0	regdictionary	0
regdictionarysend	regdictionary	0	0	bytea	0
regexeqjoinsel	internal,oid,internal,int2,internal	0	0	float8	0
regexeqsel	internal,oid,internal,int4	0	0	float8	0
regexnejoinsel	internal,oid,internal,int2,internal	0	0	float8	0
regexnesel	internal,oid,internal,int4	0	0	float8	0
regexp_count	text,text	0	0	int4	0
regexp_count	text,text,int4	0	0	int4	0
regexp_count	text,text,int4,text	0	0	int4	0
regexp_instr	text,text	0	0	int4	0
regexp_instr	text,text,int4	0	0	int4	0
regexp_instr	text,text,int4,int4	0	0	int4	0
regexp_instr	text,text,int4,int4,int4	0	0	int4	0
regexp_instr	text,text,int4,int4,int4,text	0	0	int4	0
regexp_instr	text,text,int4,int4,int4,text,int4	0	0	int4	0
regexp_like	text,text	0	0	bool	0
regexp_like	text,text,text	0	0	bool	0
regexp_match	text,text	0	0	text[]	0
regexp_match	text,text,text	0	0	text[]	0
regexp_matches	text,text	0	0	text[]	1
regexp_matches	text,text,text	0	0	text[]	1
regexp_replace	text,text,text	0	0	text	0
regexp_replace	text,text,text,int4	0	0	text	0
regexp_replace	text,text,text,int4,int4	0	0	text	0
regexp_replace	text,text,text,int4,int4,text	0	0	text	0
regexp_replace	text,text,text,text	0	0	text	0
regexp_split_to_array	text,text	0	0	text[]	0
regexp_split_to_array	text,text,text	0	0	text[]	0
regexp_split_to_table	text,text	0	0	text	1
regexp_split_to_table	text,text,text	0	0	text	1
regexp_substr	text,text	0	0	text	0
regexp_substr	text,text,int4	0	0	text	0
regexp_substr	text,text,int4,int4	0	0	text	0
regexp_substr	text,text,int4,int4,text	0	0	text	0
regexp_substr	text,text,int4,int4,text,int4	0	0	text	0
regnamespacein	cstring	0	0	regnamespace	0
regnamespaceout	regnamespace	0	0	cstring	0
regnamespacerecv	internal	0	0	regnamespace	0
regnamespacesend	regnamespace	0	0	bytea	0
regoperatorin	cstring	0	0	regoperator	0
regoperatorout	regoperator	0	0	cstring	0
regoperatorrecv	internal	0	0	regoperator	0
regoperatorsend	regoperator	0	0	bytea	0
regoperin	cstring	0	0	regoper	0
regoperout	regoper	0	0	cstring	0
regoperrecv	internal	0	0	regoper	0
regopersend	regoper	0	0	bytea	0
regprocedurein	cstring	0	0	regprocedure	0
regprocedureout	regprocedure	0	0	cstring	0
regprocedurerecv	internal	0	0	regprocedure	0
regproceduresend	regprocedure	0	0	bytea	0
regprocin	cstring	0	0	regproc	0
regprocout	regproc	0	0	cstring	0
regprocrecv	internal	0	0	regproc	0
regprocsend	regproc	0	0	bytea	0
regr_avgx	float8,float8	0	0	float8	0
regr_avgy	float8,float8	0	0	float8	0
regr_count	float8,float8	0	0	int8	0
regr_intercept	float8,float8	0	0	float8	0
regr_r2	float8,float8	0	0	float8	0
regr_slope	float8,float8	0	0	float8	0
regr_sxx	float8,float8	0	0	float8	0
regr_sxy	float8,float8	0	0	float8	0
regr_syy	float8,float8	0	0	float8	0
regrolein	cstring	0	0	regrole	0
regroleout	regrole	0	0	cstring	0
regrolerecv	internal	0	0	regrole	0
regrolesend	regrole	0	0	bytea	0
regtypein	cstring	0	0	regtype	0
regtypeout	regtype	0	0	cstring	0
regtyperecv	internal	0	0	regtype	0
regtypesend	regtype	0	0	bytea	0
repeat	text,int4	0	0	text	0
replace	text,text,text	0	0	text	0
reverse	text	0	0	text	0
right	text,int4	0	0	text	0
round	float8	0	0	float8	0
round	numeric	0	0	numeric	0
round	numeric,int4	0	0	numeric	0
row_number		0	0	int8	0
row_security_active	oid	0	0	bool	0
row_security_active	text	0	0	bool	0
row_to_json	record	0	0	json	0
row_to_json	record,bool	0	0	json	0
rpad	text,int4	0	0	text	0
rpad	text,int4,text	0	0	text	0
rtrim	bytea,bytea	0	0	bytea	0
rtrim	text	0	0	text	0
rtrim	text,text	0	0	text	0
satisfies_hash_partition	oid,int4,int4,any	1	0	bool	0
scalargejoinsel	internal,oid,internal,int2,internal	0	0	float8	0
scalargesel	internal,oid,internal,int4	0	0	float8	0
scalargtjoinsel	internal,oid,internal,int2,internal	0	0	float8	0
scalargtsel	internal,oid,internal,int4	0	0	float8	0
scalarlejoinsel	internal,oid,internal,int2,internal	0	0	float8	0
scalarlesel	internal,oid,internal,int4	0	0	float8	0
scalarltjoinsel	internal,oid,internal,int2,internal	0	0	float8	0
scalarltsel	internal,oid,internal,int4	0	0	float8	0
scale	numeric	0	0	int4	0
schema_to_xml	name,bool,bool,text	0	0	xml	0
schema_to_xml_and_xmlschema	name,bool,bool,text	0	0	xml	0
schema_to_xmlschema	name,bool,bool,text	0	0	xml	0
session_user		0	0	name	0
set_bit	bit,int4,int4	0	0	bit	0
set_bit	bytea,int8,int4	0	0	bytea	0
set_byte	bytea,int4,int4	0	0	bytea	0
set_config	text,text,bool	0	0	text	0
set_masklen	cidr,int4	0	0	cidr	0
set_masklen	inet,int4	0	0	inet	0
setseed	float8	0	0	void	0
setval	regclass,int8	0	0	int8	0
setval	regclass,int8,bool	0	0	int8	0
setweight	tsvector,char	0	0	tsvector	0
setweight	tsvector,char,text[]	0	0	tsvector	0
sha224	bytea	0	0	bytea	0
sha256	bytea	0	0	bytea	0
sha384	bytea	0	0	bytea	0
sha512	bytea	0	0	bytea	0
shell_in	cstring	0	0	void	0
shell_out	void	0	0	cstring	0
shift_jis_2004_to_euc_jis_2004	int4,int4,cstring,internal,int4,bool	0	0	int4	0
shift_jis_2004_to_utf8	int4,int4,cstring,internal,int4,bool	0	0	int4	0
shobj_description	oid,name	0	0	text	0
sign	float8	0	0	float8	0
sign	numeric	0	0	numeric	0
similar_escape	text,text	0	0	text	0
similar_to_escape	text	0	0	text	0
similar_to_escape	text,text	0	0	text	0
sin	float8	0	0	float8	0
sind	float8	0	0	float8	0
sinh	float8	0	0	float8	0
sjis_to_euc_jp	int4,int4,cstring,internal,int4,bool	0	0	int4	0
sjis_to_mic	int4,int4,cstring,internal,int4,bool	0	0	int4	0
sjis_to_utf8	int4,int4,cstring,internal,int4,bool	0	0	int4	0
slope	point,point	0	0	float8	0
spg_bbox_quad_config	internal,internal	0	0	void	0
spg_box_quad_choose	internal,internal	0	0	void	0
spg_box_quad_config	internal,internal	0	0	void	0
spg_box_quad_inner_consistent	internal,internal	0	0	void	0
spg_box_quad_leaf_consistent	internal,internal	0	0	bool	0
spg_box_quad_picksplit	internal,internal	0	0	void	0
spg_kd_choose	internal,internal	0	0	void	0
spg_kd_config	internal,internal	0	0	void	0
spg_kd_inner_consistent	internal,internal	0	0	void	0
spg_kd_picksplit	internal,internal	0	0	void	0
spg_poly_quad_compress	polygon	0	0	box	0
spg_quad_choose	internal,internal	0	0	void	0
spg_quad_config	internal,internal	0	0	void	0
spg_quad_inner_consistent	internal,internal	0	0	void	0
spg_quad_leaf_consistent	internal,internal	0	0	bool	0
spg_quad_picksplit	internal,internal	0	0	void	0
spg_range_quad_choose	internal,internal	0	0	void	0
spg_range_quad_config	internal,internal	0	0	void	0
spg_range_quad_inner_consistent	internal,internal	0	0	void	0
spg_range_quad_leaf_consistent	internal,internal	0	0	bool	0
spg_range_quad_picksplit	internal,internal	0	0	void	0
spg_text_choose	internal,internal	0	0	void	0
spg_text_config	internal,internal	0	0	void	0
spg_text_inner_consistent	internal,internal	0	0	void	0
spg_text_leaf_consistent	internal,internal	0	0	bool	0
spg_text_picksplit	internal,internal	0	0	void	0
spghandler	internal	0	0	index_am_handler	0
split_part	text,text,int4	0	0	text	0
sqrt	float8	0	0	float8	0
sqrt	numeric	0	0	numeric	0
starts_with	text,text	0	0	bool	0
statement_timestamp		0	0	timestamptz	0
stddev	float4	0	0	float8	0
stddev	float8	0	0	float8	0
stddev	int2	0	0	numeric	0
stddev	int4	0	0	numeric	0
stddev	int8	0	0	numeric	0
stddev	numeric	0	0	numeric	0
stddev_pop	float4	0	0	float8	0
stddev_pop	float8	0	0	float8	0
stddev_pop	int2	0	0	numeric	0
stddev_pop	int4	0	0	numeric	0
stddev_pop	int8	0	0	numeric	0
stddev_pop	numeric	0	0	numeric	0
stddev_samp	float4	0	0	float8	0
stddev_samp	float8	0	0	float8	0
stddev_samp	int2	0	0	numeric	0
stddev_samp	int4	0	0	numeric	0
stddev_samp	int8	0	0	numeric	0
stddev_samp	numeric	0	0	numeric	0
string_agg	bytea,bytea	0	0	bytea	0
string_agg	text,text	0	0	text	0
string_agg_finalfn	internal	0	0	text	0
string_agg_transfn	internal,text,text	0	0	internal	0
string_to_array	text,text	0	0	text[]	0
string_to_array	text,text,text	0	0	text[]	0
string_to_table	text,text	0	0	text	1
string_to_table	text,text,text	0	0	text	1
strip	tsvector	0	0	tsvector	0
strpos	text,text	0	0	int4	0
substr	bytea,int4	0	0	bytea	0
substr	bytea,int4,int4	0	0	bytea	0
substr	text,int4	0	0	text	0
substr	text,int4,int4	0	0	text	0
substring	bit,int4	0	0	bit	0
substring	bit,int4,int4	0	0	bit	0
substring	bytea,int4	0	0	bytea	0
substring	bytea,int4,int4	0	0	bytea	0
substring	text,int4	0	0	text	0
substring	text,int4,int4	0	0	text	0
substring	text,text	0	0	text	0
substring	text,text,text	0	0	text	0
sum	float4	0	0	float4	0
sum	float8	0	0	float8	0
sum	int2	0	0	int8	0
sum	int4	0	0	int8	0
sum	int8	0	0	numeric	0
sum	interval	0	0	interval	0
sum	money	0	0	money	0
sum	numeric	0	0	numeric	0
suppress_redundant_updates_trigger		0	0	trigger	0
system	internal	0	0	tsm_handler	0
table_am_handler_in	cstring	0	0	table_am_handler	0
table_am_handler_out	table_am_handler	0	0	cstring	0
table_to_xml	regclass,bool,bool,text	0	0	xml	0
table_to_xml_and_xmlschema	regclass,bool,bool,text	0	0	xml	0
table_to_xmlschema	regclass,bool,bool,text	0	0	xml	0
tan	float8	0	0	float8	0
tand	float8	0	0	float8	0
tanh	float8	0	0	float8	0
text	bool	0	0	text	0
text	bpchar	0	0	text	0
text	char	0	0	text	0
text	inet	0	0	text	0
text	name	0	0	text	0
text	xml	0	0	text	0
text_ge	text,text	0	0	bool	0
text_gt	text,text	0	0	bool	0
text_larger	text,text	0	0	text	0
text_le	text,text	0	0	bool	0
text_lt	text,text	0	0	bool	0
text_pattern_ge	text,text	0	0	bool	0
text_pattern_gt	text,text	0	0	bool	0
text_pattern_le	text,text	0	0	bool	0
text_pattern_lt	text,text	0	0	bool	0
text_smaller	text,text	0	0	text	0
text_starts_with_support	internal	0	0	internal	0
textanycat	text,anynonarray	0	0	text	0
textcat	text,text	0	0	text	0
texteq	text,text	0	0	bool	0
texteqname	text,name	0	0	bool	0
textgename	text,name	0	0	bool	0
textgtname	text,name	0	0	bool	0
texticlike	text,text	0	0	bool	0
texticlike_support	internal	0	0	internal	0
texticnlike	text,text	0	0	bool	0
texticregexeq	text,text	0	0	bool	0
texticregexeq_support	internal	0	0	internal	0
texticregexne	text,text	0	0	bool	0
textin	cstring	0	0	text	0
textlen	text	0	0	int4	0
textlename	text,name	0	0	bool	0
textlike	text,text	0	0	bool	0
textlike_support	internal	0	0	internal	0
textltname	text,name	0	0	bool	0
textne	text,text	0	0	bool	0
textnename	text,name	0	0	bool	0
textnlike	text,text	0	0	bool	0
textout	text	0	0	cstring	0
textrecv	internal	0	0	text	0
textregexeq	text,text	0	0	bool	0
textregexeq_support	internal	0	0	internal	0
textregexne	text,text	0	0	bool	0
textsend	text	0	0	bytea	0
thesaurus_init	internal	0	0	internal	0
thesaurus_lexize	internal,internal,internal,internal	0	0	internal	0
tideq	tid,tid	0	0	bool	0
tidge	tid,tid	0	0	bool	0
tidgt	tid,tid	0	0	bool	0
tidin	cstring	0	0	tid	0
tidlarger	tid,tid	0	0	tid	0
tidle	tid,tid	0	0	bool	0
tidlt	tid,tid	0	0	bool	0
tidne	tid,tid	0	0	bool	0
tidout	tid	0	0	cstring	0
tidrecv	internal	0	0	tid	0
tidsend	tid	0	0	bytea	0
tidsmaller	tid,tid	0	0	tid	0
time	interval	0	0	time	0
time	time,int4	0	0	time	0
time	timestamp	0	0	time	0
time	timestamptz	0	0	time	0
time	timetz	0	0	time	0
time_cmp	time,time	0	0	int4	0
time_eq	time,time	0	0	bool	0
time_ge	time,time	0	0	bool	0
time_gt	time,time	0	0	bool	0
time_hash	time	0	0	int4	0
time_hash_extended	time,int8	0	0	int8	0
time_in	cstring,oid,int4	0	0	time	0
time_larger	time,time	0	0	time	0
time_le	time,time	0	0	bool	0
time_lt	time,time	0	0	bool	0
time_mi_interval	time,interval	0	0	time	0
time_mi_time	time,time	0	0	interval	0
time_ne	time,time	0	0	bool	0
time_out	time	0	0	cstring	0
time_pl_interval	time,interval	0	0	time	0
time_recv	internal,oid,int4	0	0	time	0
time_send	time	0	0	bytea	0
time_smaller	time,time	0	0	time	0
time_support	internal	0	0	internal	0
timedate_pl	time,date	0	0	timestamp	0
timeofday		0	0	text	0
timestamp	date	0	0	timestamp	0
timestamp	date,time	0	0	timestamp	0
timestamp	timestamp,int4	0	0	timestamp	0
timestamp	timestamptz	0	0	timestamp	0
timestamp_cmp	timestamp,timestamp	0	0	int4	0
timestamp_cmp_date	timestamp,date	0	0	int4	0
timestamp_cmp_timestamptz	timestamp,timestamptz	0	0	int4	0
timestamp_eq	timestamp,timestamp	0	0	bool	0
timestamp_eq_date	timestamp,date	0	0	bool	0
timestamp_eq_timestamptz	timestamp,timestamptz	0	0	bool	0
timestamp_ge	timestamp,timestamp	0	0	bool	0
timestamp_ge_date	timestamp,date	0	0	bool	0
timestamp_ge_timestamptz	timestamp,timestamptz	0	0	bool	0
timestamp_gt	timestamp,timestamp	0	0	bool	0
timestamp_gt_date	timestamp,date	0	0	bool	0
timestamp_gt_timestamptz	timestamp,timestamptz	0	0	bool	0
timestamp_hash	timestamp	0	0	int4	0
timestamp_hash_extended	timestamp,int8	0	0	int8	0
timestamp_in	cstring,oid,int4	0	0	timestamp	0
timestamp_larger	timestamp,timestamp	0	0	timestamp	0
timestamp_le	timestamp,timestamp	0	0	bool	0
timestamp_le_date	timestamp,date	0	0	bool	0
timestamp_le_timestamptz	timestamp,timestamptz	0	0	bool	0
timestamp_lt	timestamp,timestamp	0	0	bool	0
timestamp_lt_date	timestamp,date	0	0	bool	0
timestamp_lt_timestamptz	timestamp,timestamptz	0	0	bool	0
timestamp_mi	timestamp,timestamp	0	0	interval	0
timestamp_mi_interval	timestamp,interval	0	0	timestamp	0
timestamp_ne	timestamp,timestamp	0	0	bool	0
timestamp_ne_date	timestamp,date	0	0	bool	0
timestamp_ne_timestamptz	timestamp,timestamptz	0	0	bool	0
timestamp_out	timestamp	0	0	cstring	0
timestamp_pl_interval	timestamp,interval	0	0	timestamp	0
timestamp_recv	internal,oid,int4	0	0	timestamp	0
timestamp_send	timestamp	0	0	bytea	0
timestamp_smaller	timestamp,timestamp	0	0	timestamp	0
timestamp_sortsupport	internal	0	0	void	0
timestamp_support	internal	0	0	internal	0
timestamptypmodin	cstring[]	0	0	int4	0
timestamptypmodout	int4	0	0	cstring	0
timestamptz	date	0	0	timestamptz	0
timestamptz	date,time	0	0	timestamptz	0
timestamptz	date,timetz	0	0	timestamptz	0
timestamptz	timestamp	0	0	timestamptz	0
timestamptz	timestamptz,int4	0	0	timestamptz	0
timestamptz_cmp	timestamptz,timestamptz	0	0	int4	0
timestamptz_cmp_date	timestamptz,date	0	0	int4	0
timestamptz_cmp_timestamp	timestamptz,timestamp	0	0	int4	0
timestamptz_eq	timestamptz,timestamptz	0	0	bool	0
timestamptz_eq_date	timestamptz,date	0	0	bool	0
timestamptz_eq_timestamp	timestamptz,timestamp	0	0	bool	0
timestamptz_ge	timestamptz,timestamptz	0	0	bool	0
timestamptz_ge_date	timestamptz,date	0	0	bool	0
timestamptz_ge_timestamp	timestamptz,timestamp	0	0	bool	0
timestamptz_gt	timestamptz,timestamptz	0	0	bool	0
timestamptz_gt_date	timestamptz,date	0	0	bool	0
timestamptz_gt_timestamp	timestamptz,timestamp	0	0	bool	0
timestamptz_in	cstring,oid,int4	0	0	timestamptz	0
timestamptz_larger	timestamptz,timestamptz	0	0	timestamptz	0
timestamptz_le	timestamptz,timestamptz	0	0	bool	0
timestamptz_le_date	timestamptz,date	0	0	bool	0
timestamptz_le_timestamp	timestamptz,timestamp	0	0	bool	0
timestamptz_lt	timestamptz,timestamptz	0	0	bool	0
timestamptz_lt_date	timestamptz,date	0	0	bool	0
timestamptz_lt_timestamp	timestamptz,timestamp	0	0	bool	0
timestamptz_mi	timestamptz,timestamptz	0	0	interval	0
timestamptz_mi_interval	timestamptz,interval	0	0	timestamptz	0
timestamptz_ne	timestamptz,timestamptz	0	0	bool	0
timestamptz_ne_date	timestamptz,date	0	0	bool	0
timestamptz_ne_timestamp	timestamptz,timestamp	0	0	bool	0
timestamptz_out	timestamptz	0	0	cstring	0
timestamptz_pl_interval	timestamptz,interval	0	0	timestamptz	0
timestamptz_recv	internal,oid,int4	0	0	timestamptz	0
timestamptz_send	timestamptz	0	0	bytea	0
timestamptz_smaller	timestamptz,timestamptz	0	0	timestamptz	0
timestamptztypmodin	cstring[]	0	0	int4	0
timestamptztypmodout	int4	0	0	cstring	0
timetypmodin	cstring[]	0	0	int4	0
timetypmodout	int4	0	0	cstring	0
timetz	time	0	0	timetz	0
timetz	timestamptz	0	0	timetz	0
timetz	timetz,int4	0	0	timetz	0
timetz_cmp	timetz,timetz	0	0	int4	0
timetz_eq	timetz,timetz	0	0	bool	0
timetz_ge	timetz,timetz	0	0	bool	0
timetz_gt	timetz,timetz	0	0	bool	0
timetz_hash	timetz	0	0	int4	0
timetz_hash_extended	timetz,int8	0	0	int8	0
timetz_in	cstring,oid,int4	0	0	timetz	0
timetz_larger	timetz,timetz	0	0	timetz	0
timetz_le	timetz,timetz	0	0	bool	0
timetz_lt	timetz,timetz	0	0	bool	0
timetz_mi_interval	timetz,interval	0	0	timetz	0
timetz_ne	timetz,timetz	0	0	bool	0
timetz_out	timetz	0	0	cstring	0
timetz_pl_interval	timetz,interval	0	0	timetz	0
timetz_recv	internal,oid,int4	0	0	timetz	0
timetz_send	timetz	0	0	bytea	0
timetz_smaller	timetz,timetz	0	0	timetz	0
timetzdate_pl	timetz,date	0	0	timestamptz	0
timetztypmodin	cstring[]	0	0	int4	0
timetztypmodout	int4	0	0	cstring	0
timezone	interval,timestamp	0	0	timestamptz	0
timezone	interval,timestamptz	0	0	timestamp	0
timezone	interval,timetz	0	0	timetz	0
timezone	text,timestamp	0	0	timestamptz	0
timezone	text,timestamptz	0	0	timestamp	0
timezone	text,timetz	0	0	timetz	0
to_ascii	text	0	0	text	0
to_ascii	text,int4	0	0	text	0
to_ascii	text,name	0	0	text	0
to_char	float4,text	0	0	text	0
to_char	float8,text	0	0	text	0
to_char	int4,text	0	0	text	0
to_char	int8,text	0	0	text	0
to_char	interval,text	0	0	text	0
to_char	numeric,text	0	0	text	0
to_char	timestamp,text	0	0	text	0
to_char	timestamptz,text	0	0	text	0
to_date	text,text	0	0	date	0
to_hex	int4	0	0	text	0
to_hex	int8	0	0	text	0
to_json	anyelement	0	0	json	0
to_jsonb	anyelement	0	0	jsonb	0
to_number	text,text	0	0	numeric	0
to_regclass	text	0	0	regclass	0
to_regcollation	text	0	0	regcollation	0
to_regnamespace	text	0	0	regnamespace	0
to_regoper	text	0	0	regoper	0
to_regoperator	text	0	0	regoperator	0
to_regproc	text	0	0	regproc	0
to_regprocedure	text	0	0	regprocedure	0
to_regrole	text	0	0	regrole	0
to_regtype	text	0	0	regtype	0
to_timestamp	float8	0	0	timestamptz	0
to_timestamp	text,text	0	0	timestamptz	0
to_tsquery	regconfig,text	0	0	tsquery	0
to_tsquery	text	0	0	tsquery	0
to_tsvector	json	0	0	tsvector	0
to_tsvector	jsonb	0	0	tsvector	0
to_tsvector	regconfig,json	0	0	tsvector	0
to_tsvector	regconfig,jsonb	0	0	tsvector	0
to_tsvector	regconfig,text	0	0	tsvector	0
to_tsvector	text	0	0	tsvector	0
transaction_timestamp		0	0	timestamptz	0
translate	text,text,text	0	0	text	0
trigger_in	cstring	0	0	trigger	0
trigger_out	trigger	0	0	cstring	0
trim_array	anyarray,int4	0	0	anyarray	0
trim_scale	numeric	0	0	numeric	0
trunc	float8	0	0	float8	0
trunc	macaddr	0	0	macaddr	0
trunc	macaddr8	0	0	macaddr8	0
trunc	numeric	0	0	numeric	0
trunc	numeric,int4	0	0	numeric	0
ts_debug	regconfig,text	0	0	record	1
ts_debug	text	0	0	record	1
ts_delete	tsvector,text	0	0	tsvector	0
ts_delete	tsvector,text[]	0	0	tsvector	0
ts_filter	tsvector,char[]	0	0	tsvector	0
ts_headline	json,tsquery	0	0	json	0
ts_headline	json,tsquery,text	0	0	json	0
ts_headline	jsonb,tsquery	0	0	jsonb	0
ts_headline	jsonb,tsquery,text	0	0	jsonb	0
ts_headline	regconfig,json,tsquery	0	0	json	0
ts_headline	regconfig,json,tsquery,text	0	0	json	0
ts_headline	regconfig,jsonb,tsquery	0	0	jsonb	0
ts_headline	regconfig,jsonb,tsquery,text	0	0	jsonb	0
ts_headline	regconfig,text,tsquery	0	0	text	0
ts_headline	regconfig,text,tsquery,text	0	0	text	0
ts_headline	text,tsquery	0	0	text	0
ts_headline	text,tsquery,text	0	0	text	0
ts_lexize	regdictionary,text	0	0	text[]	0
ts_match_qv	tsquery,tsvector	0	0	bool	0
ts_match_tq	text,tsquery	0	0	bool	0
ts_match_tt	text,text	0	0	bool	0
ts_match_vq	tsvector,tsquery	0	0	bool	0
ts_parse	oid,text	0	0	record	1
ts_parse	text,text	0	0	record	1
ts_rank	float4[],tsvector,tsquery	0	0	float4	0
ts_rank	float4[],tsvector,tsquery,int4	0	0	float4	0
ts_rank	tsvector,tsquery	0	0	float4	0
ts_rank	tsvector,tsquery,int4	0	0	float4	0
ts_rank_cd	float4[],tsvector,tsquery	0	0	float4	0
ts_rank_cd	float4[],tsvector,tsquery,int4	0	0	float4	0
ts_rank_cd	tsvector,tsquery	0	0	float4	0
ts_rank_cd	tsvector,tsquery,int4	0	0	float4	0
ts_rewrite	tsquery,text	0	0	tsquery	0
ts_rewrite	tsquery,tsquery,tsquery	0	0	tsquery	0
ts_stat	text	0	0	record	1
ts_stat	text,text	0	0	record	1
ts_token_type	oid	0	0	record	1
ts_token_type	text	0	0	record	1
ts_typanalyze	internal	0	0	bool	0
tsm_handler_in	cstring	0	0	tsm_handler	0
tsm_handler_out	tsm_handler	0	0	cstring	0
tsmatchjoinsel	internal,oid,internal,int2,internal	0	0	float8	0
tsmatchsel	internal,oid,internal,int4	0	0	float8	0
tsmultirange		0	0	tsmultirange	0
tsmultirange	tsrange	0	0	tsmultirange	0
tsmultirange	tsrange[]	1	0	tsmultirange	0
tsq_mcontained	tsquery,tsquery	0	0	bool	0
tsq_mcontains	tsquery,tsquery	0	0	bool	0
tsquery_and	tsquery,tsquery	0	0	tsquery	0
tsquery_cmp	tsquery,tsquery	0	0	int4	0
tsquery_eq	tsquery,tsquery	0	0	bool	0
tsquery_ge	tsquery,tsquery	0	0	bool	0
tsquery_gt	tsquery,tsquery	0	0	bool	0
tsquery_le	tsquery,tsquery	0	0	bool	0
tsquery_lt	tsquery,tsquery	0	0	bool	0
tsquery_ne	tsquery,tsquery	0	0	bool	0
tsquery_not	tsquery	0	0	tsquery	0
tsquery_or	tsquery,tsquery	0	0	tsquery	0
tsquery_phrase	tsquery,tsquery	0	0	tsquery	0
tsquery_phrase	tsquery,tsquery,int4	0	0	tsquery	0
tsqueryin	cstring	0	0	tsquery	0
tsqueryout	tsquery	0	0	cstring	0
tsqueryrecv	internal	0	0	tsquery	0
tsquerysend	tsquery	0	0	bytea	0
tsrange	timestamp,timestamp	0	0	tsrange	0
tsrange	timestamp,timestamp,text	0	0	tsrange	0
tsrange_subdiff	timestamp,timestamp	0	0	float8	0
tstzmultirange		0	0	tstzmultirange	0
tstzmultirange	tstzrange	0	0	tstzmultirange	0
tstzmultirange	tstzrange[]	1	0	tstzmultirange	0
tstzrange	timestamptz,timestamptz	0	0	tstzrange	0
tstzrange	timestamptz,timestamptz,text	0	0	tstzrange	0
tstzrange_subdiff	timestamptz,timestamptz	0	0	float8	0
tsvector_cmp	tsvector,tsvector	0	0	int4	0
tsvector_concat	tsvector,tsvector	0	0	tsvector	0
tsvector_eq	tsvector,tsvector	0	0	bool	0
tsvector_ge	tsvector,tsvector	0	0	bool	0
tsvector_gt	tsvector,tsvector	0	0	bool	0
tsvector_le	tsvector,tsvector	0	0	bool	0
tsvector_lt	tsvector,tsvector	0	0	bool	0
tsvector_ne	tsvector,tsvector	0	0	bool	0
tsvector_to_array	tsvector	0	0	text[]	0
tsvector_update_trigger		0	0	trigger	0
tsvector_update_trigger_column		0	0	trigger	0
tsvectorin	cstring	0	0	tsvector	0
tsvectorout	tsvector	0	0	cstring	0
tsvectorrecv	internal	0	0	tsvector	0
tsvectorsend	tsvector	0	0	bytea	0
txid_current		0	0	int8	0
txid_current_if_assigned		0	0	int8	0
txid_current_snapshot		0	0	txid_snapshot	0
txid_snapshot_in	cstring	0	0	txid_snapshot	0
txid_snapshot_out	txid_snapshot	0	0	cstring	0
txid_snapshot_recv	internal	0	0	txid_snapshot	0
txid_snapshot_send	txid_snapshot	0	0	bytea	0
txid_snapshot_xip	txid_snapshot	0	0	int8	1
txid_snapshot_xmax	txid_snapshot	0	0	int8	0
txid_snapshot_xmin	txid_snapshot	0	0	int8	0
txid_status	int8	0	0	text	0
txid_visible_in_snapshot	int8,txid_snapshot	0	0	bool	0
uhc_to_utf8	int4,int4,cstring,internal,int4,bool	0	0	int4	0
unique_key_recheck		0	0	trigger	0
unistr	text	0	0	text	0
unknownin	cstring	0	0	unknown	0
unknownout	unknown	0	0	cstring	0
unknownrecv	internal	0	0	unknown	0
unknownsend	unknown	0	0	bytea	0
unnest	anyarray	0	0	anyelement	1
unnest	anymultirange	0	0	anyrange	1
unnest	tsvector	0	0	record	1
upper	anymultirange	0	0	anyelement	0
upper	anyrange	0	0	anyelement	0
upper	text	0	0	text	0
upper_inc	anymultirange	0	0	bool	0
upper_inc	anyrange	0	0	bool	0
upper_inf	anymultirange	0	0	bool	0
upper_inf	anyrange	0	0	bool	0
utf8_to_big5	int4,int4,cstring,internal,int4,bool	0	0	int4	0
utf8_to_euc_cn	int4,int4,cstring,internal,int4,bool	0	0	int4	0
utf8_to_euc_jis_2004	int4,int4,cstring,internal,int4,bool	0	0	int4	0
utf8_to_euc_jp	int4,int4,cstring,internal,int4,bool	0	0	int4	0
utf8_to_euc_kr	int4,int4,cstring,internal,int4,bool	0	0	int4	0
utf8_to_euc_tw	int4,int4,cstring,internal,int4,bool	0	0	int4	0
utf8_to_gb18030	int4,int4,cstring,internal,int4,bool	0	0	int4	0
utf8_to_gbk	int4,int4,cstring,internal,int4,bool	0	0	int4	0
utf8_to_iso8859	int4,int4,cstring,internal,int4,bool	0	0	int4	0
utf8_to_iso8859_1	int4,int4,cstring,internal,int4,bool	0	0	int4	0
utf8_to_johab	int4,int4,cstring,internal,int4,bool	0	0	int4	0
utf8_to_koi8r	int4,int4,cstring,internal,int4,bool	0	0	int4	0
utf8_to_koi8u	int4,int4,cstring,internal,int4,bool	0	0	int4	0
utf8_to_shift_jis_2004	int4,int4,cstring,internal,int4,bool	0	0	int4	0
utf8_to_sjis	int4,int4,cstring,internal,int4,bool	0	0	int4	0
utf8_to_uhc	int4,int4,cstring,internal,int4,bool	0	0	int4	0
utf8_to_win	int4,int4,cstring,internal,int4,bool	0	0	int4	0
uuid_cmp	uuid,uuid	0	0	int4	0
uuid_eq	uuid,uuid	0	0	bool	0
uuid_ge	uuid,uuid	0	0	bool	0
uuid_gt	uuid,uuid	0	0	bool	0
uuid_hash	uuid	0	0	int4	0
uuid_hash_extended	uuid,int8	0	0	int8	0
uuid_in	cstring	0	0	uuid	0
uuid_le	uuid,uuid	0	0	bool	0
uuid_lt	uuid,uuid	0	0	bool	0
uuid_ne	uuid,uuid	0	0	bool	0
uuid_out	uuid	0	0	cstring	0
uuid_recv	internal	0	0	uuid	0
uuid_send	uuid	0	0	bytea	0
uuid_sortsupport	internal	0	0	void	0
var_pop	float4	0	0	float8	0
var_pop	float8	0	0	float8	0
var_pop	int2	0	0	numeric	0
var_pop	int4	0	0	numeric	0
var_pop	int8	0	0	numeric	0
var_pop	numeric	0	0	numeric	0
var_samp	float4	0	0	float8	0
var_samp	float8	0	0	float8	0
var_samp	int2	0	0	numeric	0
var_samp	int4	0	0	numeric	0
var_samp	int8	0	0	numeric	0
var_samp	numeric	0	0	numeric	0
varbit	varbit,int4,bool	0	0	varbit	0
varbit_in	cstring,oid,int4	0	0	varbit	0
varbit_out	varbit	0	0	cstring	0
varbit_recv	internal,oid,int4	0	0	varbit	0
varbit_send	varbit	0	0	bytea	0
varbit_support	internal	0	0	internal	0
varbitcmp	varbit,varbit	0	0	int4	0
varbiteq	varbit,varbit	0	0	bool	0
varbitge	varbit,varbit	0	0	bool	0
varbitgt	varbit,varbit	0	0	bool	0
varbitle	varbit,varbit	0	0	bool	0
varbitlt	varbit,varbit	0	0	bool	0
varbitne	varbit,varbit	0	0	bool	0
varbittypmodin	cstring[]	0	0	int4	0
varbittypmodout	int4	0	0	cstring	0
varchar	name	0	0	varchar	0
varchar	varchar,int4,bool	0	0	varchar	0
varchar_support	internal	0	0	internal	0
varcharin	cstring,oid,int4	0	0	varchar	0
varcharout	varchar	0	0	cstring	0
varcharrecv	internal,oid,int4	0	0	varchar	0
varcharsend	varchar	0	0	bytea	0
varchartypmodin	cstring[]	0	0	int4	0
varchartypmodout	int4	0	0	cstring	0
variance	float4	0	0	float8	0
variance	float8	0	0	float8	0
variance	int2	0	0	numeric	0
variance	int4	0	0	numeric	0
variance	int8	0	0	numeric	0
variance	numeric	0	0	numeric	0
version		0	0	text	0
void_in	cstring	0	0	void	0
void_out	void	0	0	cstring	0
void_recv	internal	0	0	void	0
void_send	void	0	0	bytea	0
websearch_to_tsquery	regconfig,text	0	0	tsquery	0
websearch_to_tsquery	text	0	0	tsquery	0
width	box	0	0	float8	0
width_bucket	anycompatible,anycompatiblearray	0	0	int4	0
width_bucket	float8,float8,float8,int4	0	0	int4	0
width_bucket	numeric,numeric,numeric,int4	0	0	int4	0
win1250_to_latin2	int4,int4,cstring,internal,int4,bool	0	0	int4	0
win1250_to_mic	int4,int4,cstring,internal,int4,bool	0	0	int4	0
win1251_to_iso	int4,int4,cstring,internal,int4,bool	0	0	int4	0
win1251_to_koi8r	int4,int4,cstring,internal,int4,bool	0	0	int4	0
win1251_to_mic	int4,int4,cstring,internal,int4,bool	0	0	int4	0
win1251_to_win866	int4,int4,cstring,internal,int4,bool	0	0	int4	0
win866_to_iso	int4,int4,cstring,internal,int4,bool	0	0	int4	0
win866_to_koi8r	int4,int4,cstring,internal,int4,bool	0	0	int4	0
win866_to_mic	int4,int4,cstring,internal,int4,bool	0	0	int4	0
win866_to_win1251	int4,int4,cstring,internal,int4,bool	0	0	int4	0
win_to_utf8	int4,int4,cstring,internal,int4,bool	0	0	int4	0
window_dense_rank_support	internal	0	0	internal	0
window_rank_support	internal	0	0	internal	0
window_row_number_support	internal	0	0	internal	0
xid	xid8	0	0	xid	0
xid8_larger	xid8,xid8	0	0	xid8	0
xid8_smaller	xid8,xid8	0	0	xid8	0
xid8cmp	xid8,xid8	0	0	int4	0
xid8eq	xid8,xid8	0	0	bool	0
xid8ge	xid8,xid8	0	0	bool	0
xid8gt	xid8,xid8	0	0	bool	0
xid8in	cstring	0	0	xid8	0
xid8le	xid8,xid8	0	0	bool	0
xid8lt	xid8,xid8	0	0	bool	0
xid8ne	xid8,xid8	0	0	bool	0
xid8out	xid8	0	0	cstring	0
xid8recv	internal	0	0	xid8	0
xid8send	xid8	0	0	bytea	0
xideq	xid,xid	0	0	bool	0
xideqint4	xid,int4	0	0	bool	0
xidin	cstring	0	0	xid	0
xidneq	xid,xid	0	0	bool	0
xidneqint4	xid,int4	0	0	bool	0
xidout	xid	0	0	cstring	0
xidrecv	internal	0	0	xid	0
xidsend	xid	0	0	bytea	0
xml	text	0	0	xml	0
xml_in	cstring	0	0	xml	0
xml_is_well_formed	text	0	0	bool	0
xml_is_well_formed_content	text	0	0	bool	0
xml_is_well_formed_document	text	0	0	bool	0
xml_out	xml	0	0	cstring	0
xml_recv	internal	0	0	xml	0
xml_send	xml	0	0	bytea	0
xmlagg	xml	0	0	xml	0
xmlcomment	text	0	0	xml	0
xmlconcat2	xml,xml	0	0	xml	0
xmlexists	text,xml	0	0	bool	0
xmlvalidate	xml,text	0	0	bool	0
xpath	text,xml	0	0	xml[]	0
xpath	text,xml,text[]	0	0	xml[]	0
xpath_exists	text,xml	0	0	bool	0
xpath_exists	text,xml,text[]	0	0	bool	0
