information_schema	_pg_foreign_data_wrappers	oid	1	\N	YES	oid	\N	\N	\N	\N	oid	NO	\N	NEVER	\N	pg_catalog
information_schema	_pg_foreign_data_wrappers	fdwowner	2	\N	YES	oid	\N	\N	\N	\N	oid	NO	\N	NEVER	\N	pg_catalog
information_schema	_pg_foreign_data_wrappers	fdwoptions	3	\N	YES	ARRAY	\N	\N	\N	\N	_text	NO	C	NEVER	\N	pg_catalog
information_schema	_pg_foreign_data_wrappers	foreign_data_wrapper_catalog	4	\N	YES	name	\N	\N	\N	\N	name	NO	C	NEVER	sql_identifier	pg_catalog
information_schema	_pg_foreign_data_wrappers	foreign_data_wrapper_name	5	\N	YES	name	\N	\N	\N	\N	name	NO	C	NEVER	sql_identifier	pg_catalog
information_schema	_pg_foreign_data_wrappers	authorization_identifier	6	\N	YES	name	\N	\N	\N	\N	name	NO	C	NEVER	sql_identifier	pg_catalog
information_schema	_pg_foreign_data_wrappers	foreign_data_wrapper_language	7	\N	YES	character varying	\N	\N	\N	\N	varchar	NO	C	NEVER	character_data	pg_catalog
information_schema	_pg_foreign_servers	oid	1	\N	YES	oid	\N	\N	\N	\N	oid	NO	\N	NEVER	\N	pg_catalog
information_schema	_pg_foreign_servers	srvoptions	2	\N	YES	ARRAY	\N	\N	\N	\N	_text	NO	C	NEVER	\N	pg_catalog
information_schema	_pg_foreign_servers	foreign_server_catalog	3	\N	YES	name	\N	\N	\N	\N	name	NO	C	NEVER	sql_identifier	pg_catalog
information_schema	_pg_foreign_servers	foreign_server_name	4	\N	YES	name	\N	\N	\N	\N	name	NO	C	NEVER	sql_identifier	pg_catalog
information_schema	_pg_foreign_servers	foreign_data_wrapper_catalog	5	\N	YES	name	\N	\N	\N	\N	name	NO	C	NEVER	sql_identifier	pg_catalog
information_schema	_pg_foreign_servers	foreign_data_wrapper_name	6	\N	YES	name	\N	\N	\N	\N	name	NO	C	NEVER	sql_identifier	pg_catalog
information_schema	_pg_foreign_servers	foreign_server_type	7	\N	YES	character varying	\N	\N	\N	\N	varchar	NO	C	NEVER	character_data	pg_catalog
information_schema	_pg_foreign_servers	foreign_server_version	8	\N	YES	character varying	\N	\N	\N	\N	varchar	NO	C	NEVER	character_data	pg_catalog
information_schema	_pg_foreign_servers	authorization_identifier	9	\N	YES	name	\N	\N	\N	\N	name	NO	C	NEVER	sql_identifier	pg_catalog
information_schema	_pg_foreign_table_columns	nspname	1	\N	YES	name	\N	\N	\N	\N	name	NO	C	NEVER	\N	pg_catalog
information_schema	_pg_foreign_table_columns	relname	2	\N	YES	name	\N	\N	\N	\N	name	NO	C	NEVER	\N	pg_catalog
information_schema	_pg_foreign_table_columns	attname	3	\N	YES	name	\N	\N	\N	\N	name	NO	C	NEVER	\N	pg_catalog
information_schema	_pg_foreign_table_columns	attfdwoptions	4	\N	YES	ARRAY	\N	\N	\N	\N	_text	NO	C	NEVER	\N	pg_catalog
information_schema	_pg_foreign_tables	foreign_table_catalog	1	\N	YES	name	\N	\N	\N	\N	name	NO	C	NEVER	sql_identifier	pg_catalog
information_schema	_pg_foreign_tables	foreign_table_schema	2	\N	YES	name	\N	\N	\N	\N	name	NO	C	NEVER	sql_identifier	pg_catalog
information_schema	_pg_foreign_tables	foreign_table_name	3	\N	YES	name	\N	\N	\N	\N	name	NO	C	NEVER	sql_identifier	pg_catalog
information_schema	_pg_foreign_tables	ftoptions	4	\N	YES	ARRAY	\N	\N	\N	\N	_text	NO	C	NEVER	\N	pg_catalog
information_schema	_pg_foreign_tables	foreign_server_catalog	5	\N	YES	name	\N	\N	\N	\N	name	NO	C	NEVER	sql_identifier	pg_catalog
information_schema	_pg_foreign_tables	foreign_server_name	6	\N	YES	name	\N	\N	\N	\N	name	NO	C	NEVER	sql_identifier	pg_catalog
information_schema	_pg_foreign_tables	authorization_identifier	7	\N	YES	name	\N	\N	\N	\N	name	NO	C	NEVER	sql_identifier	pg_catalog
information_schema	_pg_user_mappings	oid	1	\N	YES	oid	\N	\N	\N	\N	oid	NO	\N	NEVER	\N	pg_catalog
information_schema	_pg_user_mappings	umoptions	2	\N	YES	ARRAY	\N	\N	\N	\N	_text	NO	C	NEVER	\N	pg_catalog
information_schema	_pg_user_mappings	umuser	3	\N	YES	oid	\N	\N	\N	\N	oid	NO	\N	NEVER	\N	pg_catalog
information_schema	_pg_user_mappings	authorization_identifier	4	\N	YES	name	\N	\N	\N	\N	name	NO	C	NEVER	sql_identifier	pg_catalog
information_schema	_pg_user_mappings	foreign_server_catalog	5	\N	YES	name	\N	\N	\N	\N	name	NO	C	NEVER	sql_identifier	pg_catalog
information_schema	_pg_user_mappings	foreign_server_name	6	\N	YES	name	\N	\N	\N	\N	name	NO	C	NEVER	sql_identifier	pg_catalog
information_schema	_pg_user_mappings	srvowner	7	\N	YES	name	\N	\N	\N	\N	name	NO	C	NEVER	sql_identifier	pg_catalog
information_schema	administrable_role_authorizations	grantee	1	\N	YES	name	\N	\N	\N	\N	name	NO	C	NEVER	sql_identifier	pg_catalog
information_schema	administrable_role_authorizations	role_name	2	\N	YES	name	\N	\N	\N	\N	name	NO	C	NEVER	sql_identifier	pg_catalog
information_schema	administrable_role_authorizations	is_grantable	3	\N	YES	character varying	3	\N	\N	\N	varchar	NO	C	NEVER	yes_or_no	pg_catalog
information_schema	applicable_roles	grantee	1	\N	YES	name	\N	\N	\N	\N	name	NO	C	NEVER	sql_identifier	pg_catalog
information_schema	applicable_roles	role_name	2	\N	YES	name	\N	\N	\N	\N	name	NO	C	NEVER	sql_identifier	pg_catalog
information_schema	applicable_roles	is_grantable	3	\N	YES	character varying	3	\N	\N	\N	varchar	NO	C	NEVER	yes_or_no	pg_catalog
information_schema	attributes	udt_catalog	1	\N	YES	name	\N	\N	\N	\N	name	NO	C	NEVER	sql_identifier	pg_catalog
information_schema	attributes	udt_schema	2	\N	YES	name	\N	\N	\N	\N	name	NO	C	NEVER	sql_identifier	pg_catalog
information_schema	attributes	udt_name	3	\N	YES	name	\N	\N	\N	\N	name	NO	C	NEVER	sql_identifier	pg_catalog
information_schema	attributes	attribute_name	4	\N	YES	name	\N	\N	\N	\N	name	NO	C	NEVER	sql_identifier	pg_catalog
information_schema	attributes	ordinal_position	5	\N	YES	integer	\N	32	0	\N	int4	NO	\N	NEVER	cardinal_number	pg_catalog
information_schema	attributes	attribute_default	6	\N	YES	character varying	\N	\N	\N	\N	varchar	NO	C	NEVER	character_data	pg_catalog
information_schema	attributes	is_nullable	7	\N	YES	character varying	3	\N	\N	\N	varchar	NO	C	NEVER	yes_or_no	pg_catalog
information_schema	attributes	data_type	8	\N	YES	character varying	\N	\N	\N	\N	varchar	NO	C	NEVER	character_data	pg_catalog
information_schema	attributes	character_maximum_length	9	\N	YES	integer	\N	32	0	\N	int4	NO	\N	NEVER	cardinal_number	pg_catalog
information_schema	attributes	character_octet_length	10	\N	YES	integer	\N	32	0	\N	int4	NO	\N	NEVER	cardinal_number	pg_catalog
information_schema	attributes	character_set_catalog	11	\N	YES	name	\N	\N	\N	\N	name	NO	C	NEVER	sql_identifier	pg_catalog
information_schema	attributes	character_set_schema	12	\N	YES	name	\N	\N	\N	\N	name	NO	C	NEVER	sql_identifier	pg_catalog
information_schema	attributes	character_set_name	13	\N	YES	name	\N	\N	\N	\N	name	NO	C	NEVER	sql_identifier	pg_catalog
information_schema	attributes	collation_catalog	14	\N	YES	name	\N	\N	\N	\N	name	NO	C	NEVER	sql_identifier	pg_catalog
information_schema	attributes	collation_schema	15	\N	YES	name	\N	\N	\N	\N	name	NO	C	NEVER	sql_identifier	pg_catalog
information_schema	attributes	collation_name	16	\N	YES	name	\N	\N	\N	\N	name	NO	C	NEVER	sql_identifier	pg_catalog
information_schema	attributes	numeric_precision	17	\N	YES	integer	\N	32	0	\N	int4	NO	\N	NEVER	cardinal_number	pg_catalog
information_schema	attributes	numeric_precision_radix	18	\N	YES	integer	\N	32	0	\N	int4	NO	\N	NEVER	cardinal_number	pg_catalog
information_schema	attributes	numeric_scale	19	\N	YES	integer	\N	32	0	\N	int4	NO	\N	NEVER	cardinal_number	pg_catalog
information_schema	attributes	datetime_precision	20	\N	YES	integer	\N	32	0	\N	int4	NO	\N	NEVER	cardinal_number	pg_catalog
information_schema	attributes	interval_type	21	\N	YES	character varying	\N	\N	\N	\N	varchar	NO	C	NEVER	character_data	pg_catalog
information_schema	attributes	interval_precision	22	\N	YES	integer	\N	32	0	\N	int4	NO	\N	NEVER	cardinal_number	pg_catalog
information_schema	attributes	attribute_udt_catalog	23	\N	YES	name	\N	\N	\N	\N	name	NO	C	NEVER	sql_identifier	pg_catalog
information_schema	attributes	attribute_udt_schema	24	\N	YES	name	\N	\N	\N	\N	name	NO	C	NEVER	sql_identifier	pg_catalog
information_schema	attributes	attribute_udt_name	25	\N	YES	name	\N	\N	\N	\N	name	NO	C	NEVER	sql_identifier	pg_catalog
information_schema	attributes	scope_catalog	26	\N	YES	name	\N	\N	\N	\N	name	NO	C	NEVER	sql_identifier	pg_catalog
information_schema	attributes	scope_schema	27	\N	YES	name	\N	\N	\N	\N	name	NO	C	NEVER	sql_identifier	pg_catalog
information_schema	attributes	scope_name	28	\N	YES	name	\N	\N	\N	\N	name	NO	C	NEVER	sql_identifier	pg_catalog
information_schema	attributes	maximum_cardinality	29	\N	YES	integer	\N	32	0	\N	int4	NO	\N	NEVER	cardinal_number	pg_catalog
information_schema	attributes	dtd_identifier	30	\N	YES	name	\N	\N	\N	\N	name	NO	C	NEVER	sql_identifier	pg_catalog
information_schema	attributes	is_derived_reference_attribute	31	\N	YES	character varying	3	\N	\N	\N	varchar	NO	C	NEVER	yes_or_no	pg_catalog
information_schema	character_sets	character_set_catalog	1	\N	YES	name	\N	\N	\N	\N	name	NO	C	NEVER	sql_identifier	pg_catalog
information_schema	character_sets	character_set_schema	2	\N	YES	name	\N	\N	\N	\N	name	NO	C	NEVER	sql_identifier	pg_catalog
information_schema	character_sets	character_set_name	3	\N	YES	name	\N	\N	\N	\N	name	NO	C	NEVER	sql_identifier	pg_catalog
information_schema	character_sets	character_repertoire	4	\N	YES	name	\N	\N	\N	\N	name	NO	C	NEVER	sql_identifier	pg_catalog
information_schema	character_sets	form_of_use	5	\N	YES	name	\N	\N	\N	\N	name	NO	C	NEVER	sql_identifier	pg_catalog
information_schema	character_sets	default_collate_catalog	6	\N	YES	name	\N	\N	\N	\N	name	NO	C	NEVER	sql_identifier	pg_catalog
information_schema	character_sets	default_collate_schema	7	\N	YES	name	\N	\N	\N	\N	name	NO	C	NEVER	sql_identifier	pg_catalog
information_schema	character_sets	default_collate_name	8	\N	YES	name	\N	\N	\N	\N	name	NO	C	NEVER	sql_identifier	pg_catalog
information_schema	check_constraint_routine_usage	constraint_catalog	1	\N	YES	name	\N	\N	\N	\N	name	NO	C	NEVER	sql_identifier	pg_catalog
information_schema	check_constraint_routine_usage	constraint_schema	2	\N	YES	name	\N	\N	\N	\N	name	NO	C	NEVER	sql_identifier	pg_catalog
information_schema	check_constraint_routine_usage	constraint_name	3	\N	YES	name	\N	\N	\N	\N	name	NO	C	NEVER	sql_identifier	pg_catalog
information_schema	check_constraint_routine_usage	specific_catalog	4	\N	YES	name	\N	\N	\N	\N	name	NO	C	NEVER	sql_identifier	pg_catalog
information_schema	check_constraint_routine_usage	specific_schema	5	\N	YES	name	\N	\N	\N	\N	name	NO	C	NEVER	sql_identifier	pg_catalog
information_schema	check_constraint_routine_usage	specific_name	6	\N	YES	name	\N	\N	\N	\N	name	NO	C	NEVER	sql_identifier	pg_catalog
information_schema	check_constraints	constraint_catalog	1	\N	YES	name	\N	\N	\N	\N	name	NO	C	NEVER	sql_identifier	pg_catalog
information_schema	check_constraints	constraint_schema	2	\N	YES	name	\N	\N	\N	\N	name	NO	C	NEVER	sql_identifier	pg_catalog
information_schema	check_constraints	constraint_name	3	\N	YES	name	\N	\N	\N	\N	name	NO	C	NEVER	sql_identifier	pg_catalog
information_schema	check_constraints	check_clause	4	\N	YES	character varying	\N	\N	\N	\N	varchar	NO	C	NEVER	character_data	pg_catalog
information_schema	collation_character_set_applicability	collation_catalog	1	\N	YES	name	\N	\N	\N	\N	name	NO	C	NEVER	sql_identifier	pg_catalog
information_schema	collation_character_set_applicability	collation_schema	2	\N	YES	name	\N	\N	\N	\N	name	NO	C	NEVER	sql_identifier	pg_catalog
information_schema	collation_character_set_applicability	collation_name	3	\N	YES	name	\N	\N	\N	\N	name	NO	C	NEVER	sql_identifier	pg_catalog
information_schema	collation_character_set_applicability	character_set_catalog	4	\N	YES	name	\N	\N	\N	\N	name	NO	C	NEVER	sql_identifier	pg_catalog
information_schema	collation_character_set_applicability	character_set_schema	5	\N	YES	name	\N	\N	\N	\N	name	NO	C	NEVER	sql_identifier	pg_catalog
information_schema	collation_character_set_applicability	character_set_name	6	\N	YES	name	\N	\N	\N	\N	name	NO	C	NEVER	sql_identifier	pg_catalog
information_schema	collations	collation_catalog	1	\N	YES	name	\N	\N	\N	\N	name	NO	C	NEVER	sql_identifier	pg_catalog
information_schema	collations	collation_schema	2	\N	YES	name	\N	\N	\N	\N	name	NO	C	NEVER	sql_identifier	pg_catalog
information_schema	collations	collation_name	3	\N	YES	name	\N	\N	\N	\N	name	NO	C	NEVER	sql_identifier	pg_catalog
information_schema	collations	pad_attribute	4	\N	YES	character varying	\N	\N	\N	\N	varchar	NO	C	NEVER	character_data	pg_catalog
information_schema	column_column_usage	table_catalog	1	\N	YES	name	\N	\N	\N	\N	name	NO	C	NEVER	sql_identifier	pg_catalog
information_schema	column_column_usage	table_schema	2	\N	YES	name	\N	\N	\N	\N	name	NO	C	NEVER	sql_identifier	pg_catalog
information_schema	column_column_usage	table_name	3	\N	YES	name	\N	\N	\N	\N	name	NO	C	NEVER	sql_identifier	pg_catalog
information_schema	column_column_usage	column_name	4	\N	YES	name	\N	\N	\N	\N	name	NO	C	NEVER	sql_identifier	pg_catalog
information_schema	column_column_usage	dependent_column	5	\N	YES	name	\N	\N	\N	\N	name	NO	C	NEVER	sql_identifier	pg_catalog
information_schema	column_domain_usage	domain_catalog	1	\N	YES	name	\N	\N	\N	\N	name	NO	C	NEVER	sql_identifier	pg_catalog
information_schema	column_domain_usage	domain_schema	2	\N	YES	name	\N	\N	\N	\N	name	NO	C	NEVER	sql_identifier	pg_catalog
information_schema	column_domain_usage	domain_name	3	\N	YES	name	\N	\N	\N	\N	name	NO	C	NEVER	sql_identifier	pg_catalog
information_schema	column_domain_usage	table_catalog	4	\N	YES	name	\N	\N	\N	\N	name	NO	C	NEVER	sql_identifier	pg_catalog
information_schema	column_domain_usage	table_schema	5	\N	YES	name	\N	\N	\N	\N	name	NO	C	NEVER	sql_identifier	pg_catalog
information_schema	column_domain_usage	table_name	6	\N	YES	name	\N	\N	\N	\N	name	NO	C	NEVER	sql_identifier	pg_catalog
information_schema	column_domain_usage	column_name	7	\N	YES	name	\N	\N	\N	\N	name	NO	C	NEVER	sql_identifier	pg_catalog
information_schema	column_options	table_catalog	1	\N	YES	name	\N	\N	\N	\N	name	NO	C	NEVER	sql_identifier	pg_catalog
information_schema	column_options	table_schema	2	\N	YES	name	\N	\N	\N	\N	name	NO	C	NEVER	sql_identifier	pg_catalog
information_schema	column_options	table_name	3	\N	YES	name	\N	\N	\N	\N	name	NO	C	NEVER	sql_identifier	pg_catalog
information_schema	column_options	column_name	4	\N	YES	name	\N	\N	\N	\N	name	NO	C	NEVER	sql_identifier	pg_catalog
information_schema	column_options	option_name	5	\N	YES	name	\N	\N	\N	\N	name	NO	C	NEVER	sql_identifier	pg_catalog
information_schema	column_options	option_value	6	\N	YES	character varying	\N	\N	\N	\N	varchar	NO	C	NEVER	character_data	pg_catalog
information_schema	column_privileges	grantor	1	\N	YES	name	\N	\N	\N	\N	name	NO	C	NEVER	sql_identifier	pg_catalog
information_schema	column_privileges	grantee	2	\N	YES	name	\N	\N	\N	\N	name	NO	C	NEVER	sql_identifier	pg_catalog
information_schema	column_privileges	table_catalog	3	\N	YES	name	\N	\N	\N	\N	name	NO	C	NEVER	sql_identifier	pg_catalog
information_schema	column_privileges	table_schema	4	\N	YES	name	\N	\N	\N	\N	name	NO	C	NEVER	sql_identifier	pg_catalog
information_schema	column_privileges	table_name	5	\N	YES	name	\N	\N	\N	\N	name	NO	C	NEVER	sql_identifier	pg_catalog
information_schema	column_privileges	column_name	6	\N	YES	name	\N	\N	\N	\N	name	NO	C	NEVER	sql_identifier	pg_catalog
information_schema	column_privileges	privilege_type	7	\N	YES	character varying	\N	\N	\N	\N	varchar	NO	C	NEVER	character_data	pg_catalog
information_schema	column_privileges	is_grantable	8	\N	YES	character varying	3	\N	\N	\N	varchar	NO	C	NEVER	yes_or_no	pg_catalog
information_schema	column_udt_usage	udt_catalog	1	\N	YES	name	\N	\N	\N	\N	name	NO	C	NEVER	sql_identifier	pg_catalog
information_schema	column_udt_usage	udt_schema	2	\N	YES	name	\N	\N	\N	\N	name	NO	C	NEVER	sql_identifier	pg_catalog
information_schema	column_udt_usage	udt_name	3	\N	YES	name	\N	\N	\N	\N	name	NO	C	NEVER	sql_identifier	pg_catalog
information_schema	column_udt_usage	table_catalog	4	\N	YES	name	\N	\N	\N	\N	name	NO	C	NEVER	sql_identifier	pg_catalog
information_schema	column_udt_usage	table_schema	5	\N	YES	name	\N	\N	\N	\N	name	NO	C	NEVER	sql_identifier	pg_catalog
information_schema	column_udt_usage	table_name	6	\N	YES	name	\N	\N	\N	\N	name	NO	C	NEVER	sql_identifier	pg_catalog
information_schema	column_udt_usage	column_name	7	\N	YES	name	\N	\N	\N	\N	name	NO	C	NEVER	sql_identifier	pg_catalog
information_schema	columns	table_catalog	1	\N	YES	name	\N	\N	\N	\N	name	NO	C	NEVER	sql_identifier	pg_catalog
information_schema	columns	table_schema	2	\N	YES	name	\N	\N	\N	\N	name	NO	C	NEVER	sql_identifier	pg_catalog
information_schema	columns	table_name	3	\N	YES	name	\N	\N	\N	\N	name	NO	C	NEVER	sql_identifier	pg_catalog
information_schema	columns	column_name	4	\N	YES	name	\N	\N	\N	\N	name	NO	C	NEVER	sql_identifier	pg_catalog
information_schema	columns	ordinal_position	5	\N	YES	integer	\N	32	0	\N	int4	NO	\N	NEVER	cardinal_number	pg_catalog
information_schema	columns	column_default	6	\N	YES	character varying	\N	\N	\N	\N	varchar	NO	C	NEVER	character_data	pg_catalog
information_schema	columns	is_nullable	7	\N	YES	character varying	3	\N	\N	\N	varchar	NO	C	NEVER	yes_or_no	pg_catalog
information_schema	columns	data_type	8	\N	YES	character varying	\N	\N	\N	\N	varchar	NO	C	NEVER	character_data	pg_catalog
information_schema	columns	character_maximum_length	9	\N	YES	integer	\N	32	0	\N	int4	NO	\N	NEVER	cardinal_number	pg_catalog
information_schema	columns	character_octet_length	10	\N	YES	integer	\N	32	0	\N	int4	NO	\N	NEVER	cardinal_number	pg_catalog
information_schema	columns	numeric_precision	11	\N	YES	integer	\N	32	0	\N	int4	NO	\N	NEVER	cardinal_number	pg_catalog
information_schema	columns	numeric_precision_radix	12	\N	YES	integer	\N	32	0	\N	int4	NO	\N	NEVER	cardinal_number	pg_catalog
information_schema	columns	numeric_scale	13	\N	YES	integer	\N	32	0	\N	int4	NO	\N	NEVER	cardinal_number	pg_catalog
information_schema	columns	datetime_precision	14	\N	YES	integer	\N	32	0	\N	int4	NO	\N	NEVER	cardinal_number	pg_catalog
information_schema	columns	interval_type	15	\N	YES	character varying	\N	\N	\N	\N	varchar	NO	C	NEVER	character_data	pg_catalog
information_schema	columns	interval_precision	16	\N	YES	integer	\N	32	0	\N	int4	NO	\N	NEVER	cardinal_number	pg_catalog
information_schema	columns	character_set_catalog	17	\N	YES	name	\N	\N	\N	\N	name	NO	C	NEVER	sql_identifier	pg_catalog
information_schema	columns	character_set_schema	18	\N	YES	name	\N	\N	\N	\N	name	NO	C	NEVER	sql_identifier	pg_catalog
information_schema	columns	character_set_name	19	\N	YES	name	\N	\N	\N	\N	name	NO	C	NEVER	sql_identifier	pg_catalog
information_schema	columns	collation_catalog	20	\N	YES	name	\N	\N	\N	\N	name	NO	C	NEVER	sql_identifier	pg_catalog
information_schema	columns	collation_schema	21	\N	YES	name	\N	\N	\N	\N	name	NO	C	NEVER	sql_identifier	pg_catalog
information_schema	columns	collation_name	22	\N	YES	name	\N	\N	\N	\N	name	NO	C	NEVER	sql_identifier	pg_catalog
information_schema	columns	domain_catalog	23	\N	YES	name	\N	\N	\N	\N	name	NO	C	NEVER	sql_identifier	pg_catalog
information_schema	columns	domain_schema	24	\N	YES	name	\N	\N	\N	\N	name	NO	C	NEVER	sql_identifier	pg_catalog
information_schema	columns	domain_name	25	\N	YES	name	\N	\N	\N	\N	name	NO	C	NEVER	sql_identifier	pg_catalog
information_schema	columns	udt_catalog	26	\N	YES	name	\N	\N	\N	\N	name	NO	C	NEVER	sql_identifier	pg_catalog
information_schema	columns	udt_schema	27	\N	YES	name	\N	\N	\N	\N	name	NO	C	NEVER	sql_identifier	pg_catalog
information_schema	columns	udt_name	28	\N	YES	name	\N	\N	\N	\N	name	NO	C	NEVER	sql_identifier	pg_catalog
information_schema	columns	scope_catalog	29	\N	YES	name	\N	\N	\N	\N	name	NO	C	NEVER	sql_identifier	pg_catalog
information_schema	columns	scope_schema	30	\N	YES	name	\N	\N	\N	\N	name	NO	C	NEVER	sql_identifier	pg_catalog
information_schema	columns	scope_name	31	\N	YES	name	\N	\N	\N	\N	name	NO	C	NEVER	sql_identifier	pg_catalog
information_schema	columns	maximum_cardinality	32	\N	YES	integer	\N	32	0	\N	int4	NO	\N	NEVER	cardinal_number	pg_catalog
information_schema	columns	dtd_identifier	33	\N	YES	name	\N	\N	\N	\N	name	NO	C	NEVER	sql_identifier	pg_catalog
information_schema	columns	is_self_referencing	34	\N	YES	character varying	3	\N	\N	\N	varchar	NO	C	NEVER	yes_or_no	pg_catalog
information_schema	columns	is_identity	35	\N	YES	character varying	3	\N	\N	\N	varchar	NO	C	NEVER	yes_or_no	pg_catalog
information_schema	columns	identity_generation	36	\N	YES	character varying	\N	\N	\N	\N	varchar	NO	C	NEVER	character_data	pg_catalog
information_schema	columns	identity_start	37	\N	YES	character varying	\N	\N	\N	\N	varchar	NO	C	NEVER	character_data	pg_catalog
information_schema	columns	identity_increment	38	\N	YES	character varying	\N	\N	\N	\N	varchar	NO	C	NEVER	character_data	pg_catalog
information_schema	columns	identity_maximum	39	\N	YES	character varying	\N	\N	\N	\N	varchar	NO	C	NEVER	character_data	pg_catalog
information_schema	columns	identity_minimum	40	\N	YES	character varying	\N	\N	\N	\N	varchar	NO	C	NEVER	character_data	pg_catalog
information_schema	columns	identity_cycle	41	\N	YES	character varying	3	\N	\N	\N	varchar	NO	C	NEVER	yes_or_no	pg_catalog
information_schema	columns	is_generated	42	\N	YES	character varying	\N	\N	\N	\N	varchar	NO	C	NEVER	character_data	pg_catalog
information_schema	columns	generation_expression	43	\N	YES	character varying	\N	\N	\N	\N	varchar	NO	C	NEVER	character_data	pg_catalog
information_schema	columns	is_updatable	44	\N	YES	character varying	3	\N	\N	\N	varchar	NO	C	NEVER	yes_or_no	pg_catalog
information_schema	constraint_column_usage	table_catalog	1	\N	YES	name	\N	\N	\N	\N	name	NO	C	NEVER	sql_identifier	pg_catalog
information_schema	constraint_column_usage	table_schema	2	\N	YES	name	\N	\N	\N	\N	name	NO	C	NEVER	sql_identifier	pg_catalog
information_schema	constraint_column_usage	table_name	3	\N	YES	name	\N	\N	\N	\N	name	NO	C	NEVER	sql_identifier	pg_catalog
information_schema	constraint_column_usage	column_name	4	\N	YES	name	\N	\N	\N	\N	name	NO	C	NEVER	sql_identifier	pg_catalog
information_schema	constraint_column_usage	constraint_catalog	5	\N	YES	name	\N	\N	\N	\N	name	NO	C	NEVER	sql_identifier	pg_catalog
information_schema	constraint_column_usage	constraint_schema	6	\N	YES	name	\N	\N	\N	\N	name	NO	C	NEVER	sql_identifier	pg_catalog
information_schema	constraint_column_usage	constraint_name	7	\N	YES	name	\N	\N	\N	\N	name	NO	C	NEVER	sql_identifier	pg_catalog
information_schema	constraint_table_usage	table_catalog	1	\N	YES	name	\N	\N	\N	\N	name	NO	C	NEVER	sql_identifier	pg_catalog
information_schema	constraint_table_usage	table_schema	2	\N	YES	name	\N	\N	\N	\N	name	NO	C	NEVER	sql_identifier	pg_catalog
information_schema	constraint_table_usage	table_name	3	\N	YES	name	\N	\N	\N	\N	name	NO	C	NEVER	sql_identifier	pg_catalog
information_schema	constraint_table_usage	constraint_catalog	4	\N	YES	name	\N	\N	\N	\N	name	NO	C	NEVER	sql_identifier	pg_catalog
information_schema	constraint_table_usage	constraint_schema	5	\N	YES	name	\N	\N	\N	\N	name	NO	C	NEVER	sql_identifier	pg_catalog
information_schema	constraint_table_usage	constraint_name	6	\N	YES	name	\N	\N	\N	\N	name	NO	C	NEVER	sql_identifier	pg_catalog
information_schema	data_type_privileges	object_catalog	1	\N	YES	name	\N	\N	\N	\N	name	NO	C	NEVER	sql_identifier	pg_catalog
information_schema	data_type_privileges	object_schema	2	\N	YES	name	\N	\N	\N	\N	name	NO	C	NEVER	sql_identifier	pg_catalog
information_schema	data_type_privileges	object_name	3	\N	YES	name	\N	\N	\N	\N	name	NO	C	NEVER	sql_identifier	pg_catalog
information_schema	data_type_privileges	object_type	4	\N	YES	character varying	\N	\N	\N	\N	varchar	NO	C	NEVER	character_data	pg_catalog
information_schema	data_type_privileges	dtd_identifier	5	\N	YES	name	\N	\N	\N	\N	name	NO	C	NEVER	sql_identifier	pg_catalog
information_schema	domain_constraints	constraint_catalog	1	\N	YES	name	\N	\N	\N	\N	name	NO	C	NEVER	sql_identifier	pg_catalog
information_schema	domain_constraints	constraint_schema	2	\N	YES	name	\N	\N	\N	\N	name	NO	C	NEVER	sql_identifier	pg_catalog
information_schema	domain_constraints	constraint_name	3	\N	YES	name	\N	\N	\N	\N	name	NO	C	NEVER	sql_identifier	pg_catalog
information_schema	domain_constraints	domain_catalog	4	\N	YES	name	\N	\N	\N	\N	name	NO	C	NEVER	sql_identifier	pg_catalog
information_schema	domain_constraints	domain_schema	5	\N	YES	name	\N	\N	\N	\N	name	NO	C	NEVER	sql_identifier	pg_catalog
information_schema	domain_constraints	domain_name	6	\N	YES	name	\N	\N	\N	\N	name	NO	C	NEVER	sql_identifier	pg_catalog
information_schema	domain_constraints	is_deferrable	7	\N	YES	character varying	3	\N	\N	\N	varchar	NO	C	NEVER	yes_or_no	pg_catalog
information_schema	domain_constraints	initially_deferred	8	\N	YES	character varying	3	\N	\N	\N	varchar	NO	C	NEVER	yes_or_no	pg_catalog
information_schema	domain_udt_usage	udt_catalog	1	\N	YES	name	\N	\N	\N	\N	name	NO	C	NEVER	sql_identifier	pg_catalog
information_schema	domain_udt_usage	udt_schema	2	\N	YES	name	\N	\N	\N	\N	name	NO	C	NEVER	sql_identifier	pg_catalog
information_schema	domain_udt_usage	udt_name	3	\N	YES	name	\N	\N	\N	\N	name	NO	C	NEVER	sql_identifier	pg_catalog
information_schema	domain_udt_usage	domain_catalog	4	\N	YES	name	\N	\N	\N	\N	name	NO	C	NEVER	sql_identifier	pg_catalog
information_schema	domain_udt_usage	domain_schema	5	\N	YES	name	\N	\N	\N	\N	name	NO	C	NEVER	sql_identifier	pg_catalog
information_schema	domain_udt_usage	domain_name	6	\N	YES	name	\N	\N	\N	\N	name	NO	C	NEVER	sql_identifier	pg_catalog
information_schema	domains	domain_catalog	1	\N	YES	name	\N	\N	\N	\N	name	NO	C	NEVER	sql_identifier	pg_catalog
information_schema	domains	domain_schema	2	\N	YES	name	\N	\N	\N	\N	name	NO	C	NEVER	sql_identifier	pg_catalog
information_schema	domains	domain_name	3	\N	YES	name	\N	\N	\N	\N	name	NO	C	NEVER	sql_identifier	pg_catalog
information_schema	domains	data_type	4	\N	YES	character varying	\N	\N	\N	\N	varchar	NO	C	NEVER	character_data	pg_catalog
information_schema	domains	character_maximum_length	5	\N	YES	integer	\N	32	0	\N	int4	NO	\N	NEVER	cardinal_number	pg_catalog
information_schema	domains	character_octet_length	6	\N	YES	integer	\N	32	0	\N	int4	NO	\N	NEVER	cardinal_number	pg_catalog
information_schema	domains	character_set_catalog	7	\N	YES	name	\N	\N	\N	\N	name	NO	C	NEVER	sql_identifier	pg_catalog
information_schema	domains	character_set_schema	8	\N	YES	name	\N	\N	\N	\N	name	NO	C	NEVER	sql_identifier	pg_catalog
information_schema	domains	character_set_name	9	\N	YES	name	\N	\N	\N	\N	name	NO	C	NEVER	sql_identifier	pg_catalog
information_schema	domains	collation_catalog	10	\N	YES	name	\N	\N	\N	\N	name	NO	C	NEVER	sql_identifier	pg_catalog
information_schema	domains	collation_schema	11	\N	YES	name	\N	\N	\N	\N	name	NO	C	NEVER	sql_identifier	pg_catalog
information_schema	domains	collation_name	12	\N	YES	name	\N	\N	\N	\N	name	NO	C	NEVER	sql_identifier	pg_catalog
information_schema	domains	numeric_precision	13	\N	YES	integer	\N	32	0	\N	int4	NO	\N	NEVER	cardinal_number	pg_catalog
information_schema	domains	numeric_precision_radix	14	\N	YES	integer	\N	32	0	\N	int4	NO	\N	NEVER	cardinal_number	pg_catalog
information_schema	domains	numeric_scale	15	\N	YES	integer	\N	32	0	\N	int4	NO	\N	NEVER	cardinal_number	pg_catalog
information_schema	domains	datetime_precision	16	\N	YES	integer	\N	32	0	\N	int4	NO	\N	NEVER	cardinal_number	pg_catalog
information_schema	domains	interval_type	17	\N	YES	character varying	\N	\N	\N	\N	varchar	NO	C	NEVER	character_data	pg_catalog
information_schema	domains	interval_precision	18	\N	YES	integer	\N	32	0	\N	int4	NO	\N	NEVER	cardinal_number	pg_catalog
information_schema	domains	domain_default	19	\N	YES	character varying	\N	\N	\N	\N	varchar	NO	C	NEVER	character_data	pg_catalog
information_schema	domains	udt_catalog	20	\N	YES	name	\N	\N	\N	\N	name	NO	C	NEVER	sql_identifier	pg_catalog
information_schema	domains	udt_schema	21	\N	YES	name	\N	\N	\N	\N	name	NO	C	NEVER	sql_identifier	pg_catalog
information_schema	domains	udt_name	22	\N	YES	name	\N	\N	\N	\N	name	NO	C	NEVER	sql_identifier	pg_catalog
information_schema	domains	scope_catalog	23	\N	YES	name	\N	\N	\N	\N	name	NO	C	NEVER	sql_identifier	pg_catalog
information_schema	domains	scope_schema	24	\N	YES	name	\N	\N	\N	\N	name	NO	C	NEVER	sql_identifier	pg_catalog
information_schema	domains	scope_name	25	\N	YES	name	\N	\N	\N	\N	name	NO	C	NEVER	sql_identifier	pg_catalog
information_schema	domains	maximum_cardinality	26	\N	YES	integer	\N	32	0	\N	int4	NO	\N	NEVER	cardinal_number	pg_catalog
information_schema	domains	dtd_identifier	27	\N	YES	name	\N	\N	\N	\N	name	NO	C	NEVER	sql_identifier	pg_catalog
information_schema	element_types	object_catalog	1	\N	YES	name	\N	\N	\N	\N	name	NO	C	NEVER	sql_identifier	pg_catalog
information_schema	element_types	object_schema	2	\N	YES	name	\N	\N	\N	\N	name	NO	C	NEVER	sql_identifier	pg_catalog
information_schema	element_types	object_name	3	\N	YES	name	\N	\N	\N	\N	name	NO	C	NEVER	sql_identifier	pg_catalog
information_schema	element_types	object_type	4	\N	YES	character varying	\N	\N	\N	\N	varchar	NO	C	NEVER	character_data	pg_catalog
information_schema	element_types	collection_type_identifier	5	\N	YES	name	\N	\N	\N	\N	name	NO	C	NEVER	sql_identifier	pg_catalog
information_schema	element_types	data_type	6	\N	YES	character varying	\N	\N	\N	\N	varchar	NO	C	NEVER	character_data	pg_catalog
information_schema	element_types	character_maximum_length	7	\N	YES	integer	\N	32	0	\N	int4	NO	\N	NEVER	cardinal_number	pg_catalog
information_schema	element_types	character_octet_length	8	\N	YES	integer	\N	32	0	\N	int4	NO	\N	NEVER	cardinal_number	pg_catalog
information_schema	element_types	character_set_catalog	9	\N	YES	name	\N	\N	\N	\N	name	NO	C	NEVER	sql_identifier	pg_catalog
information_schema	element_types	character_set_schema	10	\N	YES	name	\N	\N	\N	\N	name	NO	C	NEVER	sql_identifier	pg_catalog
information_schema	element_types	character_set_name	11	\N	YES	name	\N	\N	\N	\N	name	NO	C	NEVER	sql_identifier	pg_catalog
information_schema	element_types	collation_catalog	12	\N	YES	name	\N	\N	\N	\N	name	NO	C	NEVER	sql_identifier	pg_catalog
information_schema	element_types	collation_schema	13	\N	YES	name	\N	\N	\N	\N	name	NO	C	NEVER	sql_identifier	pg_catalog
information_schema	element_types	collation_name	14	\N	YES	name	\N	\N	\N	\N	name	NO	C	NEVER	sql_identifier	pg_catalog
information_schema	element_types	numeric_precision	15	\N	YES	integer	\N	32	0	\N	int4	NO	\N	NEVER	cardinal_number	pg_catalog
information_schema	element_types	numeric_precision_radix	16	\N	YES	integer	\N	32	0	\N	int4	NO	\N	NEVER	cardinal_number	pg_catalog
information_schema	element_types	numeric_scale	17	\N	YES	integer	\N	32	0	\N	int4	NO	\N	NEVER	cardinal_number	pg_catalog
information_schema	element_types	datetime_precision	18	\N	YES	integer	\N	32	0	\N	int4	NO	\N	NEVER	cardinal_number	pg_catalog
information_schema	element_types	interval_type	19	\N	YES	character varying	\N	\N	\N	\N	varchar	NO	C	NEVER	character_data	pg_catalog
information_schema	element_types	interval_precision	20	\N	YES	integer	\N	32	0	\N	int4	NO	\N	NEVER	cardinal_number	pg_catalog
information_schema	element_types	domain_default	21	\N	YES	character varying	\N	\N	\N	\N	varchar	NO	C	NEVER	character_data	pg_catalog
information_schema	element_types	udt_catalog	22	\N	YES	name	\N	\N	\N	\N	name	NO	C	NEVER	sql_identifier	pg_catalog
information_schema	element_types	udt_schema	23	\N	YES	name	\N	\N	\N	\N	name	NO	C	NEVER	sql_identifier	pg_catalog
information_schema	element_types	udt_name	24	\N	YES	name	\N	\N	\N	\N	name	NO	C	NEVER	sql_identifier	pg_catalog
information_schema	element_types	scope_catalog	25	\N	YES	name	\N	\N	\N	\N	name	NO	C	NEVER	sql_identifier	pg_catalog
information_schema	element_types	scope_schema	26	\N	YES	name	\N	\N	\N	\N	name	NO	C	NEVER	sql_identifier	pg_catalog
information_schema	element_types	scope_name	27	\N	YES	name	\N	\N	\N	\N	name	NO	C	NEVER	sql_identifier	pg_catalog
information_schema	element_types	maximum_cardinality	28	\N	YES	integer	\N	32	0	\N	int4	NO	\N	NEVER	cardinal_number	pg_catalog
information_schema	element_types	dtd_identifier	29	\N	YES	name	\N	\N	\N	\N	name	NO	C	NEVER	sql_identifier	pg_catalog
information_schema	enabled_roles	role_name	1	\N	YES	name	\N	\N	\N	\N	name	NO	C	NEVER	sql_identifier	pg_catalog
information_schema	foreign_data_wrapper_options	foreign_data_wrapper_catalog	1	\N	YES	name	\N	\N	\N	\N	name	NO	C	NEVER	sql_identifier	pg_catalog
information_schema	foreign_data_wrapper_options	foreign_data_wrapper_name	2	\N	YES	name	\N	\N	\N	\N	name	NO	C	NEVER	sql_identifier	pg_catalog
information_schema	foreign_data_wrapper_options	option_name	3	\N	YES	name	\N	\N	\N	\N	name	NO	C	NEVER	sql_identifier	pg_catalog
information_schema	foreign_data_wrapper_options	option_value	4	\N	YES	character varying	\N	\N	\N	\N	varchar	NO	C	NEVER	character_data	pg_catalog
information_schema	foreign_data_wrappers	foreign_data_wrapper_catalog	1	\N	YES	name	\N	\N	\N	\N	name	NO	C	NEVER	sql_identifier	pg_catalog
information_schema	foreign_data_wrappers	foreign_data_wrapper_name	2	\N	YES	name	\N	\N	\N	\N	name	NO	C	NEVER	sql_identifier	pg_catalog
information_schema	foreign_data_wrappers	authorization_identifier	3	\N	YES	name	\N	\N	\N	\N	name	NO	C	NEVER	sql_identifier	pg_catalog
information_schema	foreign_data_wrappers	library_name	4	\N	YES	character varying	\N	\N	\N	\N	varchar	NO	C	NEVER	character_data	pg_catalog
information_schema	foreign_data_wrappers	foreign_data_wrapper_language	5	\N	YES	character varying	\N	\N	\N	\N	varchar	NO	C	NEVER	character_data	pg_catalog
information_schema	foreign_server_options	foreign_server_catalog	1	\N	YES	name	\N	\N	\N	\N	name	NO	C	NEVER	sql_identifier	pg_catalog
information_schema	foreign_server_options	foreign_server_name	2	\N	YES	name	\N	\N	\N	\N	name	NO	C	NEVER	sql_identifier	pg_catalog
information_schema	foreign_server_options	option_name	3	\N	YES	name	\N	\N	\N	\N	name	NO	C	NEVER	sql_identifier	pg_catalog
information_schema	foreign_server_options	option_value	4	\N	YES	character varying	\N	\N	\N	\N	varchar	NO	C	NEVER	character_data	pg_catalog
information_schema	foreign_servers	foreign_server_catalog	1	\N	YES	name	\N	\N	\N	\N	name	NO	C	NEVER	sql_identifier	pg_catalog
information_schema	foreign_servers	foreign_server_name	2	\N	YES	name	\N	\N	\N	\N	name	NO	C	NEVER	sql_identifier	pg_catalog
information_schema	foreign_servers	foreign_data_wrapper_catalog	3	\N	YES	name	\N	\N	\N	\N	name	NO	C	NEVER	sql_identifier	pg_catalog
information_schema	foreign_servers	foreign_data_wrapper_name	4	\N	YES	name	\N	\N	\N	\N	name	NO	C	NEVER	sql_identifier	pg_catalog
information_schema	foreign_servers	foreign_server_type	5	\N	YES	character varying	\N	\N	\N	\N	varchar	NO	C	NEVER	character_data	pg_catalog
information_schema	foreign_servers	foreign_server_version	6	\N	YES	character varying	\N	\N	\N	\N	varchar	NO	C	NEVER	character_data	pg_catalog
information_schema	foreign_servers	authorization_identifier	7	\N	YES	name	\N	\N	\N	\N	name	NO	C	NEVER	sql_identifier	pg_catalog
information_schema	foreign_table_options	foreign_table_catalog	1	\N	YES	name	\N	\N	\N	\N	name	NO	C	NEVER	sql_identifier	pg_catalog
information_schema	foreign_table_options	foreign_table_schema	2	\N	YES	name	\N	\N	\N	\N	name	NO	C	NEVER	sql_identifier	pg_catalog
information_schema	foreign_table_options	foreign_table_name	3	\N	YES	name	\N	\N	\N	\N	name	NO	C	NEVER	sql_identifier	pg_catalog
information_schema	foreign_table_options	option_name	4	\N	YES	name	\N	\N	\N	\N	name	NO	C	NEVER	sql_identifier	pg_catalog
information_schema	foreign_table_options	option_value	5	\N	YES	character varying	\N	\N	\N	\N	varchar	NO	C	NEVER	character_data	pg_catalog
information_schema	foreign_tables	foreign_table_catalog	1	\N	YES	name	\N	\N	\N	\N	name	NO	C	NEVER	sql_identifier	pg_catalog
information_schema	foreign_tables	foreign_table_schema	2	\N	YES	name	\N	\N	\N	\N	name	NO	C	NEVER	sql_identifier	pg_catalog
information_schema	foreign_tables	foreign_table_name	3	\N	YES	name	\N	\N	\N	\N	name	NO	C	NEVER	sql_identifier	pg_catalog
information_schema	foreign_tables	foreign_server_catalog	4	\N	YES	name	\N	\N	\N	\N	name	NO	C	NEVER	sql_identifier	pg_catalog
information_schema	foreign_tables	foreign_server_name	5	\N	YES	name	\N	\N	\N	\N	name	NO	C	NEVER	sql_identifier	pg_catalog
information_schema	information_schema_catalog_name	catalog_name	1	\N	YES	name	\N	\N	\N	\N	name	NO	C	NEVER	sql_identifier	pg_catalog
information_schema	key_column_usage	constraint_catalog	1	\N	YES	name	\N	\N	\N	\N	name	NO	C	NEVER	sql_identifier	pg_catalog
information_schema	key_column_usage	constraint_schema	2	\N	YES	name	\N	\N	\N	\N	name	NO	C	NEVER	sql_identifier	pg_catalog
information_schema	key_column_usage	constraint_name	3	\N	YES	name	\N	\N	\N	\N	name	NO	C	NEVER	sql_identifier	pg_catalog
information_schema	key_column_usage	table_catalog	4	\N	YES	name	\N	\N	\N	\N	name	NO	C	NEVER	sql_identifier	pg_catalog
information_schema	key_column_usage	table_schema	5	\N	YES	name	\N	\N	\N	\N	name	NO	C	NEVER	sql_identifier	pg_catalog
information_schema	key_column_usage	table_name	6	\N	YES	name	\N	\N	\N	\N	name	NO	C	NEVER	sql_identifier	pg_catalog
information_schema	key_column_usage	column_name	7	\N	YES	name	\N	\N	\N	\N	name	NO	C	NEVER	sql_identifier	pg_catalog
information_schema	key_column_usage	ordinal_position	8	\N	YES	integer	\N	32	0	\N	int4	NO	\N	NEVER	cardinal_number	pg_catalog
information_schema	key_column_usage	position_in_unique_constraint	9	\N	YES	integer	\N	32	0	\N	int4	NO	\N	NEVER	cardinal_number	pg_catalog
information_schema	parameters	specific_catalog	1	\N	YES	name	\N	\N	\N	\N	name	NO	C	NEVER	sql_identifier	pg_catalog
information_schema	parameters	specific_schema	2	\N	YES	name	\N	\N	\N	\N	name	NO	C	NEVER	sql_identifier	pg_catalog
information_schema	parameters	specific_name	3	\N	YES	name	\N	\N	\N	\N	name	NO	C	NEVER	sql_identifier	pg_catalog
information_schema	parameters	ordinal_position	4	\N	YES	integer	\N	32	0	\N	int4	NO	\N	NEVER	cardinal_number	pg_catalog
information_schema	parameters	parameter_mode	5	\N	YES	character varying	\N	\N	\N	\N	varchar	NO	C	NEVER	character_data	pg_catalog
information_schema	parameters	is_result	6	\N	YES	character varying	3	\N	\N	\N	varchar	NO	C	NEVER	yes_or_no	pg_catalog
information_schema	parameters	as_locator	7	\N	YES	character varying	3	\N	\N	\N	varchar	NO	C	NEVER	yes_or_no	pg_catalog
information_schema	parameters	parameter_name	8	\N	YES	name	\N	\N	\N	\N	name	NO	C	NEVER	sql_identifier	pg_catalog
information_schema	parameters	data_type	9	\N	YES	character varying	\N	\N	\N	\N	varchar	NO	C	NEVER	character_data	pg_catalog
information_schema	parameters	character_maximum_length	10	\N	YES	integer	\N	32	0	\N	int4	NO	\N	NEVER	cardinal_number	pg_catalog
information_schema	parameters	character_octet_length	11	\N	YES	integer	\N	32	0	\N	int4	NO	\N	NEVER	cardinal_number	pg_catalog
information_schema	parameters	character_set_catalog	12	\N	YES	name	\N	\N	\N	\N	name	NO	C	NEVER	sql_identifier	pg_catalog
information_schema	parameters	character_set_schema	13	\N	YES	name	\N	\N	\N	\N	name	NO	C	NEVER	sql_identifier	pg_catalog
information_schema	parameters	character_set_name	14	\N	YES	name	\N	\N	\N	\N	name	NO	C	NEVER	sql_identifier	pg_catalog
information_schema	parameters	collation_catalog	15	\N	YES	name	\N	\N	\N	\N	name	NO	C	NEVER	sql_identifier	pg_catalog
information_schema	parameters	collation_schema	16	\N	YES	name	\N	\N	\N	\N	name	NO	C	NEVER	sql_identifier	pg_catalog
information_schema	parameters	collation_name	17	\N	YES	name	\N	\N	\N	\N	name	NO	C	NEVER	sql_identifier	pg_catalog
information_schema	parameters	numeric_precision	18	\N	YES	integer	\N	32	0	\N	int4	NO	\N	NEVER	cardinal_number	pg_catalog
information_schema	parameters	numeric_precision_radix	19	\N	YES	integer	\N	32	0	\N	int4	NO	\N	NEVER	cardinal_number	pg_catalog
information_schema	parameters	numeric_scale	20	\N	YES	integer	\N	32	0	\N	int4	NO	\N	NEVER	cardinal_number	pg_catalog
information_schema	parameters	datetime_precision	21	\N	YES	integer	\N	32	0	\N	int4	NO	\N	NEVER	cardinal_number	pg_catalog
information_schema	parameters	interval_type	22	\N	YES	character varying	\N	\N	\N	\N	varchar	NO	C	NEVER	character_data	pg_catalog
information_schema	parameters	interval_precision	23	\N	YES	integer	\N	32	0	\N	int4	NO	\N	NEVER	cardinal_number	pg_catalog
information_schema	parameters	udt_catalog	24	\N	YES	name	\N	\N	\N	\N	name	NO	C	NEVER	sql_identifier	pg_catalog
information_schema	parameters	udt_schema	25	\N	YES	name	\N	\N	\N	\N	name	NO	C	NEVER	sql_identifier	pg_catalog
information_schema	parameters	udt_name	26	\N	YES	name	\N	\N	\N	\N	name	NO	C	NEVER	sql_identifier	pg_catalog
information_schema	parameters	scope_catalog	27	\N	YES	name	\N	\N	\N	\N	name	NO	C	NEVER	sql_identifier	pg_catalog
information_schema	parameters	scope_schema	28	\N	YES	name	\N	\N	\N	\N	name	NO	C	NEVER	sql_identifier	pg_catalog
information_schema	parameters	scope_name	29	\N	YES	name	\N	\N	\N	\N	name	NO	C	NEVER	sql_identifier	pg_catalog
information_schema	parameters	maximum_cardinality	30	\N	YES	integer	\N	32	0	\N	int4	NO	\N	NEVER	cardinal_number	pg_catalog
information_schema	parameters	dtd_identifier	31	\N	YES	name	\N	\N	\N	\N	name	NO	C	NEVER	sql_identifier	pg_catalog
information_schema	parameters	parameter_default	32	\N	YES	character varying	\N	\N	\N	\N	varchar	NO	C	NEVER	character_data	pg_catalog
information_schema	referential_constraints	constraint_catalog	1	\N	YES	name	\N	\N	\N	\N	name	NO	C	NEVER	sql_identifier	pg_catalog
information_schema	referential_constraints	constraint_schema	2	\N	YES	name	\N	\N	\N	\N	name	NO	C	NEVER	sql_identifier	pg_catalog
information_schema	referential_constraints	constraint_name	3	\N	YES	name	\N	\N	\N	\N	name	NO	C	NEVER	sql_identifier	pg_catalog
information_schema	referential_constraints	unique_constraint_catalog	4	\N	YES	name	\N	\N	\N	\N	name	NO	C	NEVER	sql_identifier	pg_catalog
information_schema	referential_constraints	unique_constraint_schema	5	\N	YES	name	\N	\N	\N	\N	name	NO	C	NEVER	sql_identifier	pg_catalog
information_schema	referential_constraints	unique_constraint_name	6	\N	YES	name	\N	\N	\N	\N	name	NO	C	NEVER	sql_identifier	pg_catalog
information_schema	referential_constraints	match_option	7	\N	YES	character varying	\N	\N	\N	\N	varchar	NO	C	NEVER	character_data	pg_catalog
information_schema	referential_constraints	update_rule	8	\N	YES	character varying	\N	\N	\N	\N	varchar	NO	C	NEVER	character_data	pg_catalog
information_schema	referential_constraints	delete_rule	9	\N	YES	character varying	\N	\N	\N	\N	varchar	NO	C	NEVER	character_data	pg_catalog
information_schema	role_column_grants	grantor	1	\N	YES	name	\N	\N	\N	\N	name	NO	C	NEVER	sql_identifier	pg_catalog
information_schema	role_column_grants	grantee	2	\N	YES	name	\N	\N	\N	\N	name	NO	C	NEVER	sql_identifier	pg_catalog
information_schema	role_column_grants	table_catalog	3	\N	YES	name	\N	\N	\N	\N	name	NO	C	NEVER	sql_identifier	pg_catalog
information_schema	role_column_grants	table_schema	4	\N	YES	name	\N	\N	\N	\N	name	NO	C	NEVER	sql_identifier	pg_catalog
information_schema	role_column_grants	table_name	5	\N	YES	name	\N	\N	\N	\N	name	NO	C	NEVER	sql_identifier	pg_catalog
information_schema	role_column_grants	column_name	6	\N	YES	name	\N	\N	\N	\N	name	NO	C	NEVER	sql_identifier	pg_catalog
information_schema	role_column_grants	privilege_type	7	\N	YES	character varying	\N	\N	\N	\N	varchar	NO	C	NEVER	character_data	pg_catalog
information_schema	role_column_grants	is_grantable	8	\N	YES	character varying	3	\N	\N	\N	varchar	NO	C	NEVER	yes_or_no	pg_catalog
information_schema	role_routine_grants	grantor	1	\N	YES	name	\N	\N	\N	\N	name	NO	C	NEVER	sql_identifier	pg_catalog
information_schema	role_routine_grants	grantee	2	\N	YES	name	\N	\N	\N	\N	name	NO	C	NEVER	sql_identifier	pg_catalog
information_schema	role_routine_grants	specific_catalog	3	\N	YES	name	\N	\N	\N	\N	name	NO	C	NEVER	sql_identifier	pg_catalog
information_schema	role_routine_grants	specific_schema	4	\N	YES	name	\N	\N	\N	\N	name	NO	C	NEVER	sql_identifier	pg_catalog
information_schema	role_routine_grants	specific_name	5	\N	YES	name	\N	\N	\N	\N	name	NO	C	NEVER	sql_identifier	pg_catalog
information_schema	role_routine_grants	routine_catalog	6	\N	YES	name	\N	\N	\N	\N	name	NO	C	NEVER	sql_identifier	pg_catalog
information_schema	role_routine_grants	routine_schema	7	\N	YES	name	\N	\N	\N	\N	name	NO	C	NEVER	sql_identifier	pg_catalog
information_schema	role_routine_grants	routine_name	8	\N	YES	name	\N	\N	\N	\N	name	NO	C	NEVER	sql_identifier	pg_catalog
information_schema	role_routine_grants	privilege_type	9	\N	YES	character varying	\N	\N	\N	\N	varchar	NO	C	NEVER	character_data	pg_catalog
information_schema	role_routine_grants	is_grantable	10	\N	YES	character varying	3	\N	\N	\N	varchar	NO	C	NEVER	yes_or_no	pg_catalog
information_schema	role_table_grants	grantor	1	\N	YES	name	\N	\N	\N	\N	name	NO	C	NEVER	sql_identifier	pg_catalog
information_schema	role_table_grants	grantee	2	\N	YES	name	\N	\N	\N	\N	name	NO	C	NEVER	sql_identifier	pg_catalog
information_schema	role_table_grants	table_catalog	3	\N	YES	name	\N	\N	\N	\N	name	NO	C	NEVER	sql_identifier	pg_catalog
information_schema	role_table_grants	table_schema	4	\N	YES	name	\N	\N	\N	\N	name	NO	C	NEVER	sql_identifier	pg_catalog
information_schema	role_table_grants	table_name	5	\N	YES	name	\N	\N	\N	\N	name	NO	C	NEVER	sql_identifier	pg_catalog
information_schema	role_table_grants	privilege_type	6	\N	YES	character varying	\N	\N	\N	\N	varchar	NO	C	NEVER	character_data	pg_catalog
information_schema	role_table_grants	is_grantable	7	\N	YES	character varying	3	\N	\N	\N	varchar	NO	C	NEVER	yes_or_no	pg_catalog
information_schema	role_table_grants	with_hierarchy	8	\N	YES	character varying	3	\N	\N	\N	varchar	NO	C	NEVER	yes_or_no	pg_catalog
information_schema	role_udt_grants	grantor	1	\N	YES	name	\N	\N	\N	\N	name	NO	C	NEVER	sql_identifier	pg_catalog
information_schema	role_udt_grants	grantee	2	\N	YES	name	\N	\N	\N	\N	name	NO	C	NEVER	sql_identifier	pg_catalog
information_schema	role_udt_grants	udt_catalog	3	\N	YES	name	\N	\N	\N	\N	name	NO	C	NEVER	sql_identifier	pg_catalog
information_schema	role_udt_grants	udt_schema	4	\N	YES	name	\N	\N	\N	\N	name	NO	C	NEVER	sql_identifier	pg_catalog
information_schema	role_udt_grants	udt_name	5	\N	YES	name	\N	\N	\N	\N	name	NO	C	NEVER	sql_identifier	pg_catalog
information_schema	role_udt_grants	privilege_type	6	\N	YES	character varying	\N	\N	\N	\N	varchar	NO	C	NEVER	character_data	pg_catalog
information_schema	role_udt_grants	is_grantable	7	\N	YES	character varying	3	\N	\N	\N	varchar	NO	C	NEVER	yes_or_no	pg_catalog
information_schema	role_usage_grants	grantor	1	\N	YES	name	\N	\N	\N	\N	name	NO	C	NEVER	sql_identifier	pg_catalog
information_schema	role_usage_grants	grantee	2	\N	YES	name	\N	\N	\N	\N	name	NO	C	NEVER	sql_identifier	pg_catalog
information_schema	role_usage_grants	object_catalog	3	\N	YES	name	\N	\N	\N	\N	name	NO	C	NEVER	sql_identifier	pg_catalog
information_schema	role_usage_grants	object_schema	4	\N	YES	name	\N	\N	\N	\N	name	NO	C	NEVER	sql_identifier	pg_catalog
information_schema	role_usage_grants	object_name	5	\N	YES	name	\N	\N	\N	\N	name	NO	C	NEVER	sql_identifier	pg_catalog
information_schema	role_usage_grants	object_type	6	\N	YES	character varying	\N	\N	\N	\N	varchar	NO	C	NEVER	character_data	pg_catalog
information_schema	role_usage_grants	privilege_type	7	\N	YES	character varying	\N	\N	\N	\N	varchar	NO	C	NEVER	character_data	pg_catalog
information_schema	role_usage_grants	is_grantable	8	\N	YES	character varying	3	\N	\N	\N	varchar	NO	C	NEVER	yes_or_no	pg_catalog
information_schema	routine_column_usage	specific_catalog	1	\N	YES	name	\N	\N	\N	\N	name	NO	C	NEVER	sql_identifier	pg_catalog
information_schema	routine_column_usage	specific_schema	2	\N	YES	name	\N	\N	\N	\N	name	NO	C	NEVER	sql_identifier	pg_catalog
information_schema	routine_column_usage	specific_name	3	\N	YES	name	\N	\N	\N	\N	name	NO	C	NEVER	sql_identifier	pg_catalog
information_schema	routine_column_usage	routine_catalog	4	\N	YES	name	\N	\N	\N	\N	name	NO	C	NEVER	sql_identifier	pg_catalog
information_schema	routine_column_usage	routine_schema	5	\N	YES	name	\N	\N	\N	\N	name	NO	C	NEVER	sql_identifier	pg_catalog
information_schema	routine_column_usage	routine_name	6	\N	YES	name	\N	\N	\N	\N	name	NO	C	NEVER	sql_identifier	pg_catalog
information_schema	routine_column_usage	table_catalog	7	\N	YES	name	\N	\N	\N	\N	name	NO	C	NEVER	sql_identifier	pg_catalog
information_schema	routine_column_usage	table_schema	8	\N	YES	name	\N	\N	\N	\N	name	NO	C	NEVER	sql_identifier	pg_catalog
information_schema	routine_column_usage	table_name	9	\N	YES	name	\N	\N	\N	\N	name	NO	C	NEVER	sql_identifier	pg_catalog
information_schema	routine_column_usage	column_name	10	\N	YES	name	\N	\N	\N	\N	name	NO	C	NEVER	sql_identifier	pg_catalog
information_schema	routine_privileges	grantor	1	\N	YES	name	\N	\N	\N	\N	name	NO	C	NEVER	sql_identifier	pg_catalog
information_schema	routine_privileges	grantee	2	\N	YES	name	\N	\N	\N	\N	name	NO	C	NEVER	sql_identifier	pg_catalog
information_schema	routine_privileges	specific_catalog	3	\N	YES	name	\N	\N	\N	\N	name	NO	C	NEVER	sql_identifier	pg_catalog
information_schema	routine_privileges	specific_schema	4	\N	YES	name	\N	\N	\N	\N	name	NO	C	NEVER	sql_identifier	pg_catalog
information_schema	routine_privileges	specific_name	5	\N	YES	name	\N	\N	\N	\N	name	NO	C	NEVER	sql_identifier	pg_catalog
information_schema	routine_privileges	routine_catalog	6	\N	YES	name	\N	\N	\N	\N	name	NO	C	NEVER	sql_identifier	pg_catalog
information_schema	routine_privileges	routine_schema	7	\N	YES	name	\N	\N	\N	\N	name	NO	C	NEVER	sql_identifier	pg_catalog
information_schema	routine_privileges	routine_name	8	\N	YES	name	\N	\N	\N	\N	name	NO	C	NEVER	sql_identifier	pg_catalog
information_schema	routine_privileges	privilege_type	9	\N	YES	character varying	\N	\N	\N	\N	varchar	NO	C	NEVER	character_data	pg_catalog
information_schema	routine_privileges	is_grantable	10	\N	YES	character varying	3	\N	\N	\N	varchar	NO	C	NEVER	yes_or_no	pg_catalog
information_schema	routine_routine_usage	specific_catalog	1	\N	YES	name	\N	\N	\N	\N	name	NO	C	NEVER	sql_identifier	pg_catalog
information_schema	routine_routine_usage	specific_schema	2	\N	YES	name	\N	\N	\N	\N	name	NO	C	NEVER	sql_identifier	pg_catalog
information_schema	routine_routine_usage	specific_name	3	\N	YES	name	\N	\N	\N	\N	name	NO	C	NEVER	sql_identifier	pg_catalog
information_schema	routine_routine_usage	routine_catalog	4	\N	YES	name	\N	\N	\N	\N	name	NO	C	NEVER	sql_identifier	pg_catalog
information_schema	routine_routine_usage	routine_schema	5	\N	YES	name	\N	\N	\N	\N	name	NO	C	NEVER	sql_identifier	pg_catalog
information_schema	routine_routine_usage	routine_name	6	\N	YES	name	\N	\N	\N	\N	name	NO	C	NEVER	sql_identifier	pg_catalog
information_schema	routine_sequence_usage	specific_catalog	1	\N	YES	name	\N	\N	\N	\N	name	NO	C	NEVER	sql_identifier	pg_catalog
information_schema	routine_sequence_usage	specific_schema	2	\N	YES	name	\N	\N	\N	\N	name	NO	C	NEVER	sql_identifier	pg_catalog
information_schema	routine_sequence_usage	specific_name	3	\N	YES	name	\N	\N	\N	\N	name	NO	C	NEVER	sql_identifier	pg_catalog
information_schema	routine_sequence_usage	routine_catalog	4	\N	YES	name	\N	\N	\N	\N	name	NO	C	NEVER	sql_identifier	pg_catalog
information_schema	routine_sequence_usage	routine_schema	5	\N	YES	name	\N	\N	\N	\N	name	NO	C	NEVER	sql_identifier	pg_catalog
information_schema	routine_sequence_usage	routine_name	6	\N	YES	name	\N	\N	\N	\N	name	NO	C	NEVER	sql_identifier	pg_catalog
information_schema	routine_sequence_usage	sequence_catalog	7	\N	YES	name	\N	\N	\N	\N	name	NO	C	NEVER	sql_identifier	pg_catalog
information_schema	routine_sequence_usage	sequence_schema	8	\N	YES	name	\N	\N	\N	\N	name	NO	C	NEVER	sql_identifier	pg_catalog
information_schema	routine_sequence_usage	sequence_name	9	\N	YES	name	\N	\N	\N	\N	name	NO	C	NEVER	sql_identifier	pg_catalog
information_schema	routine_table_usage	specific_catalog	1	\N	YES	name	\N	\N	\N	\N	name	NO	C	NEVER	sql_identifier	pg_catalog
information_schema	routine_table_usage	specific_schema	2	\N	YES	name	\N	\N	\N	\N	name	NO	C	NEVER	sql_identifier	pg_catalog
information_schema	routine_table_usage	specific_name	3	\N	YES	name	\N	\N	\N	\N	name	NO	C	NEVER	sql_identifier	pg_catalog
information_schema	routine_table_usage	routine_catalog	4	\N	YES	name	\N	\N	\N	\N	name	NO	C	NEVER	sql_identifier	pg_catalog
information_schema	routine_table_usage	routine_schema	5	\N	YES	name	\N	\N	\N	\N	name	NO	C	NEVER	sql_identifier	pg_catalog
information_schema	routine_table_usage	routine_name	6	\N	YES	name	\N	\N	\N	\N	name	NO	C	NEVER	sql_identifier	pg_catalog
information_schema	routine_table_usage	table_catalog	7	\N	YES	name	\N	\N	\N	\N	name	NO	C	NEVER	sql_identifier	pg_catalog
information_schema	routine_table_usage	table_schema	8	\N	YES	name	\N	\N	\N	\N	name	NO	C	NEVER	sql_identifier	pg_catalog
information_schema	routine_table_usage	table_name	9	\N	YES	name	\N	\N	\N	\N	name	NO	C	NEVER	sql_identifier	pg_catalog
information_schema	routines	specific_catalog	1	\N	YES	name	\N	\N	\N	\N	name	NO	C	NEVER	sql_identifier	pg_catalog
information_schema	routines	specific_schema	2	\N	YES	name	\N	\N	\N	\N	name	NO	C	NEVER	sql_identifier	pg_catalog
information_schema	routines	specific_name	3	\N	YES	name	\N	\N	\N	\N	name	NO	C	NEVER	sql_identifier	pg_catalog
information_schema	routines	routine_catalog	4	\N	YES	name	\N	\N	\N	\N	name	NO	C	NEVER	sql_identifier	pg_catalog
information_schema	routines	routine_schema	5	\N	YES	name	\N	\N	\N	\N	name	NO	C	NEVER	sql_identifier	pg_catalog
information_schema	routines	routine_name	6	\N	YES	name	\N	\N	\N	\N	name	NO	C	NEVER	sql_identifier	pg_catalog
information_schema	routines	routine_type	7	\N	YES	character varying	\N	\N	\N	\N	varchar	NO	C	NEVER	character_data	pg_catalog
information_schema	routines	module_catalog	8	\N	YES	name	\N	\N	\N	\N	name	NO	C	NEVER	sql_identifier	pg_catalog
information_schema	routines	module_schema	9	\N	YES	name	\N	\N	\N	\N	name	NO	C	NEVER	sql_identifier	pg_catalog
information_schema	routines	module_name	10	\N	YES	name	\N	\N	\N	\N	name	NO	C	NEVER	sql_identifier	pg_catalog
information_schema	routines	udt_catalog	11	\N	YES	name	\N	\N	\N	\N	name	NO	C	NEVER	sql_identifier	pg_catalog
information_schema	routines	udt_schema	12	\N	YES	name	\N	\N	\N	\N	name	NO	C	NEVER	sql_identifier	pg_catalog
information_schema	routines	udt_name	13	\N	YES	name	\N	\N	\N	\N	name	NO	C	NEVER	sql_identifier	pg_catalog
information_schema	routines	data_type	14	\N	YES	character varying	\N	\N	\N	\N	varchar	NO	C	NEVER	character_data	pg_catalog
information_schema	routines	character_maximum_length	15	\N	YES	integer	\N	32	0	\N	int4	NO	\N	NEVER	cardinal_number	pg_catalog
information_schema	routines	character_octet_length	16	\N	YES	integer	\N	32	0	\N	int4	NO	\N	NEVER	cardinal_number	pg_catalog
information_schema	routines	character_set_catalog	17	\N	YES	name	\N	\N	\N	\N	name	NO	C	NEVER	sql_identifier	pg_catalog
information_schema	routines	character_set_schema	18	\N	YES	name	\N	\N	\N	\N	name	NO	C	NEVER	sql_identifier	pg_catalog
information_schema	routines	character_set_name	19	\N	YES	name	\N	\N	\N	\N	name	NO	C	NEVER	sql_identifier	pg_catalog
information_schema	routines	collation_catalog	20	\N	YES	name	\N	\N	\N	\N	name	NO	C	NEVER	sql_identifier	pg_catalog
information_schema	routines	collation_schema	21	\N	YES	name	\N	\N	\N	\N	name	NO	C	NEVER	sql_identifier	pg_catalog
information_schema	routines	collation_name	22	\N	YES	name	\N	\N	\N	\N	name	NO	C	NEVER	sql_identifier	pg_catalog
information_schema	routines	numeric_precision	23	\N	YES	integer	\N	32	0	\N	int4	NO	\N	NEVER	cardinal_number	pg_catalog
information_schema	routines	numeric_precision_radix	24	\N	YES	integer	\N	32	0	\N	int4	NO	\N	NEVER	cardinal_number	pg_catalog
information_schema	routines	numeric_scale	25	\N	YES	integer	\N	32	0	\N	int4	NO	\N	NEVER	cardinal_number	pg_catalog
information_schema	routines	datetime_precision	26	\N	YES	integer	\N	32	0	\N	int4	NO	\N	NEVER	cardinal_number	pg_catalog
information_schema	routines	interval_type	27	\N	YES	character varying	\N	\N	\N	\N	varchar	NO	C	NEVER	character_data	pg_catalog
information_schema	routines	interval_precision	28	\N	YES	integer	\N	32	0	\N	int4	NO	\N	NEVER	cardinal_number	pg_catalog
information_schema	routines	type_udt_catalog	29	\N	YES	name	\N	\N	\N	\N	name	NO	C	NEVER	sql_identifier	pg_catalog
information_schema	routines	type_udt_schema	30	\N	YES	name	\N	\N	\N	\N	name	NO	C	NEVER	sql_identifier	pg_catalog
information_schema	routines	type_udt_name	31	\N	YES	name	\N	\N	\N	\N	name	NO	C	NEVER	sql_identifier	pg_catalog
information_schema	routines	scope_catalog	32	\N	YES	name	\N	\N	\N	\N	name	NO	C	NEVER	sql_identifier	pg_catalog
information_schema	routines	scope_schema	33	\N	YES	name	\N	\N	\N	\N	name	NO	C	NEVER	sql_identifier	pg_catalog
information_schema	routines	scope_name	34	\N	YES	name	\N	\N	\N	\N	name	NO	C	NEVER	sql_identifier	pg_catalog
information_schema	routines	maximum_cardinality	35	\N	YES	integer	\N	32	0	\N	int4	NO	\N	NEVER	cardinal_number	pg_catalog
information_schema	routines	dtd_identifier	36	\N	YES	name	\N	\N	\N	\N	name	NO	C	NEVER	sql_identifier	pg_catalog
information_schema	routines	routine_body	37	\N	YES	character varying	\N	\N	\N	\N	varchar	NO	C	NEVER	character_data	pg_catalog
information_schema	routines	routine_definition	38	\N	YES	character varying	\N	\N	\N	\N	varchar	NO	C	NEVER	character_data	pg_catalog
information_schema	routines	external_name	39	\N	YES	character varying	\N	\N	\N	\N	varchar	NO	C	NEVER	character_data	pg_catalog
information_schema	routines	external_language	40	\N	YES	character varying	\N	\N	\N	\N	varchar	NO	C	NEVER	character_data	pg_catalog
information_schema	routines	parameter_style	41	\N	YES	character varying	\N	\N	\N	\N	varchar	NO	C	NEVER	character_data	pg_catalog
information_schema	routines	is_deterministic	42	\N	YES	character varying	3	\N	\N	\N	varchar	NO	C	NEVER	yes_or_no	pg_catalog
information_schema	routines	sql_data_access	43	\N	YES	character varying	\N	\N	\N	\N	varchar	NO	C	NEVER	character_data	pg_catalog
information_schema	routines	is_null_call	44	\N	YES	character varying	3	\N	\N	\N	varchar	NO	C	NEVER	yes_or_no	pg_catalog
information_schema	routines	sql_path	45	\N	YES	character varying	\N	\N	\N	\N	varchar	NO	C	NEVER	character_data	pg_catalog
information_schema	routines	schema_level_routine	46	\N	YES	character varying	3	\N	\N	\N	varchar	NO	C	NEVER	yes_or_no	pg_catalog
information_schema	routines	max_dynamic_result_sets	47	\N	YES	integer	\N	32	0	\N	int4	NO	\N	NEVER	cardinal_number	pg_catalog
information_schema	routines	is_user_defined_cast	48	\N	YES	character varying	3	\N	\N	\N	varchar	NO	C	NEVER	yes_or_no	pg_catalog
information_schema	routines	is_implicitly_invocable	49	\N	YES	character varying	3	\N	\N	\N	varchar	NO	C	NEVER	yes_or_no	pg_catalog
information_schema	routines	security_type	50	\N	YES	character varying	\N	\N	\N	\N	varchar	NO	C	NEVER	character_data	pg_catalog
information_schema	routines	to_sql_specific_catalog	51	\N	YES	name	\N	\N	\N	\N	name	NO	C	NEVER	sql_identifier	pg_catalog
information_schema	routines	to_sql_specific_schema	52	\N	YES	name	\N	\N	\N	\N	name	NO	C	NEVER	sql_identifier	pg_catalog
information_schema	routines	to_sql_specific_name	53	\N	YES	name	\N	\N	\N	\N	name	NO	C	NEVER	sql_identifier	pg_catalog
information_schema	routines	as_locator	54	\N	YES	character varying	3	\N	\N	\N	varchar	NO	C	NEVER	yes_or_no	pg_catalog
information_schema	routines	created	55	\N	YES	timestamp with time zone	\N	\N	\N	2	timestamptz	NO	\N	NEVER	time_stamp	pg_catalog
information_schema	routines	last_altered	56	\N	YES	timestamp with time zone	\N	\N	\N	2	timestamptz	NO	\N	NEVER	time_stamp	pg_catalog
information_schema	routines	new_savepoint_level	57	\N	YES	character varying	3	\N	\N	\N	varchar	NO	C	NEVER	yes_or_no	pg_catalog
information_schema	routines	is_udt_dependent	58	\N	YES	character varying	3	\N	\N	\N	varchar	NO	C	NEVER	yes_or_no	pg_catalog
information_schema	routines	result_cast_from_data_type	59	\N	YES	character varying	\N	\N	\N	\N	varchar	NO	C	NEVER	character_data	pg_catalog
information_schema	routines	result_cast_as_locator	60	\N	YES	character varying	3	\N	\N	\N	varchar	NO	C	NEVER	yes_or_no	pg_catalog
information_schema	routines	result_cast_char_max_length	61	\N	YES	integer	\N	32	0	\N	int4	NO	\N	NEVER	cardinal_number	pg_catalog
information_schema	routines	result_cast_char_octet_length	62	\N	YES	integer	\N	32	0	\N	int4	NO	\N	NEVER	cardinal_number	pg_catalog
information_schema	routines	result_cast_char_set_catalog	63	\N	YES	name	\N	\N	\N	\N	name	NO	C	NEVER	sql_identifier	pg_catalog
information_schema	routines	result_cast_char_set_schema	64	\N	YES	name	\N	\N	\N	\N	name	NO	C	NEVER	sql_identifier	pg_catalog
information_schema	routines	result_cast_char_set_name	65	\N	YES	name	\N	\N	\N	\N	name	NO	C	NEVER	sql_identifier	pg_catalog
information_schema	routines	result_cast_collation_catalog	66	\N	YES	name	\N	\N	\N	\N	name	NO	C	NEVER	sql_identifier	pg_catalog
information_schema	routines	result_cast_collation_schema	67	\N	YES	name	\N	\N	\N	\N	name	NO	C	NEVER	sql_identifier	pg_catalog
information_schema	routines	result_cast_collation_name	68	\N	YES	name	\N	\N	\N	\N	name	NO	C	NEVER	sql_identifier	pg_catalog
information_schema	routines	result_cast_numeric_precision	69	\N	YES	integer	\N	32	0	\N	int4	NO	\N	NEVER	cardinal_number	pg_catalog
information_schema	routines	result_cast_numeric_precision_radix	70	\N	YES	integer	\N	32	0	\N	int4	NO	\N	NEVER	cardinal_number	pg_catalog
information_schema	routines	result_cast_numeric_scale	71	\N	YES	integer	\N	32	0	\N	int4	NO	\N	NEVER	cardinal_number	pg_catalog
information_schema	routines	result_cast_datetime_precision	72	\N	YES	integer	\N	32	0	\N	int4	NO	\N	NEVER	cardinal_number	pg_catalog
information_schema	routines	result_cast_interval_type	73	\N	YES	character varying	\N	\N	\N	\N	varchar	NO	C	NEVER	character_data	pg_catalog
information_schema	routines	result_cast_interval_precision	74	\N	YES	integer	\N	32	0	\N	int4	NO	\N	NEVER	cardinal_number	pg_catalog
information_schema	routines	result_cast_type_udt_catalog	75	\N	YES	name	\N	\N	\N	\N	name	NO	C	NEVER	sql_identifier	pg_catalog
information_schema	routines	result_cast_type_udt_schema	76	\N	YES	name	\N	\N	\N	\N	name	NO	C	NEVER	sql_identifier	pg_catalog
information_schema	routines	result_cast_type_udt_name	77	\N	YES	name	\N	\N	\N	\N	name	NO	C	NEVER	sql_identifier	pg_catalog
information_schema	routines	result_cast_scope_catalog	78	\N	YES	name	\N	\N	\N	\N	name	NO	C	NEVER	sql_identifier	pg_catalog
information_schema	routines	result_cast_scope_schema	79	\N	YES	name	\N	\N	\N	\N	name	NO	C	NEVER	sql_identifier	pg_catalog
information_schema	routines	result_cast_scope_name	80	\N	YES	name	\N	\N	\N	\N	name	NO	C	NEVER	sql_identifier	pg_catalog
information_schema	routines	result_cast_maximum_cardinality	81	\N	YES	integer	\N	32	0	\N	int4	NO	\N	NEVER	cardinal_number	pg_catalog
information_schema	routines	result_cast_dtd_identifier	82	\N	YES	name	\N	\N	\N	\N	name	NO	C	NEVER	sql_identifier	pg_catalog
information_schema	schemata	catalog_name	1	\N	YES	name	\N	\N	\N	\N	name	NO	C	NEVER	sql_identifier	pg_catalog
information_schema	schemata	schema_name	2	\N	YES	name	\N	\N	\N	\N	name	NO	C	NEVER	sql_identifier	pg_catalog
information_schema	schemata	schema_owner	3	\N	YES	name	\N	\N	\N	\N	name	NO	C	NEVER	sql_identifier	pg_catalog
information_schema	schemata	default_character_set_catalog	4	\N	YES	name	\N	\N	\N	\N	name	NO	C	NEVER	sql_identifier	pg_catalog
information_schema	schemata	default_character_set_schema	5	\N	YES	name	\N	\N	\N	\N	name	NO	C	NEVER	sql_identifier	pg_catalog
information_schema	schemata	default_character_set_name	6	\N	YES	name	\N	\N	\N	\N	name	NO	C	NEVER	sql_identifier	pg_catalog
information_schema	schemata	sql_path	7	\N	YES	character varying	\N	\N	\N	\N	varchar	NO	C	NEVER	character_data	pg_catalog
information_schema	sequences	sequence_catalog	1	\N	YES	name	\N	\N	\N	\N	name	NO	C	NEVER	sql_identifier	pg_catalog
information_schema	sequences	sequence_schema	2	\N	YES	name	\N	\N	\N	\N	name	NO	C	NEVER	sql_identifier	pg_catalog
information_schema	sequences	sequence_name	3	\N	YES	name	\N	\N	\N	\N	name	NO	C	NEVER	sql_identifier	pg_catalog
information_schema	sequences	data_type	4	\N	YES	character varying	\N	\N	\N	\N	varchar	NO	C	NEVER	character_data	pg_catalog
information_schema	sequences	numeric_precision	5	\N	YES	integer	\N	32	0	\N	int4	NO	\N	NEVER	cardinal_number	pg_catalog
information_schema	sequences	numeric_precision_radix	6	\N	YES	integer	\N	32	0	\N	int4	NO	\N	NEVER	cardinal_number	pg_catalog
information_schema	sequences	numeric_scale	7	\N	YES	integer	\N	32	0	\N	int4	NO	\N	NEVER	cardinal_number	pg_catalog
information_schema	sequences	start_value	8	\N	YES	character varying	\N	\N	\N	\N	varchar	NO	C	NEVER	character_data	pg_catalog
information_schema	sequences	minimum_value	9	\N	YES	character varying	\N	\N	\N	\N	varchar	NO	C	NEVER	character_data	pg_catalog
information_schema	sequences	maximum_value	10	\N	YES	character varying	\N	\N	\N	\N	varchar	NO	C	NEVER	character_data	pg_catalog
information_schema	sequences	increment	11	\N	YES	character varying	\N	\N	\N	\N	varchar	NO	C	NEVER	character_data	pg_catalog
information_schema	sequences	cycle_option	12	\N	YES	character varying	3	\N	\N	\N	varchar	NO	C	NEVER	yes_or_no	pg_catalog
information_schema	sql_features	feature_id	1	\N	YES	character varying	\N	\N	\N	\N	varchar	NO	C	NEVER	character_data	pg_catalog
information_schema	sql_features	feature_name	2	\N	YES	character varying	\N	\N	\N	\N	varchar	NO	C	NEVER	character_data	pg_catalog
information_schema	sql_features	sub_feature_id	3	\N	YES	character varying	\N	\N	\N	\N	varchar	NO	C	NEVER	character_data	pg_catalog
information_schema	sql_features	sub_feature_name	4	\N	YES	character varying	\N	\N	\N	\N	varchar	NO	C	NEVER	character_data	pg_catalog
information_schema	sql_features	is_supported	5	\N	YES	character varying	3	\N	\N	\N	varchar	NO	C	NEVER	yes_or_no	pg_catalog
information_schema	sql_features	is_verified_by	6	\N	YES	character varying	\N	\N	\N	\N	varchar	NO	C	NEVER	character_data	pg_catalog
information_schema	sql_features	comments	7	\N	YES	character varying	\N	\N	\N	\N	varchar	NO	C	NEVER	character_data	pg_catalog
information_schema	sql_implementation_info	implementation_info_id	1	\N	YES	character varying	\N	\N	\N	\N	varchar	NO	C	NEVER	character_data	pg_catalog
information_schema	sql_implementation_info	implementation_info_name	2	\N	YES	character varying	\N	\N	\N	\N	varchar	NO	C	NEVER	character_data	pg_catalog
information_schema	sql_implementation_info	integer_value	3	\N	YES	integer	\N	32	0	\N	int4	NO	\N	NEVER	cardinal_number	pg_catalog
information_schema	sql_implementation_info	character_value	4	\N	YES	character varying	\N	\N	\N	\N	varchar	NO	C	NEVER	character_data	pg_catalog
information_schema	sql_implementation_info	comments	5	\N	YES	character varying	\N	\N	\N	\N	varchar	NO	C	NEVER	character_data	pg_catalog
information_schema	sql_parts	feature_id	1	\N	YES	character varying	\N	\N	\N	\N	varchar	NO	C	NEVER	character_data	pg_catalog
information_schema	sql_parts	feature_name	2	\N	YES	character varying	\N	\N	\N	\N	varchar	NO	C	NEVER	character_data	pg_catalog
information_schema	sql_parts	is_supported	3	\N	YES	character varying	3	\N	\N	\N	varchar	NO	C	NEVER	yes_or_no	pg_catalog
information_schema	sql_parts	is_verified_by	4	\N	YES	character varying	\N	\N	\N	\N	varchar	NO	C	NEVER	character_data	pg_catalog
information_schema	sql_parts	comments	5	\N	YES	character varying	\N	\N	\N	\N	varchar	NO	C	NEVER	character_data	pg_catalog
information_schema	sql_sizing	sizing_id	1	\N	YES	integer	\N	32	0	\N	int4	NO	\N	NEVER	cardinal_number	pg_catalog
information_schema	sql_sizing	sizing_name	2	\N	YES	character varying	\N	\N	\N	\N	varchar	NO	C	NEVER	character_data	pg_catalog
information_schema	sql_sizing	supported_value	3	\N	YES	integer	\N	32	0	\N	int4	NO	\N	NEVER	cardinal_number	pg_catalog
information_schema	sql_sizing	comments	4	\N	YES	character varying	\N	\N	\N	\N	varchar	NO	C	NEVER	character_data	pg_catalog
information_schema	table_constraints	constraint_catalog	1	\N	YES	name	\N	\N	\N	\N	name	NO	C	NEVER	sql_identifier	pg_catalog
information_schema	table_constraints	constraint_schema	2	\N	YES	name	\N	\N	\N	\N	name	NO	C	NEVER	sql_identifier	pg_catalog
information_schema	table_constraints	constraint_name	3	\N	YES	name	\N	\N	\N	\N	name	NO	C	NEVER	sql_identifier	pg_catalog
information_schema	table_constraints	table_catalog	4	\N	YES	name	\N	\N	\N	\N	name	NO	C	NEVER	sql_identifier	pg_catalog
information_schema	table_constraints	table_schema	5	\N	YES	name	\N	\N	\N	\N	name	NO	C	NEVER	sql_identifier	pg_catalog
information_schema	table_constraints	table_name	6	\N	YES	name	\N	\N	\N	\N	name	NO	C	NEVER	sql_identifier	pg_catalog
information_schema	table_constraints	constraint_type	7	\N	YES	character varying	\N	\N	\N	\N	varchar	NO	C	NEVER	character_data	pg_catalog
information_schema	table_constraints	is_deferrable	8	\N	YES	character varying	3	\N	\N	\N	varchar	NO	C	NEVER	yes_or_no	pg_catalog
information_schema	table_constraints	initially_deferred	9	\N	YES	character varying	3	\N	\N	\N	varchar	NO	C	NEVER	yes_or_no	pg_catalog
information_schema	table_constraints	enforced	10	\N	YES	character varying	3	\N	\N	\N	varchar	NO	C	NEVER	yes_or_no	pg_catalog
information_schema	table_constraints	nulls_distinct	11	\N	YES	character varying	3	\N	\N	\N	varchar	NO	C	NEVER	yes_or_no	pg_catalog
information_schema	table_privileges	grantor	1	\N	YES	name	\N	\N	\N	\N	name	NO	C	NEVER	sql_identifier	pg_catalog
information_schema	table_privileges	grantee	2	\N	YES	name	\N	\N	\N	\N	name	NO	C	NEVER	sql_identifier	pg_catalog
information_schema	table_privileges	table_catalog	3	\N	YES	name	\N	\N	\N	\N	name	NO	C	NEVER	sql_identifier	pg_catalog
information_schema	table_privileges	table_schema	4	\N	YES	name	\N	\N	\N	\N	name	NO	C	NEVER	sql_identifier	pg_catalog
information_schema	table_privileges	table_name	5	\N	YES	name	\N	\N	\N	\N	name	NO	C	NEVER	sql_identifier	pg_catalog
information_schema	table_privileges	privilege_type	6	\N	YES	character varying	\N	\N	\N	\N	varchar	NO	C	NEVER	character_data	pg_catalog
information_schema	table_privileges	is_grantable	7	\N	YES	character varying	3	\N	\N	\N	varchar	NO	C	NEVER	yes_or_no	pg_catalog
information_schema	table_privileges	with_hierarchy	8	\N	YES	character varying	3	\N	\N	\N	varchar	NO	C	NEVER	yes_or_no	pg_catalog
information_schema	tables	table_catalog	1	\N	YES	name	\N	\N	\N	\N	name	NO	C	NEVER	sql_identifier	pg_catalog
information_schema	tables	table_schema	2	\N	YES	name	\N	\N	\N	\N	name	NO	C	NEVER	sql_identifier	pg_catalog
information_schema	tables	table_name	3	\N	YES	name	\N	\N	\N	\N	name	NO	C	NEVER	sql_identifier	pg_catalog
information_schema	tables	table_type	4	\N	YES	character varying	\N	\N	\N	\N	varchar	NO	C	NEVER	character_data	pg_catalog
information_schema	tables	self_referencing_column_name	5	\N	YES	name	\N	\N	\N	\N	name	NO	C	NEVER	sql_identifier	pg_catalog
information_schema	tables	reference_generation	6	\N	YES	character varying	\N	\N	\N	\N	varchar	NO	C	NEVER	character_data	pg_catalog
information_schema	tables	user_defined_type_catalog	7	\N	YES	name	\N	\N	\N	\N	name	NO	C	NEVER	sql_identifier	pg_catalog
information_schema	tables	user_defined_type_schema	8	\N	YES	name	\N	\N	\N	\N	name	NO	C	NEVER	sql_identifier	pg_catalog
information_schema	tables	user_defined_type_name	9	\N	YES	name	\N	\N	\N	\N	name	NO	C	NEVER	sql_identifier	pg_catalog
information_schema	tables	is_insertable_into	10	\N	YES	character varying	3	\N	\N	\N	varchar	NO	C	NEVER	yes_or_no	pg_catalog
information_schema	tables	is_typed	11	\N	YES	character varying	3	\N	\N	\N	varchar	NO	C	NEVER	yes_or_no	pg_catalog
information_schema	tables	commit_action	12	\N	YES	character varying	\N	\N	\N	\N	varchar	NO	C	NEVER	character_data	pg_catalog
information_schema	transforms	udt_catalog	1	\N	YES	name	\N	\N	\N	\N	name	NO	C	NEVER	sql_identifier	pg_catalog
information_schema	transforms	udt_schema	2	\N	YES	name	\N	\N	\N	\N	name	NO	C	NEVER	sql_identifier	pg_catalog
information_schema	transforms	udt_name	3	\N	YES	name	\N	\N	\N	\N	name	NO	C	NEVER	sql_identifier	pg_catalog
information_schema	transforms	specific_catalog	4	\N	YES	name	\N	\N	\N	\N	name	NO	C	NEVER	sql_identifier	pg_catalog
information_schema	transforms	specific_schema	5	\N	YES	name	\N	\N	\N	\N	name	NO	C	NEVER	sql_identifier	pg_catalog
information_schema	transforms	specific_name	6	\N	YES	name	\N	\N	\N	\N	name	NO	C	NEVER	sql_identifier	pg_catalog
information_schema	transforms	group_name	7	\N	YES	name	\N	\N	\N	\N	name	NO	C	NEVER	sql_identifier	pg_catalog
information_schema	transforms	transform_type	8	\N	YES	character varying	\N	\N	\N	\N	varchar	NO	C	NEVER	character_data	pg_catalog
information_schema	triggered_update_columns	trigger_catalog	1	\N	YES	name	\N	\N	\N	\N	name	NO	C	NEVER	sql_identifier	pg_catalog
information_schema	triggered_update_columns	trigger_schema	2	\N	YES	name	\N	\N	\N	\N	name	NO	C	NEVER	sql_identifier	pg_catalog
information_schema	triggered_update_columns	trigger_name	3	\N	YES	name	\N	\N	\N	\N	name	NO	C	NEVER	sql_identifier	pg_catalog
information_schema	triggered_update_columns	event_object_catalog	4	\N	YES	name	\N	\N	\N	\N	name	NO	C	NEVER	sql_identifier	pg_catalog
information_schema	triggered_update_columns	event_object_schema	5	\N	YES	name	\N	\N	\N	\N	name	NO	C	NEVER	sql_identifier	pg_catalog
information_schema	triggered_update_columns	event_object_table	6	\N	YES	name	\N	\N	\N	\N	name	NO	C	NEVER	sql_identifier	pg_catalog
information_schema	triggered_update_columns	event_object_column	7	\N	YES	name	\N	\N	\N	\N	name	NO	C	NEVER	sql_identifier	pg_catalog
information_schema	triggers	trigger_catalog	1	\N	YES	name	\N	\N	\N	\N	name	NO	C	NEVER	sql_identifier	pg_catalog
information_schema	triggers	trigger_schema	2	\N	YES	name	\N	\N	\N	\N	name	NO	C	NEVER	sql_identifier	pg_catalog
information_schema	triggers	trigger_name	3	\N	YES	name	\N	\N	\N	\N	name	NO	C	NEVER	sql_identifier	pg_catalog
information_schema	triggers	event_manipulation	4	\N	YES	character varying	\N	\N	\N	\N	varchar	NO	C	NEVER	character_data	pg_catalog
information_schema	triggers	event_object_catalog	5	\N	YES	name	\N	\N	\N	\N	name	NO	C	NEVER	sql_identifier	pg_catalog
information_schema	triggers	event_object_schema	6	\N	YES	name	\N	\N	\N	\N	name	NO	C	NEVER	sql_identifier	pg_catalog
information_schema	triggers	event_object_table	7	\N	YES	name	\N	\N	\N	\N	name	NO	C	NEVER	sql_identifier	pg_catalog
information_schema	triggers	action_order	8	\N	YES	integer	\N	32	0	\N	int4	NO	\N	NEVER	cardinal_number	pg_catalog
information_schema	triggers	action_condition	9	\N	YES	character varying	\N	\N	\N	\N	varchar	NO	C	NEVER	character_data	pg_catalog
information_schema	triggers	action_statement	10	\N	YES	character varying	\N	\N	\N	\N	varchar	NO	C	NEVER	character_data	pg_catalog
information_schema	triggers	action_orientation	11	\N	YES	character varying	\N	\N	\N	\N	varchar	NO	C	NEVER	character_data	pg_catalog
information_schema	triggers	action_timing	12	\N	YES	character varying	\N	\N	\N	\N	varchar	NO	C	NEVER	character_data	pg_catalog
information_schema	triggers	action_reference_old_table	13	\N	YES	name	\N	\N	\N	\N	name	NO	C	NEVER	sql_identifier	pg_catalog
information_schema	triggers	action_reference_new_table	14	\N	YES	name	\N	\N	\N	\N	name	NO	C	NEVER	sql_identifier	pg_catalog
information_schema	triggers	action_reference_old_row	15	\N	YES	name	\N	\N	\N	\N	name	NO	C	NEVER	sql_identifier	pg_catalog
information_schema	triggers	action_reference_new_row	16	\N	YES	name	\N	\N	\N	\N	name	NO	C	NEVER	sql_identifier	pg_catalog
information_schema	triggers	created	17	\N	YES	timestamp with time zone	\N	\N	\N	2	timestamptz	NO	\N	NEVER	time_stamp	pg_catalog
information_schema	udt_privileges	grantor	1	\N	YES	name	\N	\N	\N	\N	name	NO	C	NEVER	sql_identifier	pg_catalog
information_schema	udt_privileges	grantee	2	\N	YES	name	\N	\N	\N	\N	name	NO	C	NEVER	sql_identifier	pg_catalog
information_schema	udt_privileges	udt_catalog	3	\N	YES	name	\N	\N	\N	\N	name	NO	C	NEVER	sql_identifier	pg_catalog
information_schema	udt_privileges	udt_schema	4	\N	YES	name	\N	\N	\N	\N	name	NO	C	NEVER	sql_identifier	pg_catalog
information_schema	udt_privileges	udt_name	5	\N	YES	name	\N	\N	\N	\N	name	NO	C	NEVER	sql_identifier	pg_catalog
information_schema	udt_privileges	privilege_type	6	\N	YES	character varying	\N	\N	\N	\N	varchar	NO	C	NEVER	character_data	pg_catalog
information_schema	udt_privileges	is_grantable	7	\N	YES	character varying	3	\N	\N	\N	varchar	NO	C	NEVER	yes_or_no	pg_catalog
information_schema	usage_privileges	grantor	1	\N	YES	name	\N	\N	\N	\N	name	NO	C	NEVER	sql_identifier	pg_catalog
information_schema	usage_privileges	grantee	2	\N	YES	name	\N	\N	\N	\N	name	NO	C	NEVER	sql_identifier	pg_catalog
information_schema	usage_privileges	object_catalog	3	\N	YES	name	\N	\N	\N	\N	name	NO	C	NEVER	sql_identifier	pg_catalog
information_schema	usage_privileges	object_schema	4	\N	YES	name	\N	\N	\N	\N	name	NO	C	NEVER	sql_identifier	pg_catalog
information_schema	usage_privileges	object_name	5	\N	YES	name	\N	\N	\N	\N	name	NO	C	NEVER	sql_identifier	pg_catalog
information_schema	usage_privileges	object_type	6	\N	YES	character varying	\N	\N	\N	\N	varchar	NO	C	NEVER	character_data	pg_catalog
information_schema	usage_privileges	privilege_type	7	\N	YES	character varying	\N	\N	\N	\N	varchar	NO	C	NEVER	character_data	pg_catalog
information_schema	usage_privileges	is_grantable	8	\N	YES	character varying	3	\N	\N	\N	varchar	NO	C	NEVER	yes_or_no	pg_catalog
information_schema	user_defined_types	user_defined_type_catalog	1	\N	YES	name	\N	\N	\N	\N	name	NO	C	NEVER	sql_identifier	pg_catalog
information_schema	user_defined_types	user_defined_type_schema	2	\N	YES	name	\N	\N	\N	\N	name	NO	C	NEVER	sql_identifier	pg_catalog
information_schema	user_defined_types	user_defined_type_name	3	\N	YES	name	\N	\N	\N	\N	name	NO	C	NEVER	sql_identifier	pg_catalog
information_schema	user_defined_types	user_defined_type_category	4	\N	YES	character varying	\N	\N	\N	\N	varchar	NO	C	NEVER	character_data	pg_catalog
information_schema	user_defined_types	is_instantiable	5	\N	YES	character varying	3	\N	\N	\N	varchar	NO	C	NEVER	yes_or_no	pg_catalog
information_schema	user_defined_types	is_final	6	\N	YES	character varying	3	\N	\N	\N	varchar	NO	C	NEVER	yes_or_no	pg_catalog
information_schema	user_defined_types	ordering_form	7	\N	YES	character varying	\N	\N	\N	\N	varchar	NO	C	NEVER	character_data	pg_catalog
information_schema	user_defined_types	ordering_category	8	\N	YES	character varying	\N	\N	\N	\N	varchar	NO	C	NEVER	character_data	pg_catalog
information_schema	user_defined_types	ordering_routine_catalog	9	\N	YES	name	\N	\N	\N	\N	name	NO	C	NEVER	sql_identifier	pg_catalog
information_schema	user_defined_types	ordering_routine_schema	10	\N	YES	name	\N	\N	\N	\N	name	NO	C	NEVER	sql_identifier	pg_catalog
information_schema	user_defined_types	ordering_routine_name	11	\N	YES	name	\N	\N	\N	\N	name	NO	C	NEVER	sql_identifier	pg_catalog
information_schema	user_defined_types	reference_type	12	\N	YES	character varying	\N	\N	\N	\N	varchar	NO	C	NEVER	character_data	pg_catalog
information_schema	user_defined_types	data_type	13	\N	YES	character varying	\N	\N	\N	\N	varchar	NO	C	NEVER	character_data	pg_catalog
information_schema	user_defined_types	character_maximum_length	14	\N	YES	integer	\N	32	0	\N	int4	NO	\N	NEVER	cardinal_number	pg_catalog
information_schema	user_defined_types	character_octet_length	15	\N	YES	integer	\N	32	0	\N	int4	NO	\N	NEVER	cardinal_number	pg_catalog
information_schema	user_defined_types	character_set_catalog	16	\N	YES	name	\N	\N	\N	\N	name	NO	C	NEVER	sql_identifier	pg_catalog
information_schema	user_defined_types	character_set_schema	17	\N	YES	name	\N	\N	\N	\N	name	NO	C	NEVER	sql_identifier	pg_catalog
information_schema	user_defined_types	character_set_name	18	\N	YES	name	\N	\N	\N	\N	name	NO	C	NEVER	sql_identifier	pg_catalog
information_schema	user_defined_types	collation_catalog	19	\N	YES	name	\N	\N	\N	\N	name	NO	C	NEVER	sql_identifier	pg_catalog
information_schema	user_defined_types	collation_schema	20	\N	YES	name	\N	\N	\N	\N	name	NO	C	NEVER	sql_identifier	pg_catalog
information_schema	user_defined_types	collation_name	21	\N	YES	name	\N	\N	\N	\N	name	NO	C	NEVER	sql_identifier	pg_catalog
information_schema	user_defined_types	numeric_precision	22	\N	YES	integer	\N	32	0	\N	int4	NO	\N	NEVER	cardinal_number	pg_catalog
information_schema	user_defined_types	numeric_precision_radix	23	\N	YES	integer	\N	32	0	\N	int4	NO	\N	NEVER	cardinal_number	pg_catalog
information_schema	user_defined_types	numeric_scale	24	\N	YES	integer	\N	32	0	\N	int4	NO	\N	NEVER	cardinal_number	pg_catalog
information_schema	user_defined_types	datetime_precision	25	\N	YES	integer	\N	32	0	\N	int4	NO	\N	NEVER	cardinal_number	pg_catalog
information_schema	user_defined_types	interval_type	26	\N	YES	character varying	\N	\N	\N	\N	varchar	NO	C	NEVER	character_data	pg_catalog
information_schema	user_defined_types	interval_precision	27	\N	YES	integer	\N	32	0	\N	int4	NO	\N	NEVER	cardinal_number	pg_catalog
information_schema	user_defined_types	source_dtd_identifier	28	\N	YES	name	\N	\N	\N	\N	name	NO	C	NEVER	sql_identifier	pg_catalog
information_schema	user_defined_types	ref_dtd_identifier	29	\N	YES	name	\N	\N	\N	\N	name	NO	C	NEVER	sql_identifier	pg_catalog
information_schema	user_mapping_options	authorization_identifier	1	\N	YES	name	\N	\N	\N	\N	name	NO	C	NEVER	sql_identifier	pg_catalog
information_schema	user_mapping_options	foreign_server_catalog	2	\N	YES	name	\N	\N	\N	\N	name	NO	C	NEVER	sql_identifier	pg_catalog
information_schema	user_mapping_options	foreign_server_name	3	\N	YES	name	\N	\N	\N	\N	name	NO	C	NEVER	sql_identifier	pg_catalog
information_schema	user_mapping_options	option_name	4	\N	YES	name	\N	\N	\N	\N	name	NO	C	NEVER	sql_identifier	pg_catalog
information_schema	user_mapping_options	option_value	5	\N	YES	character varying	\N	\N	\N	\N	varchar	NO	C	NEVER	character_data	pg_catalog
information_schema	user_mappings	authorization_identifier	1	\N	YES	name	\N	\N	\N	\N	name	NO	C	NEVER	sql_identifier	pg_catalog
information_schema	user_mappings	foreign_server_catalog	2	\N	YES	name	\N	\N	\N	\N	name	NO	C	NEVER	sql_identifier	pg_catalog
information_schema	user_mappings	foreign_server_name	3	\N	YES	name	\N	\N	\N	\N	name	NO	C	NEVER	sql_identifier	pg_catalog
information_schema	view_column_usage	view_catalog	1	\N	YES	name	\N	\N	\N	\N	name	NO	C	NEVER	sql_identifier	pg_catalog
information_schema	view_column_usage	view_schema	2	\N	YES	name	\N	\N	\N	\N	name	NO	C	NEVER	sql_identifier	pg_catalog
information_schema	view_column_usage	view_name	3	\N	YES	name	\N	\N	\N	\N	name	NO	C	NEVER	sql_identifier	pg_catalog
information_schema	view_column_usage	table_catalog	4	\N	YES	name	\N	\N	\N	\N	name	NO	C	NEVER	sql_identifier	pg_catalog
information_schema	view_column_usage	table_schema	5	\N	YES	name	\N	\N	\N	\N	name	NO	C	NEVER	sql_identifier	pg_catalog
information_schema	view_column_usage	table_name	6	\N	YES	name	\N	\N	\N	\N	name	NO	C	NEVER	sql_identifier	pg_catalog
information_schema	view_column_usage	column_name	7	\N	YES	name	\N	\N	\N	\N	name	NO	C	NEVER	sql_identifier	pg_catalog
information_schema	view_routine_usage	table_catalog	1	\N	YES	name	\N	\N	\N	\N	name	NO	C	NEVER	sql_identifier	pg_catalog
information_schema	view_routine_usage	table_schema	2	\N	YES	name	\N	\N	\N	\N	name	NO	C	NEVER	sql_identifier	pg_catalog
information_schema	view_routine_usage	table_name	3	\N	YES	name	\N	\N	\N	\N	name	NO	C	NEVER	sql_identifier	pg_catalog
information_schema	view_routine_usage	specific_catalog	4	\N	YES	name	\N	\N	\N	\N	name	NO	C	NEVER	sql_identifier	pg_catalog
information_schema	view_routine_usage	specific_schema	5	\N	YES	name	\N	\N	\N	\N	name	NO	C	NEVER	sql_identifier	pg_catalog
information_schema	view_routine_usage	specific_name	6	\N	YES	name	\N	\N	\N	\N	name	NO	C	NEVER	sql_identifier	pg_catalog
information_schema	view_table_usage	view_catalog	1	\N	YES	name	\N	\N	\N	\N	name	NO	C	NEVER	sql_identifier	pg_catalog
information_schema	view_table_usage	view_schema	2	\N	YES	name	\N	\N	\N	\N	name	NO	C	NEVER	sql_identifier	pg_catalog
information_schema	view_table_usage	view_name	3	\N	YES	name	\N	\N	\N	\N	name	NO	C	NEVER	sql_identifier	pg_catalog
information_schema	view_table_usage	table_catalog	4	\N	YES	name	\N	\N	\N	\N	name	NO	C	NEVER	sql_identifier	pg_catalog
information_schema	view_table_usage	table_schema	5	\N	YES	name	\N	\N	\N	\N	name	NO	C	NEVER	sql_identifier	pg_catalog
information_schema	view_table_usage	table_name	6	\N	YES	name	\N	\N	\N	\N	name	NO	C	NEVER	sql_identifier	pg_catalog
information_schema	views	table_catalog	1	\N	YES	name	\N	\N	\N	\N	name	NO	C	NEVER	sql_identifier	pg_catalog
information_schema	views	table_schema	2	\N	YES	name	\N	\N	\N	\N	name	NO	C	NEVER	sql_identifier	pg_catalog
information_schema	views	table_name	3	\N	YES	name	\N	\N	\N	\N	name	NO	C	NEVER	sql_identifier	pg_catalog
information_schema	views	view_definition	4	\N	YES	character varying	\N	\N	\N	\N	varchar	NO	C	NEVER	character_data	pg_catalog
information_schema	views	check_option	5	\N	YES	character varying	\N	\N	\N	\N	varchar	NO	C	NEVER	character_data	pg_catalog
information_schema	views	is_updatable	6	\N	YES	character varying	3	\N	\N	\N	varchar	NO	C	NEVER	yes_or_no	pg_catalog
information_schema	views	is_insertable_into	7	\N	YES	character varying	3	\N	\N	\N	varchar	NO	C	NEVER	yes_or_no	pg_catalog
information_schema	views	is_trigger_updatable	8	\N	YES	character varying	3	\N	\N	\N	varchar	NO	C	NEVER	yes_or_no	pg_catalog
information_schema	views	is_trigger_deletable	9	\N	YES	character varying	3	\N	\N	\N	varchar	NO	C	NEVER	yes_or_no	pg_catalog
information_schema	views	is_trigger_insertable_into	10	\N	YES	character varying	3	\N	\N	\N	varchar	NO	C	NEVER	yes_or_no	pg_catalog
pg_catalog	pg_aggregate	aggfnoid	1	\N	NO	regproc	\N	\N	\N	\N	regproc	NO	\N	NEVER	\N	pg_catalog
pg_catalog	pg_aggregate	aggkind	2	\N	NO	"char"	\N	\N	\N	\N	char	NO	\N	NEVER	\N	pg_catalog
pg_catalog	pg_aggregate	aggnumdirectargs	3	\N	NO	smallint	\N	16	0	\N	int2	NO	\N	NEVER	\N	pg_catalog
pg_catalog	pg_aggregate	aggtransfn	4	\N	NO	regproc	\N	\N	\N	\N	regproc	NO	\N	NEVER	\N	pg_catalog
pg_catalog	pg_aggregate	aggfinalfn	5	\N	NO	regproc	\N	\N	\N	\N	regproc	NO	\N	NEVER	\N	pg_catalog
pg_catalog	pg_aggregate	aggcombinefn	6	\N	NO	regproc	\N	\N	\N	\N	regproc	NO	\N	NEVER	\N	pg_catalog
pg_catalog	pg_aggregate	aggserialfn	7	\N	NO	regproc	\N	\N	\N	\N	regproc	NO	\N	NEVER	\N	pg_catalog
pg_catalog	pg_aggregate	aggdeserialfn	8	\N	NO	regproc	\N	\N	\N	\N	regproc	NO	\N	NEVER	\N	pg_catalog
pg_catalog	pg_aggregate	aggmtransfn	9	\N	NO	regproc	\N	\N	\N	\N	regproc	NO	\N	NEVER	\N	pg_catalog
pg_catalog	pg_aggregate	aggminvtransfn	10	\N	NO	regproc	\N	\N	\N	\N	regproc	NO	\N	NEVER	\N	pg_catalog
pg_catalog	pg_aggregate	aggmfinalfn	11	\N	NO	regproc	\N	\N	\N	\N	regproc	NO	\N	NEVER	\N	pg_catalog
pg_catalog	pg_aggregate	aggfinalextra	12	\N	NO	boolean	\N	\N	\N	\N	bool	NO	\N	NEVER	\N	pg_catalog
pg_catalog	pg_aggregate	aggmfinalextra	13	\N	NO	boolean	\N	\N	\N	\N	bool	NO	\N	NEVER	\N	pg_catalog
pg_catalog	pg_aggregate	aggfinalmodify	14	\N	NO	"char"	\N	\N	\N	\N	char	NO	\N	NEVER	\N	pg_catalog
pg_catalog	pg_aggregate	aggmfinalmodify	15	\N	NO	"char"	\N	\N	\N	\N	char	NO	\N	NEVER	\N	pg_catalog
pg_catalog	pg_aggregate	aggsortop	16	\N	NO	oid	\N	\N	\N	\N	oid	NO	\N	NEVER	\N	pg_catalog
pg_catalog	pg_aggregate	aggtranstype	17	\N	NO	oid	\N	\N	\N	\N	oid	NO	\N	NEVER	\N	pg_catalog
pg_catalog	pg_aggregate	aggtransspace	18	\N	NO	integer	\N	32	0	\N	int4	NO	\N	NEVER	\N	pg_catalog
pg_catalog	pg_aggregate	aggmtranstype	19	\N	NO	oid	\N	\N	\N	\N	oid	NO	\N	NEVER	\N	pg_catalog
pg_catalog	pg_aggregate	aggmtransspace	20	\N	NO	integer	\N	32	0	\N	int4	NO	\N	NEVER	\N	pg_catalog
pg_catalog	pg_aggregate	agginitval	21	\N	YES	text	\N	\N	\N	\N	text	NO	C	NEVER	\N	pg_catalog
pg_catalog	pg_aggregate	aggminitval	22	\N	YES	text	\N	\N	\N	\N	text	NO	C	NEVER	\N	pg_catalog
pg_catalog	pg_am	oid	1	\N	NO	oid	\N	\N	\N	\N	oid	NO	\N	NEVER	\N	pg_catalog
pg_catalog	pg_am	amname	2	\N	NO	name	\N	\N	\N	\N	name	NO	C	NEVER	\N	pg_catalog
pg_catalog	pg_am	amhandler	3	\N	NO	regproc	\N	\N	\N	\N	regproc	NO	\N	NEVER	\N	pg_catalog
pg_catalog	pg_am	amtype	4	\N	NO	"char"	\N	\N	\N	\N	char	NO	\N	NEVER	\N	pg_catalog
pg_catalog	pg_amop	oid	1	\N	NO	oid	\N	\N	\N	\N	oid	NO	\N	NEVER	\N	pg_catalog
pg_catalog	pg_amop	amopfamily	2	\N	NO	oid	\N	\N	\N	\N	oid	NO	\N	NEVER	\N	pg_catalog
pg_catalog	pg_amop	amoplefttype	3	\N	NO	oid	\N	\N	\N	\N	oid	NO	\N	NEVER	\N	pg_catalog
pg_catalog	pg_amop	amoprighttype	4	\N	NO	oid	\N	\N	\N	\N	oid	NO	\N	NEVER	\N	pg_catalog
pg_catalog	pg_amop	amopstrategy	5	\N	NO	smallint	\N	16	0	\N	int2	NO	\N	NEVER	\N	pg_catalog
pg_catalog	pg_amop	amoppurpose	6	\N	NO	"char"	\N	\N	\N	\N	char	NO	\N	NEVER	\N	pg_catalog
pg_catalog	pg_amop	amopopr	7	\N	NO	oid	\N	\N	\N	\N	oid	NO	\N	NEVER	\N	pg_catalog
pg_catalog	pg_amop	amopmethod	8	\N	NO	oid	\N	\N	\N	\N	oid	NO	\N	NEVER	\N	pg_catalog
pg_catalog	pg_amop	amopsortfamily	9	\N	NO	oid	\N	\N	\N	\N	oid	NO	\N	NEVER	\N	pg_catalog
pg_catalog	pg_amproc	oid	1	\N	NO	oid	\N	\N	\N	\N	oid	NO	\N	NEVER	\N	pg_catalog
pg_catalog	pg_amproc	amprocfamily	2	\N	NO	oid	\N	\N	\N	\N	oid	NO	\N	NEVER	\N	pg_catalog
pg_catalog	pg_amproc	amproclefttype	3	\N	NO	oid	\N	\N	\N	\N	oid	NO	\N	NEVER	\N	pg_catalog
pg_catalog	pg_amproc	amprocrighttype	4	\N	NO	oid	\N	\N	\N	\N	oid	NO	\N	NEVER	\N	pg_catalog
pg_catalog	pg_amproc	amprocnum	5	\N	NO	smallint	\N	16	0	\N	int2	NO	\N	NEVER	\N	pg_catalog
pg_catalog	pg_amproc	amproc	6	\N	NO	regproc	\N	\N	\N	\N	regproc	NO	\N	NEVER	\N	pg_catalog
pg_catalog	pg_attrdef	oid	1	\N	NO	oid	\N	\N	\N	\N	oid	NO	\N	NEVER	\N	pg_catalog
pg_catalog	pg_attrdef	adrelid	2	\N	NO	oid	\N	\N	\N	\N	oid	NO	\N	NEVER	\N	pg_catalog
pg_catalog	pg_attrdef	adnum	3	\N	NO	smallint	\N	16	0	\N	int2	NO	\N	NEVER	\N	pg_catalog
pg_catalog	pg_attrdef	adbin	4	\N	NO	pg_node_tree	\N	\N	\N	\N	pg_node_tree	NO	C	NEVER	\N	pg_catalog
pg_catalog	pg_attribute	attrelid	1	\N	NO	oid	\N	\N	\N	\N	oid	NO	\N	NEVER	\N	pg_catalog
pg_catalog	pg_attribute	attname	2	\N	NO	name	\N	\N	\N	\N	name	NO	C	NEVER	\N	pg_catalog
pg_catalog	pg_attribute	atttypid	3	\N	NO	oid	\N	\N	\N	\N	oid	NO	\N	NEVER	\N	pg_catalog
pg_catalog	pg_attribute	attstattarget	4	\N	NO	integer	\N	32	0	\N	int4	NO	\N	NEVER	\N	pg_catalog
pg_catalog	pg_attribute	attlen	5	\N	NO	smallint	\N	16	0	\N	int2	NO	\N	NEVER	\N	pg_catalog
pg_catalog	pg_attribute	attnum	6	\N	NO	smallint	\N	16	0	\N	int2	NO	\N	NEVER	\N	pg_catalog
pg_catalog	pg_attribute	attndims	7	\N	NO	integer	\N	32	0	\N	int4	NO	\N	NEVER	\N	pg_catalog
pg_catalog	pg_attribute	attcacheoff	8	\N	NO	integer	\N	32	0	\N	int4	NO	\N	NEVER	\N	pg_catalog
pg_catalog	pg_attribute	atttypmod	9	\N	NO	integer	\N	32	0	\N	int4	NO	\N	NEVER	\N	pg_catalog
pg_catalog	pg_attribute	attbyval	10	\N	NO	boolean	\N	\N	\N	\N	bool	NO	\N	NEVER	\N	pg_catalog
pg_catalog	pg_attribute	attalign	11	\N	NO	"char"	\N	\N	\N	\N	char	NO	\N	NEVER	\N	pg_catalog
pg_catalog	pg_attribute	attstorage	12	\N	NO	"char"	\N	\N	\N	\N	char	NO	\N	NEVER	\N	pg_catalog
pg_catalog	pg_attribute	attcompression	13	\N	NO	"char"	\N	\N	\N	\N	char	NO	\N	NEVER	\N	pg_catalog
pg_catalog	pg_attribute	attnotnull	14	\N	NO	boolean	\N	\N	\N	\N	bool	NO	\N	NEVER	\N	pg_catalog
pg_catalog	pg_attribute	atthasdef	15	\N	NO	boolean	\N	\N	\N	\N	bool	NO	\N	NEVER	\N	pg_catalog
pg_catalog	pg_attribute	atthasmissing	16	\N	NO	boolean	\N	\N	\N	\N	bool	NO	\N	NEVER	\N	pg_catalog
pg_catalog	pg_attribute	attidentity	17	\N	NO	"char"	\N	\N	\N	\N	char	NO	\N	NEVER	\N	pg_catalog
pg_catalog	pg_attribute	attgenerated	18	\N	NO	"char"	\N	\N	\N	\N	char	NO	\N	NEVER	\N	pg_catalog
pg_catalog	pg_attribute	attisdropped	19	\N	NO	boolean	\N	\N	\N	\N	bool	NO	\N	NEVER	\N	pg_catalog
pg_catalog	pg_attribute	attislocal	20	\N	NO	boolean	\N	\N	\N	\N	bool	NO	\N	NEVER	\N	pg_catalog
pg_catalog	pg_attribute	attinhcount	21	\N	NO	integer	\N	32	0	\N	int4	NO	\N	NEVER	\N	pg_catalog
pg_catalog	pg_attribute	attcollation	22	\N	NO	oid	\N	\N	\N	\N	oid	NO	\N	NEVER	\N	pg_catalog
pg_catalog	pg_attribute	attacl	23	\N	YES	ARRAY	\N	\N	\N	\N	_aclitem	NO	\N	NEVER	\N	pg_catalog
pg_catalog	pg_attribute	attoptions	24	\N	YES	ARRAY	\N	\N	\N	\N	_text	NO	C	NEVER	\N	pg_catalog
pg_catalog	pg_attribute	attfdwoptions	25	\N	YES	ARRAY	\N	\N	\N	\N	_text	NO	C	NEVER	\N	pg_catalog
pg_catalog	pg_attribute	attmissingval	26	\N	YES	anyarray	\N	\N	\N	\N	anyarray	NO	\N	NEVER	\N	pg_catalog
pg_catalog	pg_auth_members	roleid	1	\N	NO	oid	\N	\N	\N	\N	oid	NO	\N	NEVER	\N	pg_catalog
pg_catalog	pg_auth_members	member	2	\N	NO	oid	\N	\N	\N	\N	oid	NO	\N	NEVER	\N	pg_catalog
pg_catalog	pg_auth_members	grantor	3	\N	NO	oid	\N	\N	\N	\N	oid	NO	\N	NEVER	\N	pg_catalog
pg_catalog	pg_auth_members	admin_option	4	\N	NO	boolean	\N	\N	\N	\N	bool	NO	\N	NEVER	\N	pg_catalog
pg_catalog	pg_authid	oid	1	\N	NO	oid	\N	\N	\N	\N	oid	NO	\N	NEVER	\N	pg_catalog
pg_catalog	pg_authid	rolname	2	\N	NO	name	\N	\N	\N	\N	name	NO	C	NEVER	\N	pg_catalog
pg_catalog	pg_authid	rolsuper	3	\N	NO	boolean	\N	\N	\N	\N	bool	NO	\N	NEVER	\N	pg_catalog
pg_catalog	pg_authid	rolinherit	4	\N	NO	boolean	\N	\N	\N	\N	bool	NO	\N	NEVER	\N	pg_catalog
pg_catalog	pg_authid	rolcreaterole	5	\N	NO	boolean	\N	\N	\N	\N	bool	NO	\N	NEVER	\N	pg_catalog
pg_catalog	pg_authid	rolcreatedb	6	\N	NO	boolean	\N	\N	\N	\N	bool	NO	\N	NEVER	\N	pg_catalog
pg_catalog	pg_authid	rolcanlogin	7	\N	NO	boolean	\N	\N	\N	\N	bool	NO	\N	NEVER	\N	pg_catalog
pg_catalog	pg_authid	rolreplication	8	\N	NO	boolean	\N	\N	\N	\N	bool	NO	\N	NEVER	\N	pg_catalog
pg_catalog	pg_authid	rolbypassrls	9	\N	NO	boolean	\N	\N	\N	\N	bool	NO	\N	NEVER	\N	pg_catalog
pg_catalog	pg_authid	rolconnlimit	10	\N	NO	integer	\N	32	0	\N	int4	NO	\N	NEVER	\N	pg_catalog
pg_catalog	pg_authid	rolpassword	11	\N	YES	text	\N	\N	\N	\N	text	NO	C	NEVER	\N	pg_catalog
pg_catalog	pg_authid	rolvaliduntil	12	\N	YES	timestamp with time zone	\N	\N	\N	6	timestamptz	NO	\N	NEVER	\N	pg_catalog
pg_catalog	pg_available_extension_versions	name	1	\N	YES	name	\N	\N	\N	\N	name	NO	C	NEVER	\N	pg_catalog
pg_catalog	pg_available_extension_versions	version	2	\N	YES	text	\N	\N	\N	\N	text	NO	\N	NEVER	\N	pg_catalog
pg_catalog	pg_available_extension_versions	installed	3	\N	YES	boolean	\N	\N	\N	\N	bool	NO	\N	NEVER	\N	pg_catalog
pg_catalog	pg_available_extension_versions	superuser	4	\N	YES	boolean	\N	\N	\N	\N	bool	NO	\N	NEVER	\N	pg_catalog
pg_catalog	pg_available_extension_versions	trusted	5	\N	YES	boolean	\N	\N	\N	\N	bool	NO	\N	NEVER	\N	pg_catalog
pg_catalog	pg_available_extension_versions	relocatable	6	\N	YES	boolean	\N	\N	\N	\N	bool	NO	\N	NEVER	\N	pg_catalog
pg_catalog	pg_available_extension_versions	schema	7	\N	YES	name	\N	\N	\N	\N	name	NO	C	NEVER	\N	pg_catalog
pg_catalog	pg_available_extension_versions	requires	8	\N	YES	ARRAY	\N	\N	\N	\N	_name	NO	C	NEVER	\N	pg_catalog
pg_catalog	pg_available_extension_versions	comment	9	\N	YES	text	\N	\N	\N	\N	text	NO	\N	NEVER	\N	pg_catalog
pg_catalog	pg_available_extensions	name	1	\N	YES	name	\N	\N	\N	\N	name	NO	C	NEVER	\N	pg_catalog
pg_catalog	pg_available_extensions	default_version	2	\N	YES	text	\N	\N	\N	\N	text	NO	\N	NEVER	\N	pg_catalog
pg_catalog	pg_available_extensions	installed_version	3	\N	YES	text	\N	\N	\N	\N	text	NO	C	NEVER	\N	pg_catalog
pg_catalog	pg_available_extensions	comment	4	\N	YES	text	\N	\N	\N	\N	text	NO	\N	NEVER	\N	pg_catalog
pg_catalog	pg_backend_memory_contexts	name	1	\N	YES	text	\N	\N	\N	\N	text	NO	\N	NEVER	\N	pg_catalog
pg_catalog	pg_backend_memory_contexts	ident	2	\N	YES	text	\N	\N	\N	\N	text	NO	\N	NEVER	\N	pg_catalog
pg_catalog	pg_backend_memory_contexts	parent	3	\N	YES	text	\N	\N	\N	\N	text	NO	\N	NEVER	\N	pg_catalog
pg_catalog	pg_backend_memory_contexts	level	4	\N	YES	integer	\N	32	0	\N	int4	NO	\N	NEVER	\N	pg_catalog
pg_catalog	pg_backend_memory_contexts	total_bytes	5	\N	YES	bigint	\N	64	0	\N	int8	NO	\N	NEVER	\N	pg_catalog
pg_catalog	pg_backend_memory_contexts	total_nblocks	6	\N	YES	bigint	\N	64	0	\N	int8	NO	\N	NEVER	\N	pg_catalog
pg_catalog	pg_backend_memory_contexts	free_bytes	7	\N	YES	bigint	\N	64	0	\N	int8	NO	\N	NEVER	\N	pg_catalog
pg_catalog	pg_backend_memory_contexts	free_chunks	8	\N	YES	bigint	\N	64	0	\N	int8	NO	\N	NEVER	\N	pg_catalog
pg_catalog	pg_backend_memory_contexts	used_bytes	9	\N	YES	bigint	\N	64	0	\N	int8	NO	\N	NEVER	\N	pg_catalog
pg_catalog	pg_cast	oid	1	\N	NO	oid	\N	\N	\N	\N	oid	NO	\N	NEVER	\N	pg_catalog
pg_catalog	pg_cast	castsource	2	\N	NO	oid	\N	\N	\N	\N	oid	NO	\N	NEVER	\N	pg_catalog
pg_catalog	pg_cast	casttarget	3	\N	NO	oid	\N	\N	\N	\N	oid	NO	\N	NEVER	\N	pg_catalog
pg_catalog	pg_cast	castfunc	4	\N	NO	oid	\N	\N	\N	\N	oid	NO	\N	NEVER	\N	pg_catalog
pg_catalog	pg_cast	castcontext	5	\N	NO	"char"	\N	\N	\N	\N	char	NO	\N	NEVER	\N	pg_catalog
pg_catalog	pg_cast	castmethod	6	\N	NO	"char"	\N	\N	\N	\N	char	NO	\N	NEVER	\N	pg_catalog
pg_catalog	pg_class	oid	1	\N	NO	oid	\N	\N	\N	\N	oid	NO	\N	NEVER	\N	pg_catalog
pg_catalog	pg_class	relname	2	\N	NO	name	\N	\N	\N	\N	name	NO	C	NEVER	\N	pg_catalog
pg_catalog	pg_class	relnamespace	3	\N	NO	oid	\N	\N	\N	\N	oid	NO	\N	NEVER	\N	pg_catalog
pg_catalog	pg_class	reltype	4	\N	NO	oid	\N	\N	\N	\N	oid	NO	\N	NEVER	\N	pg_catalog
pg_catalog	pg_class	reloftype	5	\N	NO	oid	\N	\N	\N	\N	oid	NO	\N	NEVER	\N	pg_catalog
pg_catalog	pg_class	relowner	6	\N	NO	oid	\N	\N	\N	\N	oid	NO	\N	NEVER	\N	pg_catalog
pg_catalog	pg_class	relam	7	\N	NO	oid	\N	\N	\N	\N	oid	NO	\N	NEVER	\N	pg_catalog
pg_catalog	pg_class	relfilenode	8	\N	NO	oid	\N	\N	\N	\N	oid	NO	\N	NEVER	\N	pg_catalog
pg_catalog	pg_class	reltablespace	9	\N	NO	oid	\N	\N	\N	\N	oid	NO	\N	NEVER	\N	pg_catalog
pg_catalog	pg_class	relpages	10	\N	NO	integer	\N	32	0	\N	int4	NO	\N	NEVER	\N	pg_catalog
pg_catalog	pg_class	reltuples	11	\N	NO	real	\N	24	\N	\N	float4	NO	\N	NEVER	\N	pg_catalog
pg_catalog	pg_class	relallvisible	12	\N	NO	integer	\N	32	0	\N	int4	NO	\N	NEVER	\N	pg_catalog
pg_catalog	pg_class	reltoastrelid	13	\N	NO	oid	\N	\N	\N	\N	oid	NO	\N	NEVER	\N	pg_catalog
pg_catalog	pg_class	relhasindex	14	\N	NO	boolean	\N	\N	\N	\N	bool	NO	\N	NEVER	\N	pg_catalog
pg_catalog	pg_class	relisshared	15	\N	NO	boolean	\N	\N	\N	\N	bool	NO	\N	NEVER	\N	pg_catalog
pg_catalog	pg_class	relpersistence	16	\N	NO	"char"	\N	\N	\N	\N	char	NO	\N	NEVER	\N	pg_catalog
pg_catalog	pg_class	relkind	17	\N	NO	"char"	\N	\N	\N	\N	char	NO	\N	NEVER	\N	pg_catalog
pg_catalog	pg_class	relnatts	18	\N	NO	smallint	\N	16	0	\N	int2	NO	\N	NEVER	\N	pg_catalog
pg_catalog	pg_class	relchecks	19	\N	NO	smallint	\N	16	0	\N	int2	NO	\N	NEVER	\N	pg_catalog
pg_catalog	pg_class	relhasrules	20	\N	NO	boolean	\N	\N	\N	\N	bool	NO	\N	NEVER	\N	pg_catalog
pg_catalog	pg_class	relhastriggers	21	\N	NO	boolean	\N	\N	\N	\N	bool	NO	\N	NEVER	\N	pg_catalog
pg_catalog	pg_class	relhassubclass	22	\N	NO	boolean	\N	\N	\N	\N	bool	NO	\N	NEVER	\N	pg_catalog
pg_catalog	pg_class	relrowsecurity	23	\N	NO	boolean	\N	\N	\N	\N	bool	NO	\N	NEVER	\N	pg_catalog
pg_catalog	pg_class	relforcerowsecurity	24	\N	NO	boolean	\N	\N	\N	\N	bool	NO	\N	NEVER	\N	pg_catalog
pg_catalog	pg_class	relispopulated	25	\N	NO	boolean	\N	\N	\N	\N	bool	NO	\N	NEVER	\N	pg_catalog
pg_catalog	pg_class	relreplident	26	\N	NO	"char"	\N	\N	\N	\N	char	NO	\N	NEVER	\N	pg_catalog
pg_catalog	pg_class	relispartition	27	\N	NO	boolean	\N	\N	\N	\N	bool	NO	\N	NEVER	\N	pg_catalog
pg_catalog	pg_class	relrewrite	28	\N	NO	oid	\N	\N	\N	\N	oid	NO	\N	NEVER	\N	pg_catalog
pg_catalog	pg_class	relfrozenxid	29	\N	NO	xid	\N	\N	\N	\N	xid	NO	\N	NEVER	\N	pg_catalog
pg_catalog	pg_class	relminmxid	30	\N	NO	xid	\N	\N	\N	\N	xid	NO	\N	NEVER	\N	pg_catalog
pg_catalog	pg_class	relacl	31	\N	YES	ARRAY	\N	\N	\N	\N	_aclitem	NO	\N	NEVER	\N	pg_catalog
pg_catalog	pg_class	reloptions	32	\N	YES	ARRAY	\N	\N	\N	\N	_text	NO	C	NEVER	\N	pg_catalog
pg_catalog	pg_class	relpartbound	33	\N	YES	pg_node_tree	\N	\N	\N	\N	pg_node_tree	NO	C	NEVER	\N	pg_catalog
pg_catalog	pg_collation	oid	1	\N	NO	oid	\N	\N	\N	\N	oid	NO	\N	NEVER	\N	pg_catalog
pg_catalog	pg_collation	collname	2	\N	NO	name	\N	\N	\N	\N	name	NO	C	NEVER	\N	pg_catalog
pg_catalog	pg_collation	collnamespace	3	\N	NO	oid	\N	\N	\N	\N	oid	NO	\N	NEVER	\N	pg_catalog
pg_catalog	pg_collation	collowner	4	\N	NO	oid	\N	\N	\N	\N	oid	NO	\N	NEVER	\N	pg_catalog
pg_catalog	pg_collation	collprovider	5	\N	NO	"char"	\N	\N	\N	\N	char	NO	\N	NEVER	\N	pg_catalog
pg_catalog	pg_collation	collisdeterministic	6	\N	NO	boolean	\N	\N	\N	\N	bool	NO	\N	NEVER	\N	pg_catalog
pg_catalog	pg_collation	collencoding	7	\N	NO	integer	\N	32	0	\N	int4	NO	\N	NEVER	\N	pg_catalog
pg_catalog	pg_collation	collcollate	8	\N	YES	text	\N	\N	\N	\N	text	NO	C	NEVER	\N	pg_catalog
pg_catalog	pg_collation	collctype	9	\N	YES	text	\N	\N	\N	\N	text	NO	C	NEVER	\N	pg_catalog
pg_catalog	pg_collation	colliculocale	10	\N	YES	text	\N	\N	\N	\N	text	NO	C	NEVER	\N	pg_catalog
pg_catalog	pg_collation	collversion	11	\N	YES	text	\N	\N	\N	\N	text	NO	C	NEVER	\N	pg_catalog
pg_catalog	pg_config	name	1	\N	YES	text	\N	\N	\N	\N	text	NO	\N	NEVER	\N	pg_catalog
pg_catalog	pg_config	setting	2	\N	YES	text	\N	\N	\N	\N	text	NO	\N	NEVER	\N	pg_catalog
pg_catalog	pg_constraint	oid	1	\N	NO	oid	\N	\N	\N	\N	oid	NO	\N	NEVER	\N	pg_catalog
pg_catalog	pg_constraint	conname	2	\N	NO	name	\N	\N	\N	\N	name	NO	C	NEVER	\N	pg_catalog
pg_catalog	pg_constraint	connamespace	3	\N	NO	oid	\N	\N	\N	\N	oid	NO	\N	NEVER	\N	pg_catalog
pg_catalog	pg_constraint	contype	4	\N	NO	"char"	\N	\N	\N	\N	char	NO	\N	NEVER	\N	pg_catalog
pg_catalog	pg_constraint	condeferrable	5	\N	NO	boolean	\N	\N	\N	\N	bool	NO	\N	NEVER	\N	pg_catalog
pg_catalog	pg_constraint	condeferred	6	\N	NO	boolean	\N	\N	\N	\N	bool	NO	\N	NEVER	\N	pg_catalog
pg_catalog	pg_constraint	convalidated	7	\N	NO	boolean	\N	\N	\N	\N	bool	NO	\N	NEVER	\N	pg_catalog
pg_catalog	pg_constraint	conrelid	8	\N	NO	oid	\N	\N	\N	\N	oid	NO	\N	NEVER	\N	pg_catalog
pg_catalog	pg_constraint	contypid	9	\N	NO	oid	\N	\N	\N	\N	oid	NO	\N	NEVER	\N	pg_catalog
pg_catalog	pg_constraint	conindid	10	\N	NO	oid	\N	\N	\N	\N	oid	NO	\N	NEVER	\N	pg_catalog
pg_catalog	pg_constraint	conparentid	11	\N	NO	oid	\N	\N	\N	\N	oid	NO	\N	NEVER	\N	pg_catalog
pg_catalog	pg_constraint	confrelid	12	\N	NO	oid	\N	\N	\N	\N	oid	NO	\N	NEVER	\N	pg_catalog
pg_catalog	pg_constraint	confupdtype	13	\N	NO	"char"	\N	\N	\N	\N	char	NO	\N	NEVER	\N	pg_catalog
pg_catalog	pg_constraint	confdeltype	14	\N	NO	"char"	\N	\N	\N	\N	char	NO	\N	NEVER	\N	pg_catalog
pg_catalog	pg_constraint	confmatchtype	15	\N	NO	"char"	\N	\N	\N	\N	char	NO	\N	NEVER	\N	pg_catalog
pg_catalog	pg_constraint	conislocal	16	\N	NO	boolean	\N	\N	\N	\N	bool	NO	\N	NEVER	\N	pg_catalog
pg_catalog	pg_constraint	coninhcount	17	\N	NO	integer	\N	32	0	\N	int4	NO	\N	NEVER	\N	pg_catalog
pg_catalog	pg_constraint	connoinherit	18	\N	NO	boolean	\N	\N	\N	\N	bool	NO	\N	NEVER	\N	pg_catalog
pg_catalog	pg_constraint	conkey	19	\N	YES	ARRAY	\N	\N	\N	\N	_int2	NO	\N	NEVER	\N	pg_catalog
pg_catalog	pg_constraint	confkey	20	\N	YES	ARRAY	\N	\N	\N	\N	_int2	NO	\N	NEVER	\N	pg_catalog
pg_catalog	pg_constraint	conpfeqop	21	\N	YES	ARRAY	\N	\N	\N	\N	_oid	NO	\N	NEVER	\N	pg_catalog
pg_catalog	pg_constraint	conppeqop	22	\N	YES	ARRAY	\N	\N	\N	\N	_oid	NO	\N	NEVER	\N	pg_catalog
pg_catalog	pg_constraint	conffeqop	23	\N	YES	ARRAY	\N	\N	\N	\N	_oid	NO	\N	NEVER	\N	pg_catalog
pg_catalog	pg_constraint	confdelsetcols	24	\N	YES	ARRAY	\N	\N	\N	\N	_int2	NO	\N	NEVER	\N	pg_catalog
pg_catalog	pg_constraint	conexclop	25	\N	YES	ARRAY	\N	\N	\N	\N	_oid	NO	\N	NEVER	\N	pg_catalog
pg_catalog	pg_constraint	conbin	26	\N	YES	pg_node_tree	\N	\N	\N	\N	pg_node_tree	NO	C	NEVER	\N	pg_catalog
pg_catalog	pg_conversion	oid	1	\N	NO	oid	\N	\N	\N	\N	oid	NO	\N	NEVER	\N	pg_catalog
pg_catalog	pg_conversion	conname	2	\N	NO	name	\N	\N	\N	\N	name	NO	C	NEVER	\N	pg_catalog
pg_catalog	pg_conversion	connamespace	3	\N	NO	oid	\N	\N	\N	\N	oid	NO	\N	NEVER	\N	pg_catalog
pg_catalog	pg_conversion	conowner	4	\N	NO	oid	\N	\N	\N	\N	oid	NO	\N	NEVER	\N	pg_catalog
pg_catalog	pg_conversion	conforencoding	5	\N	NO	integer	\N	32	0	\N	int4	NO	\N	NEVER	\N	pg_catalog
pg_catalog	pg_conversion	contoencoding	6	\N	NO	integer	\N	32	0	\N	int4	NO	\N	NEVER	\N	pg_catalog
pg_catalog	pg_conversion	conproc	7	\N	NO	regproc	\N	\N	\N	\N	regproc	NO	\N	NEVER	\N	pg_catalog
pg_catalog	pg_conversion	condefault	8	\N	NO	boolean	\N	\N	\N	\N	bool	NO	\N	NEVER	\N	pg_catalog
pg_catalog	pg_cursors	name	1	\N	YES	text	\N	\N	\N	\N	text	NO	\N	NEVER	\N	pg_catalog
pg_catalog	pg_cursors	statement	2	\N	YES	text	\N	\N	\N	\N	text	NO	\N	NEVER	\N	pg_catalog
pg_catalog	pg_cursors	is_holdable	3	\N	YES	boolean	\N	\N	\N	\N	bool	NO	\N	NEVER	\N	pg_catalog
pg_catalog	pg_cursors	is_binary	4	\N	YES	boolean	\N	\N	\N	\N	bool	NO	\N	NEVER	\N	pg_catalog
pg_catalog	pg_cursors	is_scrollable	5	\N	YES	boolean	\N	\N	\N	\N	bool	NO	\N	NEVER	\N	pg_catalog
pg_catalog	pg_cursors	creation_time	6	\N	YES	timestamp with time zone	\N	\N	\N	6	timestamptz	NO	\N	NEVER	\N	pg_catalog
pg_catalog	pg_database	oid	1	\N	NO	oid	\N	\N	\N	\N	oid	NO	\N	NEVER	\N	pg_catalog
pg_catalog	pg_database	datname	2	\N	NO	name	\N	\N	\N	\N	name	NO	C	NEVER	\N	pg_catalog
pg_catalog	pg_database	datdba	3	\N	NO	oid	\N	\N	\N	\N	oid	NO	\N	NEVER	\N	pg_catalog
pg_catalog	pg_database	encoding	4	\N	NO	integer	\N	32	0	\N	int4	NO	\N	NEVER	\N	pg_catalog
pg_catalog	pg_database	datlocprovider	5	\N	NO	"char"	\N	\N	\N	\N	char	NO	\N	NEVER	\N	pg_catalog
pg_catalog	pg_database	datistemplate	6	\N	NO	boolean	\N	\N	\N	\N	bool	NO	\N	NEVER	\N	pg_catalog
pg_catalog	pg_database	datallowconn	7	\N	NO	boolean	\N	\N	\N	\N	bool	NO	\N	NEVER	\N	pg_catalog
pg_catalog	pg_database	datconnlimit	8	\N	NO	integer	\N	32	0	\N	int4	NO	\N	NEVER	\N	pg_catalog
pg_catalog	pg_database	datfrozenxid	9	\N	NO	xid	\N	\N	\N	\N	xid	NO	\N	NEVER	\N	pg_catalog
pg_catalog	pg_database	datminmxid	10	\N	NO	xid	\N	\N	\N	\N	xid	NO	\N	NEVER	\N	pg_catalog
pg_catalog	pg_database	dattablespace	11	\N	NO	oid	\N	\N	\N	\N	oid	NO	\N	NEVER	\N	pg_catalog
pg_catalog	pg_database	datcollate	12	\N	NO	text	\N	\N	\N	\N	text	NO	C	NEVER	\N	pg_catalog
pg_catalog	pg_database	datctype	13	\N	NO	text	\N	\N	\N	\N	text	NO	C	NEVER	\N	pg_catalog
pg_catalog	pg_database	daticulocale	14	\N	YES	text	\N	\N	\N	\N	text	NO	C	NEVER	\N	pg_catalog
pg_catalog	pg_database	datcollversion	15	\N	YES	text	\N	\N	\N	\N	text	NO	C	NEVER	\N	pg_catalog
pg_catalog	pg_database	datacl	16	\N	YES	ARRAY	\N	\N	\N	\N	_aclitem	NO	\N	NEVER	\N	pg_catalog
pg_catalog	pg_db_role_setting	setdatabase	1	\N	NO	oid	\N	\N	\N	\N	oid	NO	\N	NEVER	\N	pg_catalog
pg_catalog	pg_db_role_setting	setrole	2	\N	NO	oid	\N	\N	\N	\N	oid	NO	\N	NEVER	\N	pg_catalog
pg_catalog	pg_db_role_setting	setconfig	3	\N	YES	ARRAY	\N	\N	\N	\N	_text	NO	C	NEVER	\N	pg_catalog
pg_catalog	pg_default_acl	oid	1	\N	NO	oid	\N	\N	\N	\N	oid	NO	\N	NEVER	\N	pg_catalog
pg_catalog	pg_default_acl	defaclrole	2	\N	NO	oid	\N	\N	\N	\N	oid	NO	\N	NEVER	\N	pg_catalog
pg_catalog	pg_default_acl	defaclnamespace	3	\N	NO	oid	\N	\N	\N	\N	oid	NO	\N	NEVER	\N	pg_catalog
pg_catalog	pg_default_acl	defaclobjtype	4	\N	NO	"char"	\N	\N	\N	\N	char	NO	\N	NEVER	\N	pg_catalog
pg_catalog	pg_default_acl	defaclacl	5	\N	NO	ARRAY	\N	\N	\N	\N	_aclitem	NO	\N	NEVER	\N	pg_catalog
pg_catalog	pg_depend	classid	1	\N	NO	oid	\N	\N	\N	\N	oid	NO	\N	NEVER	\N	pg_catalog
pg_catalog	pg_depend	objid	2	\N	NO	oid	\N	\N	\N	\N	oid	NO	\N	NEVER	\N	pg_catalog
pg_catalog	pg_depend	objsubid	3	\N	NO	integer	\N	32	0	\N	int4	NO	\N	NEVER	\N	pg_catalog
pg_catalog	pg_depend	refclassid	4	\N	NO	oid	\N	\N	\N	\N	oid	NO	\N	NEVER	\N	pg_catalog
pg_catalog	pg_depend	refobjid	5	\N	NO	oid	\N	\N	\N	\N	oid	NO	\N	NEVER	\N	pg_catalog
pg_catalog	pg_depend	refobjsubid	6	\N	NO	integer	\N	32	0	\N	int4	NO	\N	NEVER	\N	pg_catalog
pg_catalog	pg_depend	deptype	7	\N	NO	"char"	\N	\N	\N	\N	char	NO	\N	NEVER	\N	pg_catalog
pg_catalog	pg_description	objoid	1	\N	NO	oid	\N	\N	\N	\N	oid	NO	\N	NEVER	\N	pg_catalog
pg_catalog	pg_description	classoid	2	\N	NO	oid	\N	\N	\N	\N	oid	NO	\N	NEVER	\N	pg_catalog
pg_catalog	pg_description	objsubid	3	\N	NO	integer	\N	32	0	\N	int4	NO	\N	NEVER	\N	pg_catalog
pg_catalog	pg_description	description	4	\N	NO	text	\N	\N	\N	\N	text	NO	C	NEVER	\N	pg_catalog
pg_catalog	pg_enum	oid	1	\N	NO	oid	\N	\N	\N	\N	oid	NO	\N	NEVER	\N	pg_catalog
pg_catalog	pg_enum	enumtypid	2	\N	NO	oid	\N	\N	\N	\N	oid	NO	\N	NEVER	\N	pg_catalog
pg_catalog	pg_enum	enumsortorder	3	\N	NO	real	\N	24	\N	\N	float4	NO	\N	NEVER	\N	pg_catalog
pg_catalog	pg_enum	enumlabel	4	\N	NO	name	\N	\N	\N	\N	name	NO	C	NEVER	\N	pg_catalog
pg_catalog	pg_event_trigger	oid	1	\N	NO	oid	\N	\N	\N	\N	oid	NO	\N	NEVER	\N	pg_catalog
pg_catalog	pg_event_trigger	evtname	2	\N	NO	name	\N	\N	\N	\N	name	NO	C	NEVER	\N	pg_catalog
pg_catalog	pg_event_trigger	evtevent	3	\N	NO	name	\N	\N	\N	\N	name	NO	C	NEVER	\N	pg_catalog
pg_catalog	pg_event_trigger	evtowner	4	\N	NO	oid	\N	\N	\N	\N	oid	NO	\N	NEVER	\N	pg_catalog
pg_catalog	pg_event_trigger	evtfoid	5	\N	NO	oid	\N	\N	\N	\N	oid	NO	\N	NEVER	\N	pg_catalog
pg_catalog	pg_event_trigger	evtenabled	6	\N	NO	"char"	\N	\N	\N	\N	char	NO	\N	NEVER	\N	pg_catalog
pg_catalog	pg_event_trigger	evttags	7	\N	YES	ARRAY	\N	\N	\N	\N	_text	NO	C	NEVER	\N	pg_catalog
pg_catalog	pg_extension	oid	1	\N	NO	oid	\N	\N	\N	\N	oid	NO	\N	NEVER	\N	pg_catalog
pg_catalog	pg_extension	extname	2	\N	NO	name	\N	\N	\N	\N	name	NO	C	NEVER	\N	pg_catalog
pg_catalog	pg_extension	extowner	3	\N	NO	oid	\N	\N	\N	\N	oid	NO	\N	NEVER	\N	pg_catalog
pg_catalog	pg_extension	extnamespace	4	\N	NO	oid	\N	\N	\N	\N	oid	NO	\N	NEVER	\N	pg_catalog
pg_catalog	pg_extension	extrelocatable	5	\N	NO	boolean	\N	\N	\N	\N	bool	NO	\N	NEVER	\N	pg_catalog
pg_catalog	pg_extension	extversion	6	\N	NO	text	\N	\N	\N	\N	text	NO	C	NEVER	\N	pg_catalog
pg_catalog	pg_extension	extconfig	7	\N	YES	ARRAY	\N	\N	\N	\N	_oid	NO	\N	NEVER	\N	pg_catalog
pg_catalog	pg_extension	extcondition	8	\N	YES	ARRAY	\N	\N	\N	\N	_text	NO	C	NEVER	\N	pg_catalog
pg_catalog	pg_file_settings	sourcefile	1	\N	YES	text	\N	\N	\N	\N	text	NO	\N	NEVER	\N	pg_catalog
pg_catalog	pg_file_settings	sourceline	2	\N	YES	integer	\N	32	0	\N	int4	NO	\N	NEVER	\N	pg_catalog
pg_catalog	pg_file_settings	seqno	3	\N	YES	integer	\N	32	0	\N	int4	NO	\N	NEVER	\N	pg_catalog
pg_catalog	pg_file_settings	name	4	\N	YES	text	\N	\N	\N	\N	text	NO	\N	NEVER	\N	pg_catalog
pg_catalog	pg_file_settings	setting	5	\N	YES	text	\N	\N	\N	\N	text	NO	\N	NEVER	\N	pg_catalog
pg_catalog	pg_file_settings	applied	6	\N	YES	boolean	\N	\N	\N	\N	bool	NO	\N	NEVER	\N	pg_catalog
pg_catalog	pg_file_settings	error	7	\N	YES	text	\N	\N	\N	\N	text	NO	\N	NEVER	\N	pg_catalog
pg_catalog	pg_foreign_data_wrapper	oid	1	\N	NO	oid	\N	\N	\N	\N	oid	NO	\N	NEVER	\N	pg_catalog
pg_catalog	pg_foreign_data_wrapper	fdwname	2	\N	NO	name	\N	\N	\N	\N	name	NO	C	NEVER	\N	pg_catalog
pg_catalog	pg_foreign_data_wrapper	fdwowner	3	\N	NO	oid	\N	\N	\N	\N	oid	NO	\N	NEVER	\N	pg_catalog
pg_catalog	pg_foreign_data_wrapper	fdwhandler	4	\N	NO	oid	\N	\N	\N	\N	oid	NO	\N	NEVER	\N	pg_catalog
pg_catalog	pg_foreign_data_wrapper	fdwvalidator	5	\N	NO	oid	\N	\N	\N	\N	oid	NO	\N	NEVER	\N	pg_catalog
pg_catalog	pg_foreign_data_wrapper	fdwacl	6	\N	YES	ARRAY	\N	\N	\N	\N	_aclitem	NO	\N	NEVER	\N	pg_catalog
pg_catalog	pg_foreign_data_wrapper	fdwoptions	7	\N	YES	ARRAY	\N	\N	\N	\N	_text	NO	C	NEVER	\N	pg_catalog
pg_catalog	pg_foreign_server	oid	1	\N	NO	oid	\N	\N	\N	\N	oid	NO	\N	NEVER	\N	pg_catalog
pg_catalog	pg_foreign_server	srvname	2	\N	NO	name	\N	\N	\N	\N	name	NO	C	NEVER	\N	pg_catalog
pg_catalog	pg_foreign_server	srvowner	3	\N	NO	oid	\N	\N	\N	\N	oid	NO	\N	NEVER	\N	pg_catalog
pg_catalog	pg_foreign_server	srvfdw	4	\N	NO	oid	\N	\N	\N	\N	oid	NO	\N	NEVER	\N	pg_catalog
pg_catalog	pg_foreign_server	srvtype	5	\N	YES	text	\N	\N	\N	\N	text	NO	C	NEVER	\N	pg_catalog
pg_catalog	pg_foreign_server	srvversion	6	\N	YES	text	\N	\N	\N	\N	text	NO	C	NEVER	\N	pg_catalog
pg_catalog	pg_foreign_server	srvacl	7	\N	YES	ARRAY	\N	\N	\N	\N	_aclitem	NO	\N	NEVER	\N	pg_catalog
pg_catalog	pg_foreign_server	srvoptions	8	\N	YES	ARRAY	\N	\N	\N	\N	_text	NO	C	NEVER	\N	pg_catalog
pg_catalog	pg_foreign_table	ftrelid	1	\N	NO	oid	\N	\N	\N	\N	oid	NO	\N	NEVER	\N	pg_catalog
pg_catalog	pg_foreign_table	ftserver	2	\N	NO	oid	\N	\N	\N	\N	oid	NO	\N	NEVER	\N	pg_catalog
pg_catalog	pg_foreign_table	ftoptions	3	\N	YES	ARRAY	\N	\N	\N	\N	_text	NO	C	NEVER	\N	pg_catalog
pg_catalog	pg_group	groname	1	\N	YES	name	\N	\N	\N	\N	name	NO	C	NEVER	\N	pg_catalog
pg_catalog	pg_group	grosysid	2	\N	YES	oid	\N	\N	\N	\N	oid	NO	\N	NEVER	\N	pg_catalog
pg_catalog	pg_group	grolist	3	\N	YES	ARRAY	\N	\N	\N	\N	_oid	NO	\N	NEVER	\N	pg_catalog
pg_catalog	pg_hba_file_rules	line_number	1	\N	YES	integer	\N	32	0	\N	int4	NO	\N	NEVER	\N	pg_catalog
pg_catalog	pg_hba_file_rules	type	2	\N	YES	text	\N	\N	\N	\N	text	NO	\N	NEVER	\N	pg_catalog
pg_catalog	pg_hba_file_rules	database	3	\N	YES	ARRAY	\N	\N	\N	\N	_text	NO	\N	NEVER	\N	pg_catalog
pg_catalog	pg_hba_file_rules	user_name	4	\N	YES	ARRAY	\N	\N	\N	\N	_text	NO	\N	NEVER	\N	pg_catalog
pg_catalog	pg_hba_file_rules	address	5	\N	YES	text	\N	\N	\N	\N	text	NO	\N	NEVER	\N	pg_catalog
pg_catalog	pg_hba_file_rules	netmask	6	\N	YES	text	\N	\N	\N	\N	text	NO	\N	NEVER	\N	pg_catalog
pg_catalog	pg_hba_file_rules	auth_method	7	\N	YES	text	\N	\N	\N	\N	text	NO	\N	NEVER	\N	pg_catalog
pg_catalog	pg_hba_file_rules	options	8	\N	YES	ARRAY	\N	\N	\N	\N	_text	NO	\N	NEVER	\N	pg_catalog
pg_catalog	pg_hba_file_rules	error	9	\N	YES	text	\N	\N	\N	\N	text	NO	\N	NEVER	\N	pg_catalog
pg_catalog	pg_ident_file_mappings	line_number	1	\N	YES	integer	\N	32	0	\N	int4	NO	\N	NEVER	\N	pg_catalog
pg_catalog	pg_ident_file_mappings	map_name	2	\N	YES	text	\N	\N	\N	\N	text	NO	\N	NEVER	\N	pg_catalog
pg_catalog	pg_ident_file_mappings	sys_name	3	\N	YES	text	\N	\N	\N	\N	text	NO	\N	NEVER	\N	pg_catalog
pg_catalog	pg_ident_file_mappings	pg_username	4	\N	YES	text	\N	\N	\N	\N	text	NO	\N	NEVER	\N	pg_catalog
pg_catalog	pg_ident_file_mappings	error	5	\N	YES	text	\N	\N	\N	\N	text	NO	\N	NEVER	\N	pg_catalog
pg_catalog	pg_index	indexrelid	1	\N	NO	oid	\N	\N	\N	\N	oid	NO	\N	NEVER	\N	pg_catalog
pg_catalog	pg_index	indrelid	2	\N	NO	oid	\N	\N	\N	\N	oid	NO	\N	NEVER	\N	pg_catalog
pg_catalog	pg_index	indnatts	3	\N	NO	smallint	\N	16	0	\N	int2	NO	\N	NEVER	\N	pg_catalog
pg_catalog	pg_index	indnkeyatts	4	\N	NO	smallint	\N	16	0	\N	int2	NO	\N	NEVER	\N	pg_catalog
pg_catalog	pg_index	indisunique	5	\N	NO	boolean	\N	\N	\N	\N	bool	NO	\N	NEVER	\N	pg_catalog
pg_catalog	pg_index	indnullsnotdistinct	6	\N	NO	boolean	\N	\N	\N	\N	bool	NO	\N	NEVER	\N	pg_catalog
pg_catalog	pg_index	indisprimary	7	\N	NO	boolean	\N	\N	\N	\N	bool	NO	\N	NEVER	\N	pg_catalog
pg_catalog	pg_index	indisexclusion	8	\N	NO	boolean	\N	\N	\N	\N	bool	NO	\N	NEVER	\N	pg_catalog
pg_catalog	pg_index	indimmediate	9	\N	NO	boolean	\N	\N	\N	\N	bool	NO	\N	NEVER	\N	pg_catalog
pg_catalog	pg_index	indisclustered	10	\N	NO	boolean	\N	\N	\N	\N	bool	NO	\N	NEVER	\N	pg_catalog
pg_catalog	pg_index	indisvalid	11	\N	NO	boolean	\N	\N	\N	\N	bool	NO	\N	NEVER	\N	pg_catalog
pg_catalog	pg_index	indcheckxmin	12	\N	NO	boolean	\N	\N	\N	\N	bool	NO	\N	NEVER	\N	pg_catalog
pg_catalog	pg_index	indisready	13	\N	NO	boolean	\N	\N	\N	\N	bool	NO	\N	NEVER	\N	pg_catalog
pg_catalog	pg_index	indislive	14	\N	NO	boolean	\N	\N	\N	\N	bool	NO	\N	NEVER	\N	pg_catalog
pg_catalog	pg_index	indisreplident	15	\N	NO	boolean	\N	\N	\N	\N	bool	NO	\N	NEVER	\N	pg_catalog
pg_catalog	pg_index	indkey	16	\N	NO	ARRAY	\N	\N	\N	\N	int2vector	NO	\N	NEVER	\N	pg_catalog
pg_catalog	pg_index	indcollation	17	\N	NO	ARRAY	\N	\N	\N	\N	oidvector	NO	\N	NEVER	\N	pg_catalog
pg_catalog	pg_index	indclass	18	\N	NO	ARRAY	\N	\N	\N	\N	oidvector	NO	\N	NEVER	\N	pg_catalog
pg_catalog	pg_index	indoption	19	\N	NO	ARRAY	\N	\N	\N	\N	int2vector	NO	\N	NEVER	\N	pg_catalog
pg_catalog	pg_index	indexprs	20	\N	YES	pg_node_tree	\N	\N	\N	\N	pg_node_tree	NO	C	NEVER	\N	pg_catalog
pg_catalog	pg_index	indpred	21	\N	YES	pg_node_tree	\N	\N	\N	\N	pg_node_tree	NO	C	NEVER	\N	pg_catalog
pg_catalog	pg_indexes	schemaname	1	\N	YES	name	\N	\N	\N	\N	name	NO	C	NEVER	\N	pg_catalog
pg_catalog	pg_indexes	tablename	2	\N	YES	name	\N	\N	\N	\N	name	NO	C	NEVER	\N	pg_catalog
pg_catalog	pg_indexes	indexname	3	\N	YES	name	\N	\N	\N	\N	name	NO	C	NEVER	\N	pg_catalog
pg_catalog	pg_indexes	tablespace	4	\N	YES	name	\N	\N	\N	\N	name	NO	C	NEVER	\N	pg_catalog
pg_catalog	pg_indexes	indexdef	5	\N	YES	text	\N	\N	\N	\N	text	NO	\N	NEVER	\N	pg_catalog
pg_catalog	pg_inherits	inhrelid	1	\N	NO	oid	\N	\N	\N	\N	oid	NO	\N	NEVER	\N	pg_catalog
pg_catalog	pg_inherits	inhparent	2	\N	NO	oid	\N	\N	\N	\N	oid	NO	\N	NEVER	\N	pg_catalog
pg_catalog	pg_inherits	inhseqno	3	\N	NO	integer	\N	32	0	\N	int4	NO	\N	NEVER	\N	pg_catalog
pg_catalog	pg_inherits	inhdetachpending	4	\N	NO	boolean	\N	\N	\N	\N	bool	NO	\N	NEVER	\N	pg_catalog
pg_catalog	pg_init_privs	objoid	1	\N	NO	oid	\N	\N	\N	\N	oid	NO	\N	NEVER	\N	pg_catalog
pg_catalog	pg_init_privs	classoid	2	\N	NO	oid	\N	\N	\N	\N	oid	NO	\N	NEVER	\N	pg_catalog
pg_catalog	pg_init_privs	objsubid	3	\N	NO	integer	\N	32	0	\N	int4	NO	\N	NEVER	\N	pg_catalog
pg_catalog	pg_init_privs	privtype	4	\N	NO	"char"	\N	\N	\N	\N	char	NO	\N	NEVER	\N	pg_catalog
pg_catalog	pg_init_privs	initprivs	5	\N	NO	ARRAY	\N	\N	\N	\N	_aclitem	NO	\N	NEVER	\N	pg_catalog
pg_catalog	pg_language	oid	1	\N	NO	oid	\N	\N	\N	\N	oid	NO	\N	NEVER	\N	pg_catalog
pg_catalog	pg_language	lanname	2	\N	NO	name	\N	\N	\N	\N	name	NO	C	NEVER	\N	pg_catalog
pg_catalog	pg_language	lanowner	3	\N	NO	oid	\N	\N	\N	\N	oid	NO	\N	NEVER	\N	pg_catalog
pg_catalog	pg_language	lanispl	4	\N	NO	boolean	\N	\N	\N	\N	bool	NO	\N	NEVER	\N	pg_catalog
pg_catalog	pg_language	lanpltrusted	5	\N	NO	boolean	\N	\N	\N	\N	bool	NO	\N	NEVER	\N	pg_catalog
pg_catalog	pg_language	lanplcallfoid	6	\N	NO	oid	\N	\N	\N	\N	oid	NO	\N	NEVER	\N	pg_catalog
pg_catalog	pg_language	laninline	7	\N	NO	oid	\N	\N	\N	\N	oid	NO	\N	NEVER	\N	pg_catalog
pg_catalog	pg_language	lanvalidator	8	\N	NO	oid	\N	\N	\N	\N	oid	NO	\N	NEVER	\N	pg_catalog
pg_catalog	pg_language	lanacl	9	\N	YES	ARRAY	\N	\N	\N	\N	_aclitem	NO	\N	NEVER	\N	pg_catalog
pg_catalog	pg_largeobject	loid	1	\N	NO	oid	\N	\N	\N	\N	oid	NO	\N	NEVER	\N	pg_catalog
pg_catalog	pg_largeobject	pageno	2	\N	NO	integer	\N	32	0	\N	int4	NO	\N	NEVER	\N	pg_catalog
pg_catalog	pg_largeobject	data	3	\N	NO	bytea	\N	\N	\N	\N	bytea	NO	\N	NEVER	\N	pg_catalog
pg_catalog	pg_largeobject_metadata	oid	1	\N	NO	oid	\N	\N	\N	\N	oid	NO	\N	NEVER	\N	pg_catalog
pg_catalog	pg_largeobject_metadata	lomowner	2	\N	NO	oid	\N	\N	\N	\N	oid	NO	\N	NEVER	\N	pg_catalog
pg_catalog	pg_largeobject_metadata	lomacl	3	\N	YES	ARRAY	\N	\N	\N	\N	_aclitem	NO	\N	NEVER	\N	pg_catalog
pg_catalog	pg_locks	locktype	1	\N	YES	text	\N	\N	\N	\N	text	NO	\N	NEVER	\N	pg_catalog
pg_catalog	pg_locks	database	2	\N	YES	oid	\N	\N	\N	\N	oid	NO	\N	NEVER	\N	pg_catalog
pg_catalog	pg_locks	relation	3	\N	YES	oid	\N	\N	\N	\N	oid	NO	\N	NEVER	\N	pg_catalog
pg_catalog	pg_locks	page	4	\N	YES	integer	\N	32	0	\N	int4	NO	\N	NEVER	\N	pg_catalog
pg_catalog	pg_locks	tuple	5	\N	YES	smallint	\N	16	0	\N	int2	NO	\N	NEVER	\N	pg_catalog
pg_catalog	pg_locks	virtualxid	6	\N	YES	text	\N	\N	\N	\N	text	NO	\N	NEVER	\N	pg_catalog
pg_catalog	pg_locks	transactionid	7	\N	YES	xid	\N	\N	\N	\N	xid	NO	\N	NEVER	\N	pg_catalog
pg_catalog	pg_locks	classid	8	\N	YES	oid	\N	\N	\N	\N	oid	NO	\N	NEVER	\N	pg_catalog
pg_catalog	pg_locks	objid	9	\N	YES	oid	\N	\N	\N	\N	oid	NO	\N	NEVER	\N	pg_catalog
pg_catalog	pg_locks	objsubid	10	\N	YES	smallint	\N	16	0	\N	int2	NO	\N	NEVER	\N	pg_catalog
pg_catalog	pg_locks	virtualtransaction	11	\N	YES	text	\N	\N	\N	\N	text	NO	\N	NEVER	\N	pg_catalog
pg_catalog	pg_locks	pid	12	\N	YES	integer	\N	32	0	\N	int4	NO	\N	NEVER	\N	pg_catalog
pg_catalog	pg_locks	mode	13	\N	YES	text	\N	\N	\N	\N	text	NO	\N	NEVER	\N	pg_catalog
pg_catalog	pg_locks	granted	14	\N	YES	boolean	\N	\N	\N	\N	bool	NO	\N	NEVER	\N	pg_catalog
pg_catalog	pg_locks	fastpath	15	\N	YES	boolean	\N	\N	\N	\N	bool	NO	\N	NEVER	\N	pg_catalog
pg_catalog	pg_locks	waitstart	16	\N	YES	timestamp with time zone	\N	\N	\N	6	timestamptz	NO	\N	NEVER	\N	pg_catalog
pg_catalog	pg_matviews	schemaname	1	\N	YES	name	\N	\N	\N	\N	name	NO	C	NEVER	\N	pg_catalog
pg_catalog	pg_matviews	matviewname	2	\N	YES	name	\N	\N	\N	\N	name	NO	C	NEVER	\N	pg_catalog
pg_catalog	pg_matviews	matviewowner	3	\N	YES	name	\N	\N	\N	\N	name	NO	C	NEVER	\N	pg_catalog
pg_catalog	pg_matviews	tablespace	4	\N	YES	name	\N	\N	\N	\N	name	NO	C	NEVER	\N	pg_catalog
pg_catalog	pg_matviews	hasindexes	5	\N	YES	boolean	\N	\N	\N	\N	bool	NO	\N	NEVER	\N	pg_catalog
pg_catalog	pg_matviews	ispopulated	6	\N	YES	boolean	\N	\N	\N	\N	bool	NO	\N	NEVER	\N	pg_catalog
pg_catalog	pg_matviews	definition	7	\N	YES	text	\N	\N	\N	\N	text	NO	\N	NEVER	\N	pg_catalog
pg_catalog	pg_namespace	oid	1	\N	NO	oid	\N	\N	\N	\N	oid	NO	\N	NEVER	\N	pg_catalog
pg_catalog	pg_namespace	nspname	2	\N	NO	name	\N	\N	\N	\N	name	NO	C	NEVER	\N	pg_catalog
pg_catalog	pg_namespace	nspowner	3	\N	NO	oid	\N	\N	\N	\N	oid	NO	\N	NEVER	\N	pg_catalog
pg_catalog	pg_namespace	nspacl	4	\N	YES	ARRAY	\N	\N	\N	\N	_aclitem	NO	\N	NEVER	\N	pg_catalog
pg_catalog	pg_opclass	oid	1	\N	NO	oid	\N	\N	\N	\N	oid	NO	\N	NEVER	\N	pg_catalog
pg_catalog	pg_opclass	opcmethod	2	\N	NO	oid	\N	\N	\N	\N	oid	NO	\N	NEVER	\N	pg_catalog
pg_catalog	pg_opclass	opcname	3	\N	NO	name	\N	\N	\N	\N	name	NO	C	NEVER	\N	pg_catalog
pg_catalog	pg_opclass	opcnamespace	4	\N	NO	oid	\N	\N	\N	\N	oid	NO	\N	NEVER	\N	pg_catalog
pg_catalog	pg_opclass	opcowner	5	\N	NO	oid	\N	\N	\N	\N	oid	NO	\N	NEVER	\N	pg_catalog
pg_catalog	pg_opclass	opcfamily	6	\N	NO	oid	\N	\N	\N	\N	oid	NO	\N	NEVER	\N	pg_catalog
pg_catalog	pg_opclass	opcintype	7	\N	NO	oid	\N	\N	\N	\N	oid	NO	\N	NEVER	\N	pg_catalog
pg_catalog	pg_opclass	opcdefault	8	\N	NO	boolean	\N	\N	\N	\N	bool	NO	\N	NEVER	\N	pg_catalog
pg_catalog	pg_opclass	opckeytype	9	\N	NO	oid	\N	\N	\N	\N	oid	NO	\N	NEVER	\N	pg_catalog
pg_catalog	pg_operator	oid	1	\N	NO	oid	\N	\N	\N	\N	oid	NO	\N	NEVER	\N	pg_catalog
pg_catalog	pg_operator	oprname	2	\N	NO	name	\N	\N	\N	\N	name	NO	C	NEVER	\N	pg_catalog
pg_catalog	pg_operator	oprnamespace	3	\N	NO	oid	\N	\N	\N	\N	oid	NO	\N	NEVER	\N	pg_catalog
pg_catalog	pg_operator	oprowner	4	\N	NO	oid	\N	\N	\N	\N	oid	NO	\N	NEVER	\N	pg_catalog
pg_catalog	pg_operator	oprkind	5	\N	NO	"char"	\N	\N	\N	\N	char	NO	\N	NEVER	\N	pg_catalog
pg_catalog	pg_operator	oprcanmerge	6	\N	NO	boolean	\N	\N	\N	\N	bool	NO	\N	NEVER	\N	pg_catalog
pg_catalog	pg_operator	oprcanhash	7	\N	NO	boolean	\N	\N	\N	\N	bool	NO	\N	NEVER	\N	pg_catalog
pg_catalog	pg_operator	oprleft	8	\N	NO	oid	\N	\N	\N	\N	oid	NO	\N	NEVER	\N	pg_catalog
pg_catalog	pg_operator	oprright	9	\N	NO	oid	\N	\N	\N	\N	oid	NO	\N	NEVER	\N	pg_catalog
pg_catalog	pg_operator	oprresult	10	\N	NO	oid	\N	\N	\N	\N	oid	NO	\N	NEVER	\N	pg_catalog
pg_catalog	pg_operator	oprcom	11	\N	NO	oid	\N	\N	\N	\N	oid	NO	\N	NEVER	\N	pg_catalog
pg_catalog	pg_operator	oprnegate	12	\N	NO	oid	\N	\N	\N	\N	oid	NO	\N	NEVER	\N	pg_catalog
pg_catalog	pg_operator	oprcode	13	\N	NO	regproc	\N	\N	\N	\N	regproc	NO	\N	NEVER	\N	pg_catalog
pg_catalog	pg_operator	oprrest	14	\N	NO	regproc	\N	\N	\N	\N	regproc	NO	\N	NEVER	\N	pg_catalog
pg_catalog	pg_operator	oprjoin	15	\N	NO	regproc	\N	\N	\N	\N	regproc	NO	\N	NEVER	\N	pg_catalog
pg_catalog	pg_opfamily	oid	1	\N	NO	oid	\N	\N	\N	\N	oid	NO	\N	NEVER	\N	pg_catalog
pg_catalog	pg_opfamily	opfmethod	2	\N	NO	oid	\N	\N	\N	\N	oid	NO	\N	NEVER	\N	pg_catalog
pg_catalog	pg_opfamily	opfname	3	\N	NO	name	\N	\N	\N	\N	name	NO	C	NEVER	\N	pg_catalog
pg_catalog	pg_opfamily	opfnamespace	4	\N	NO	oid	\N	\N	\N	\N	oid	NO	\N	NEVER	\N	pg_catalog
pg_catalog	pg_opfamily	opfowner	5	\N	NO	oid	\N	\N	\N	\N	oid	NO	\N	NEVER	\N	pg_catalog
pg_catalog	pg_parameter_acl	oid	1	\N	NO	oid	\N	\N	\N	\N	oid	NO	\N	NEVER	\N	pg_catalog
pg_catalog	pg_parameter_acl	parname	2	\N	NO	text	\N	\N	\N	\N	text	NO	C	NEVER	\N	pg_catalog
pg_catalog	pg_parameter_acl	paracl	3	\N	YES	ARRAY	\N	\N	\N	\N	_aclitem	NO	\N	NEVER	\N	pg_catalog
pg_catalog	pg_partitioned_table	partrelid	1	\N	NO	oid	\N	\N	\N	\N	oid	NO	\N	NEVER	\N	pg_catalog
pg_catalog	pg_partitioned_table	partstrat	2	\N	NO	"char"	\N	\N	\N	\N	char	NO	\N	NEVER	\N	pg_catalog
pg_catalog	pg_partitioned_table	partnatts	3	\N	NO	smallint	\N	16	0	\N	int2	NO	\N	NEVER	\N	pg_catalog
pg_catalog	pg_partitioned_table	partdefid	4	\N	NO	oid	\N	\N	\N	\N	oid	NO	\N	NEVER	\N	pg_catalog
pg_catalog	pg_partitioned_table	partattrs	5	\N	NO	ARRAY	\N	\N	\N	\N	int2vector	NO	\N	NEVER	\N	pg_catalog
pg_catalog	pg_partitioned_table	partclass	6	\N	NO	ARRAY	\N	\N	\N	\N	oidvector	NO	\N	NEVER	\N	pg_catalog
pg_catalog	pg_partitioned_table	partcollation	7	\N	NO	ARRAY	\N	\N	\N	\N	oidvector	NO	\N	NEVER	\N	pg_catalog
pg_catalog	pg_partitioned_table	partexprs	8	\N	YES	pg_node_tree	\N	\N	\N	\N	pg_node_tree	NO	C	NEVER	\N	pg_catalog
pg_catalog	pg_policies	schemaname	1	\N	YES	name	\N	\N	\N	\N	name	NO	C	NEVER	\N	pg_catalog
pg_catalog	pg_policies	tablename	2	\N	YES	name	\N	\N	\N	\N	name	NO	C	NEVER	\N	pg_catalog
pg_catalog	pg_policies	policyname	3	\N	YES	name	\N	\N	\N	\N	name	NO	C	NEVER	\N	pg_catalog
pg_catalog	pg_policies	permissive	4	\N	YES	text	\N	\N	\N	\N	text	NO	\N	NEVER	\N	pg_catalog
pg_catalog	pg_policies	roles	5	\N	YES	ARRAY	\N	\N	\N	\N	_name	NO	C	NEVER	\N	pg_catalog
pg_catalog	pg_policies	cmd	6	\N	YES	text	\N	\N	\N	\N	text	NO	\N	NEVER	\N	pg_catalog
pg_catalog	pg_policies	qual	7	\N	YES	text	\N	\N	\N	\N	text	NO	C	NEVER	\N	pg_catalog
pg_catalog	pg_policies	with_check	8	\N	YES	text	\N	\N	\N	\N	text	NO	C	NEVER	\N	pg_catalog
pg_catalog	pg_policy	oid	1	\N	NO	oid	\N	\N	\N	\N	oid	NO	\N	NEVER	\N	pg_catalog
pg_catalog	pg_policy	polname	2	\N	NO	name	\N	\N	\N	\N	name	NO	C	NEVER	\N	pg_catalog
pg_catalog	pg_policy	polrelid	3	\N	NO	oid	\N	\N	\N	\N	oid	NO	\N	NEVER	\N	pg_catalog
pg_catalog	pg_policy	polcmd	4	\N	NO	"char"	\N	\N	\N	\N	char	NO	\N	NEVER	\N	pg_catalog
pg_catalog	pg_policy	polpermissive	5	\N	NO	boolean	\N	\N	\N	\N	bool	NO	\N	NEVER	\N	pg_catalog
pg_catalog	pg_policy	polroles	6	\N	NO	ARRAY	\N	\N	\N	\N	_oid	NO	\N	NEVER	\N	pg_catalog
pg_catalog	pg_policy	polqual	7	\N	YES	pg_node_tree	\N	\N	\N	\N	pg_node_tree	NO	C	NEVER	\N	pg_catalog
pg_catalog	pg_policy	polwithcheck	8	\N	YES	pg_node_tree	\N	\N	\N	\N	pg_node_tree	NO	C	NEVER	\N	pg_catalog
pg_catalog	pg_prepared_statements	name	1	\N	YES	text	\N	\N	\N	\N	text	NO	\N	NEVER	\N	pg_catalog
pg_catalog	pg_prepared_statements	statement	2	\N	YES	text	\N	\N	\N	\N	text	NO	\N	NEVER	\N	pg_catalog
pg_catalog	pg_prepared_statements	prepare_time	3	\N	YES	timestamp with time zone	\N	\N	\N	6	timestamptz	NO	\N	NEVER	\N	pg_catalog
pg_catalog	pg_prepared_statements	parameter_types	4	\N	YES	ARRAY	\N	\N	\N	\N	_regtype	NO	\N	NEVER	\N	pg_catalog
pg_catalog	pg_prepared_statements	from_sql	5	\N	YES	boolean	\N	\N	\N	\N	bool	NO	\N	NEVER	\N	pg_catalog
pg_catalog	pg_prepared_statements	generic_plans	6	\N	YES	bigint	\N	64	0	\N	int8	NO	\N	NEVER	\N	pg_catalog
pg_catalog	pg_prepared_statements	custom_plans	7	\N	YES	bigint	\N	64	0	\N	int8	NO	\N	NEVER	\N	pg_catalog
pg_catalog	pg_prepared_xacts	transaction	1	\N	YES	xid	\N	\N	\N	\N	xid	NO	\N	NEVER	\N	pg_catalog
pg_catalog	pg_prepared_xacts	gid	2	\N	YES	text	\N	\N	\N	\N	text	NO	\N	NEVER	\N	pg_catalog
pg_catalog	pg_prepared_xacts	prepared	3	\N	YES	timestamp with time zone	\N	\N	\N	6	timestamptz	NO	\N	NEVER	\N	pg_catalog
pg_catalog	pg_prepared_xacts	owner	4	\N	YES	name	\N	\N	\N	\N	name	NO	C	NEVER	\N	pg_catalog
pg_catalog	pg_prepared_xacts	database	5	\N	YES	name	\N	\N	\N	\N	name	NO	C	NEVER	\N	pg_catalog
pg_catalog	pg_proc	oid	1	\N	NO	oid	\N	\N	\N	\N	oid	NO	\N	NEVER	\N	pg_catalog
pg_catalog	pg_proc	proname	2	\N	NO	name	\N	\N	\N	\N	name	NO	C	NEVER	\N	pg_catalog
pg_catalog	pg_proc	pronamespace	3	\N	NO	oid	\N	\N	\N	\N	oid	NO	\N	NEVER	\N	pg_catalog
pg_catalog	pg_proc	proowner	4	\N	NO	oid	\N	\N	\N	\N	oid	NO	\N	NEVER	\N	pg_catalog
pg_catalog	pg_proc	prolang	5	\N	NO	oid	\N	\N	\N	\N	oid	NO	\N	NEVER	\N	pg_catalog
pg_catalog	pg_proc	procost	6	\N	NO	real	\N	24	\N	\N	float4	NO	\N	NEVER	\N	pg_catalog
pg_catalog	pg_proc	prorows	7	\N	NO	real	\N	24	\N	\N	float4	NO	\N	NEVER	\N	pg_catalog
pg_catalog	pg_proc	provariadic	8	\N	NO	oid	\N	\N	\N	\N	oid	NO	\N	NEVER	\N	pg_catalog
pg_catalog	pg_proc	prosupport	9	\N	NO	regproc	\N	\N	\N	\N	regproc	NO	\N	NEVER	\N	pg_catalog
pg_catalog	pg_proc	prokind	10	\N	NO	"char"	\N	\N	\N	\N	char	NO	\N	NEVER	\N	pg_catalog
pg_catalog	pg_proc	prosecdef	11	\N	NO	boolean	\N	\N	\N	\N	bool	NO	\N	NEVER	\N	pg_catalog
pg_catalog	pg_proc	proleakproof	12	\N	NO	boolean	\N	\N	\N	\N	bool	NO	\N	NEVER	\N	pg_catalog
pg_catalog	pg_proc	proisstrict	13	\N	NO	boolean	\N	\N	\N	\N	bool	NO	\N	NEVER	\N	pg_catalog
pg_catalog	pg_proc	proretset	14	\N	NO	boolean	\N	\N	\N	\N	bool	NO	\N	NEVER	\N	pg_catalog
pg_catalog	pg_proc	provolatile	15	\N	NO	"char"	\N	\N	\N	\N	char	NO	\N	NEVER	\N	pg_catalog
pg_catalog	pg_proc	proparallel	16	\N	NO	"char"	\N	\N	\N	\N	char	NO	\N	NEVER	\N	pg_catalog
pg_catalog	pg_proc	pronargs	17	\N	NO	smallint	\N	16	0	\N	int2	NO	\N	NEVER	\N	pg_catalog
pg_catalog	pg_proc	pronargdefaults	18	\N	NO	smallint	\N	16	0	\N	int2	NO	\N	NEVER	\N	pg_catalog
pg_catalog	pg_proc	prorettype	19	\N	NO	oid	\N	\N	\N	\N	oid	NO	\N	NEVER	\N	pg_catalog
pg_catalog	pg_proc	proargtypes	20	\N	NO	ARRAY	\N	\N	\N	\N	oidvector	NO	\N	NEVER	\N	pg_catalog
pg_catalog	pg_proc	proallargtypes	21	\N	YES	ARRAY	\N	\N	\N	\N	_oid	NO	\N	NEVER	\N	pg_catalog
pg_catalog	pg_proc	proargmodes	22	\N	YES	ARRAY	\N	\N	\N	\N	_char	NO	\N	NEVER	\N	pg_catalog
pg_catalog	pg_proc	proargnames	23	\N	YES	ARRAY	\N	\N	\N	\N	_text	NO	C	NEVER	\N	pg_catalog
pg_catalog	pg_proc	proargdefaults	24	\N	YES	pg_node_tree	\N	\N	\N	\N	pg_node_tree	NO	C	NEVER	\N	pg_catalog
pg_catalog	pg_proc	protrftypes	25	\N	YES	ARRAY	\N	\N	\N	\N	_oid	NO	\N	NEVER	\N	pg_catalog
pg_catalog	pg_proc	prosrc	26	\N	NO	text	\N	\N	\N	\N	text	NO	C	NEVER	\N	pg_catalog
pg_catalog	pg_proc	probin	27	\N	YES	text	\N	\N	\N	\N	text	NO	C	NEVER	\N	pg_catalog
pg_catalog	pg_proc	prosqlbody	28	\N	YES	pg_node_tree	\N	\N	\N	\N	pg_node_tree	NO	C	NEVER	\N	pg_catalog
pg_catalog	pg_proc	proconfig	29	\N	YES	ARRAY	\N	\N	\N	\N	_text	NO	C	NEVER	\N	pg_catalog
pg_catalog	pg_proc	proacl	30	\N	YES	ARRAY	\N	\N	\N	\N	_aclitem	NO	\N	NEVER	\N	pg_catalog
pg_catalog	pg_publication	oid	1	\N	NO	oid	\N	\N	\N	\N	oid	NO	\N	NEVER	\N	pg_catalog
pg_catalog	pg_publication	pubname	2	\N	NO	name	\N	\N	\N	\N	name	NO	C	NEVER	\N	pg_catalog
pg_catalog	pg_publication	pubowner	3	\N	NO	oid	\N	\N	\N	\N	oid	NO	\N	NEVER	\N	pg_catalog
pg_catalog	pg_publication	puballtables	4	\N	NO	boolean	\N	\N	\N	\N	bool	NO	\N	NEVER	\N	pg_catalog
pg_catalog	pg_publication	pubinsert	5	\N	NO	boolean	\N	\N	\N	\N	bool	NO	\N	NEVER	\N	pg_catalog
pg_catalog	pg_publication	pubupdate	6	\N	NO	boolean	\N	\N	\N	\N	bool	NO	\N	NEVER	\N	pg_catalog
pg_catalog	pg_publication	pubdelete	7	\N	NO	boolean	\N	\N	\N	\N	bool	NO	\N	NEVER	\N	pg_catalog
pg_catalog	pg_publication	pubtruncate	8	\N	NO	boolean	\N	\N	\N	\N	bool	NO	\N	NEVER	\N	pg_catalog
pg_catalog	pg_publication	pubviaroot	9	\N	NO	boolean	\N	\N	\N	\N	bool	NO	\N	NEVER	\N	pg_catalog
pg_catalog	pg_publication_namespace	oid	1	\N	NO	oid	\N	\N	\N	\N	oid	NO	\N	NEVER	\N	pg_catalog
pg_catalog	pg_publication_namespace	pnpubid	2	\N	NO	oid	\N	\N	\N	\N	oid	NO	\N	NEVER	\N	pg_catalog
pg_catalog	pg_publication_namespace	pnnspid	3	\N	NO	oid	\N	\N	\N	\N	oid	NO	\N	NEVER	\N	pg_catalog
pg_catalog	pg_publication_rel	oid	1	\N	NO	oid	\N	\N	\N	\N	oid	NO	\N	NEVER	\N	pg_catalog
pg_catalog	pg_publication_rel	prpubid	2	\N	NO	oid	\N	\N	\N	\N	oid	NO	\N	NEVER	\N	pg_catalog
pg_catalog	pg_publication_rel	prrelid	3	\N	NO	oid	\N	\N	\N	\N	oid	NO	\N	NEVER	\N	pg_catalog
pg_catalog	pg_publication_rel	prqual	4	\N	YES	pg_node_tree	\N	\N	\N	\N	pg_node_tree	NO	C	NEVER	\N	pg_catalog
pg_catalog	pg_publication_rel	prattrs	5	\N	YES	ARRAY	\N	\N	\N	\N	int2vector	NO	\N	NEVER	\N	pg_catalog
pg_catalog	pg_publication_tables	pubname	1	\N	YES	name	\N	\N	\N	\N	name	NO	C	NEVER	\N	pg_catalog
pg_catalog	pg_publication_tables	schemaname	2	\N	YES	name	\N	\N	\N	\N	name	NO	C	NEVER	\N	pg_catalog
pg_catalog	pg_publication_tables	tablename	3	\N	YES	name	\N	\N	\N	\N	name	NO	C	NEVER	\N	pg_catalog
pg_catalog	pg_publication_tables	attnames	4	\N	YES	ARRAY	\N	\N	\N	\N	_name	NO	C	NEVER	\N	pg_catalog
pg_catalog	pg_publication_tables	rowfilter	5	\N	YES	text	\N	\N	\N	\N	text	NO	\N	NEVER	\N	pg_catalog
pg_catalog	pg_range	rngtypid	1	\N	NO	oid	\N	\N	\N	\N	oid	NO	\N	NEVER	\N	pg_catalog
pg_catalog	pg_range	rngsubtype	2	\N	NO	oid	\N	\N	\N	\N	oid	NO	\N	NEVER	\N	pg_catalog
pg_catalog	pg_range	rngmultitypid	3	\N	NO	oid	\N	\N	\N	\N	oid	NO	\N	NEVER	\N	pg_catalog
pg_catalog	pg_range	rngcollation	4	\N	NO	oid	\N	\N	\N	\N	oid	NO	\N	NEVER	\N	pg_catalog
pg_catalog	pg_range	rngsubopc	5	\N	NO	oid	\N	\N	\N	\N	oid	NO	\N	NEVER	\N	pg_catalog
pg_catalog	pg_range	rngcanonical	6	\N	NO	regproc	\N	\N	\N	\N	regproc	NO	\N	NEVER	\N	pg_catalog
pg_catalog	pg_range	rngsubdiff	7	\N	NO	regproc	\N	\N	\N	\N	regproc	NO	\N	NEVER	\N	pg_catalog
pg_catalog	pg_replication_origin	roident	1	\N	NO	oid	\N	\N	\N	\N	oid	NO	\N	NEVER	\N	pg_catalog
pg_catalog	pg_replication_origin	roname	2	\N	NO	text	\N	\N	\N	\N	text	NO	C	NEVER	\N	pg_catalog
pg_catalog	pg_replication_origin_status	local_id	1	\N	YES	oid	\N	\N	\N	\N	oid	NO	\N	NEVER	\N	pg_catalog
pg_catalog	pg_replication_origin_status	external_id	2	\N	YES	text	\N	\N	\N	\N	text	NO	\N	NEVER	\N	pg_catalog
pg_catalog	pg_replication_origin_status	remote_lsn	3	\N	YES	pg_lsn	\N	\N	\N	\N	pg_lsn	NO	\N	NEVER	\N	pg_catalog
pg_catalog	pg_replication_origin_status	local_lsn	4	\N	YES	pg_lsn	\N	\N	\N	\N	pg_lsn	NO	\N	NEVER	\N	pg_catalog
pg_catalog	pg_replication_slots	slot_name	1	\N	YES	name	\N	\N	\N	\N	name	NO	C	NEVER	\N	pg_catalog
pg_catalog	pg_replication_slots	plugin	2	\N	YES	name	\N	\N	\N	\N	name	NO	C	NEVER	\N	pg_catalog
pg_catalog	pg_replication_slots	slot_type	3	\N	YES	text	\N	\N	\N	\N	text	NO	\N	NEVER	\N	pg_catalog
pg_catalog	pg_replication_slots	datoid	4	\N	YES	oid	\N	\N	\N	\N	oid	NO	\N	NEVER	\N	pg_catalog
pg_catalog	pg_replication_slots	database	5	\N	YES	name	\N	\N	\N	\N	name	NO	C	NEVER	\N	pg_catalog
pg_catalog	pg_replication_slots	temporary	6	\N	YES	boolean	\N	\N	\N	\N	bool	NO	\N	NEVER	\N	pg_catalog
pg_catalog	pg_replication_slots	active	7	\N	YES	boolean	\N	\N	\N	\N	bool	NO	\N	NEVER	\N	pg_catalog
pg_catalog	pg_replication_slots	active_pid	8	\N	YES	integer	\N	32	0	\N	int4	NO	\N	NEVER	\N	pg_catalog
pg_catalog	pg_replication_slots	xmin	9	\N	YES	xid	\N	\N	\N	\N	xid	NO	\N	NEVER	\N	pg_catalog
pg_catalog	pg_replication_slots	catalog_xmin	10	\N	YES	xid	\N	\N	\N	\N	xid	NO	\N	NEVER	\N	pg_catalog
pg_catalog	pg_replication_slots	restart_lsn	11	\N	YES	pg_lsn	\N	\N	\N	\N	pg_lsn	NO	\N	NEVER	\N	pg_catalog
pg_catalog	pg_replication_slots	confirmed_flush_lsn	12	\N	YES	pg_lsn	\N	\N	\N	\N	pg_lsn	NO	\N	NEVER	\N	pg_catalog
pg_catalog	pg_replication_slots	wal_status	13	\N	YES	text	\N	\N	\N	\N	text	NO	\N	NEVER	\N	pg_catalog
pg_catalog	pg_replication_slots	safe_wal_size	14	\N	YES	bigint	\N	64	0	\N	int8	NO	\N	NEVER	\N	pg_catalog
pg_catalog	pg_replication_slots	two_phase	15	\N	YES	boolean	\N	\N	\N	\N	bool	NO	\N	NEVER	\N	pg_catalog
pg_catalog	pg_rewrite	oid	1	\N	NO	oid	\N	\N	\N	\N	oid	NO	\N	NEVER	\N	pg_catalog
pg_catalog	pg_rewrite	rulename	2	\N	NO	name	\N	\N	\N	\N	name	NO	C	NEVER	\N	pg_catalog
pg_catalog	pg_rewrite	ev_class	3	\N	NO	oid	\N	\N	\N	\N	oid	NO	\N	NEVER	\N	pg_catalog
pg_catalog	pg_rewrite	ev_type	4	\N	NO	"char"	\N	\N	\N	\N	char	NO	\N	NEVER	\N	pg_catalog
pg_catalog	pg_rewrite	ev_enabled	5	\N	NO	"char"	\N	\N	\N	\N	char	NO	\N	NEVER	\N	pg_catalog
pg_catalog	pg_rewrite	is_instead	6	\N	NO	boolean	\N	\N	\N	\N	bool	NO	\N	NEVER	\N	pg_catalog
pg_catalog	pg_rewrite	ev_qual	7	\N	NO	pg_node_tree	\N	\N	\N	\N	pg_node_tree	NO	C	NEVER	\N	pg_catalog
pg_catalog	pg_rewrite	ev_action	8	\N	NO	pg_node_tree	\N	\N	\N	\N	pg_node_tree	NO	C	NEVER	\N	pg_catalog
pg_catalog	pg_roles	rolname	1	\N	YES	name	\N	\N	\N	\N	name	NO	C	NEVER	\N	pg_catalog
pg_catalog	pg_roles	rolsuper	2	\N	YES	boolean	\N	\N	\N	\N	bool	NO	\N	NEVER	\N	pg_catalog
pg_catalog	pg_roles	rolinherit	3	\N	YES	boolean	\N	\N	\N	\N	bool	NO	\N	NEVER	\N	pg_catalog
pg_catalog	pg_roles	rolcreaterole	4	\N	YES	boolean	\N	\N	\N	\N	bool	NO	\N	NEVER	\N	pg_catalog
pg_catalog	pg_roles	rolcreatedb	5	\N	YES	boolean	\N	\N	\N	\N	bool	NO	\N	NEVER	\N	pg_catalog
pg_catalog	pg_roles	rolcanlogin	6	\N	YES	boolean	\N	\N	\N	\N	bool	NO	\N	NEVER	\N	pg_catalog
pg_catalog	pg_roles	rolreplication	7	\N	YES	boolean	\N	\N	\N	\N	bool	NO	\N	NEVER	\N	pg_catalog
pg_catalog	pg_roles	rolconnlimit	8	\N	YES	integer	\N	32	0	\N	int4	NO	\N	NEVER	\N	pg_catalog
pg_catalog	pg_roles	rolpassword	9	\N	YES	text	\N	\N	\N	\N	text	NO	\N	NEVER	\N	pg_catalog
pg_catalog	pg_roles	rolvaliduntil	10	\N	YES	timestamp with time zone	\N	\N	\N	6	timestamptz	NO	\N	NEVER	\N	pg_catalog
pg_catalog	pg_roles	rolbypassrls	11	\N	YES	boolean	\N	\N	\N	\N	bool	NO	\N	NEVER	\N	pg_catalog
pg_catalog	pg_roles	rolconfig	12	\N	YES	ARRAY	\N	\N	\N	\N	_text	NO	C	NEVER	\N	pg_catalog
pg_catalog	pg_roles	oid	13	\N	YES	oid	\N	\N	\N	\N	oid	NO	\N	NEVER	\N	pg_catalog
pg_catalog	pg_rules	schemaname	1	\N	YES	name	\N	\N	\N	\N	name	NO	C	NEVER	\N	pg_catalog
pg_catalog	pg_rules	tablename	2	\N	YES	name	\N	\N	\N	\N	name	NO	C	NEVER	\N	pg_catalog
pg_catalog	pg_rules	rulename	3	\N	YES	name	\N	\N	\N	\N	name	NO	C	NEVER	\N	pg_catalog
pg_catalog	pg_rules	definition	4	\N	YES	text	\N	\N	\N	\N	text	NO	\N	NEVER	\N	pg_catalog
pg_catalog	pg_seclabel	objoid	1	\N	NO	oid	\N	\N	\N	\N	oid	NO	\N	NEVER	\N	pg_catalog
pg_catalog	pg_seclabel	classoid	2	\N	NO	oid	\N	\N	\N	\N	oid	NO	\N	NEVER	\N	pg_catalog
pg_catalog	pg_seclabel	objsubid	3	\N	NO	integer	\N	32	0	\N	int4	NO	\N	NEVER	\N	pg_catalog
pg_catalog	pg_seclabel	provider	4	\N	NO	text	\N	\N	\N	\N	text	NO	C	NEVER	\N	pg_catalog
pg_catalog	pg_seclabel	label	5	\N	NO	text	\N	\N	\N	\N	text	NO	C	NEVER	\N	pg_catalog
pg_catalog	pg_seclabels	objoid	1	\N	YES	oid	\N	\N	\N	\N	oid	NO	\N	NEVER	\N	pg_catalog
pg_catalog	pg_seclabels	classoid	2	\N	YES	oid	\N	\N	\N	\N	oid	NO	\N	NEVER	\N	pg_catalog
pg_catalog	pg_seclabels	objsubid	3	\N	YES	integer	\N	32	0	\N	int4	NO	\N	NEVER	\N	pg_catalog
pg_catalog	pg_seclabels	objtype	4	\N	YES	text	\N	\N	\N	\N	text	NO	\N	NEVER	\N	pg_catalog
pg_catalog	pg_seclabels	objnamespace	5	\N	YES	oid	\N	\N	\N	\N	oid	NO	\N	NEVER	\N	pg_catalog
pg_catalog	pg_seclabels	objname	6	\N	YES	text	\N	\N	\N	\N	text	NO	C	NEVER	\N	pg_catalog
pg_catalog	pg_seclabels	provider	7	\N	YES	text	\N	\N	\N	\N	text	NO	C	NEVER	\N	pg_catalog
pg_catalog	pg_seclabels	label	8	\N	YES	text	\N	\N	\N	\N	text	NO	C	NEVER	\N	pg_catalog
pg_catalog	pg_sequence	seqrelid	1	\N	NO	oid	\N	\N	\N	\N	oid	NO	\N	NEVER	\N	pg_catalog
pg_catalog	pg_sequence	seqtypid	2	\N	NO	oid	\N	\N	\N	\N	oid	NO	\N	NEVER	\N	pg_catalog
pg_catalog	pg_sequence	seqstart	3	\N	NO	bigint	\N	64	0	\N	int8	NO	\N	NEVER	\N	pg_catalog
pg_catalog	pg_sequence	seqincrement	4	\N	NO	bigint	\N	64	0	\N	int8	NO	\N	NEVER	\N	pg_catalog
pg_catalog	pg_sequence	seqmax	5	\N	NO	bigint	\N	64	0	\N	int8	NO	\N	NEVER	\N	pg_catalog
pg_catalog	pg_sequence	seqmin	6	\N	NO	bigint	\N	64	0	\N	int8	NO	\N	NEVER	\N	pg_catalog
pg_catalog	pg_sequence	seqcache	7	\N	NO	bigint	\N	64	0	\N	int8	NO	\N	NEVER	\N	pg_catalog
pg_catalog	pg_sequence	seqcycle	8	\N	NO	boolean	\N	\N	\N	\N	bool	NO	\N	NEVER	\N	pg_catalog
pg_catalog	pg_sequences	schemaname	1	\N	YES	name	\N	\N	\N	\N	name	NO	C	NEVER	\N	pg_catalog
pg_catalog	pg_sequences	sequencename	2	\N	YES	name	\N	\N	\N	\N	name	NO	C	NEVER	\N	pg_catalog
pg_catalog	pg_sequences	sequenceowner	3	\N	YES	name	\N	\N	\N	\N	name	NO	C	NEVER	\N	pg_catalog
pg_catalog	pg_sequences	data_type	4	\N	YES	regtype	\N	\N	\N	\N	regtype	NO	\N	NEVER	\N	pg_catalog
pg_catalog	pg_sequences	start_value	5	\N	YES	bigint	\N	64	0	\N	int8	NO	\N	NEVER	\N	pg_catalog
pg_catalog	pg_sequences	min_value	6	\N	YES	bigint	\N	64	0	\N	int8	NO	\N	NEVER	\N	pg_catalog
pg_catalog	pg_sequences	max_value	7	\N	YES	bigint	\N	64	0	\N	int8	NO	\N	NEVER	\N	pg_catalog
pg_catalog	pg_sequences	increment_by	8	\N	YES	bigint	\N	64	0	\N	int8	NO	\N	NEVER	\N	pg_catalog
pg_catalog	pg_sequences	cycle	9	\N	YES	boolean	\N	\N	\N	\N	bool	NO	\N	NEVER	\N	pg_catalog
pg_catalog	pg_sequences	cache_size	10	\N	YES	bigint	\N	64	0	\N	int8	NO	\N	NEVER	\N	pg_catalog
pg_catalog	pg_sequences	last_value	11	\N	YES	bigint	\N	64	0	\N	int8	NO	\N	NEVER	\N	pg_catalog
pg_catalog	pg_settings	name	1	\N	YES	text	\N	\N	\N	\N	text	NO	\N	NEVER	\N	pg_catalog
pg_catalog	pg_settings	setting	2	\N	YES	text	\N	\N	\N	\N	text	NO	\N	NEVER	\N	pg_catalog
pg_catalog	pg_settings	unit	3	\N	YES	text	\N	\N	\N	\N	text	NO	\N	NEVER	\N	pg_catalog
pg_catalog	pg_settings	category	4	\N	YES	text	\N	\N	\N	\N	text	NO	\N	NEVER	\N	pg_catalog
pg_catalog	pg_settings	short_desc	5	\N	YES	text	\N	\N	\N	\N	text	NO	\N	NEVER	\N	pg_catalog
pg_catalog	pg_settings	extra_desc	6	\N	YES	text	\N	\N	\N	\N	text	NO	\N	NEVER	\N	pg_catalog
pg_catalog	pg_settings	context	7	\N	YES	text	\N	\N	\N	\N	text	NO	\N	NEVER	\N	pg_catalog
pg_catalog	pg_settings	vartype	8	\N	YES	text	\N	\N	\N	\N	text	NO	\N	NEVER	\N	pg_catalog
pg_catalog	pg_settings	source	9	\N	YES	text	\N	\N	\N	\N	text	NO	\N	NEVER	\N	pg_catalog
pg_catalog	pg_settings	min_val	10	\N	YES	text	\N	\N	\N	\N	text	NO	\N	NEVER	\N	pg_catalog
pg_catalog	pg_settings	max_val	11	\N	YES	text	\N	\N	\N	\N	text	NO	\N	NEVER	\N	pg_catalog
pg_catalog	pg_settings	enumvals	12	\N	YES	ARRAY	\N	\N	\N	\N	_text	NO	\N	NEVER	\N	pg_catalog
pg_catalog	pg_settings	boot_val	13	\N	YES	text	\N	\N	\N	\N	text	NO	\N	NEVER	\N	pg_catalog
pg_catalog	pg_settings	reset_val	14	\N	YES	text	\N	\N	\N	\N	text	NO	\N	NEVER	\N	pg_catalog
pg_catalog	pg_settings	sourcefile	15	\N	YES	text	\N	\N	\N	\N	text	NO	\N	NEVER	\N	pg_catalog
pg_catalog	pg_settings	sourceline	16	\N	YES	integer	\N	32	0	\N	int4	NO	\N	NEVER	\N	pg_catalog
pg_catalog	pg_settings	pending_restart	17	\N	YES	boolean	\N	\N	\N	\N	bool	NO	\N	NEVER	\N	pg_catalog
pg_catalog	pg_shadow	usename	1	\N	YES	name	\N	\N	\N	\N	name	NO	C	NEVER	\N	pg_catalog
pg_catalog	pg_shadow	usesysid	2	\N	YES	oid	\N	\N	\N	\N	oid	NO	\N	NEVER	\N	pg_catalog
pg_catalog	pg_shadow	usecreatedb	3	\N	YES	boolean	\N	\N	\N	\N	bool	NO	\N	NEVER	\N	pg_catalog
pg_catalog	pg_shadow	usesuper	4	\N	YES	boolean	\N	\N	\N	\N	bool	NO	\N	NEVER	\N	pg_catalog
pg_catalog	pg_shadow	userepl	5	\N	YES	boolean	\N	\N	\N	\N	bool	NO	\N	NEVER	\N	pg_catalog
pg_catalog	pg_shadow	usebypassrls	6	\N	YES	boolean	\N	\N	\N	\N	bool	NO	\N	NEVER	\N	pg_catalog
pg_catalog	pg_shadow	passwd	7	\N	YES	text	\N	\N	\N	\N	text	NO	C	NEVER	\N	pg_catalog
pg_catalog	pg_shadow	valuntil	8	\N	YES	timestamp with time zone	\N	\N	\N	6	timestamptz	NO	\N	NEVER	\N	pg_catalog
pg_catalog	pg_shadow	useconfig	9	\N	YES	ARRAY	\N	\N	\N	\N	_text	NO	C	NEVER	\N	pg_catalog
pg_catalog	pg_shdepend	dbid	1	\N	NO	oid	\N	\N	\N	\N	oid	NO	\N	NEVER	\N	pg_catalog
pg_catalog	pg_shdepend	classid	2	\N	NO	oid	\N	\N	\N	\N	oid	NO	\N	NEVER	\N	pg_catalog
pg_catalog	pg_shdepend	objid	3	\N	NO	oid	\N	\N	\N	\N	oid	NO	\N	NEVER	\N	pg_catalog
pg_catalog	pg_shdepend	objsubid	4	\N	NO	integer	\N	32	0	\N	int4	NO	\N	NEVER	\N	pg_catalog
pg_catalog	pg_shdepend	refclassid	5	\N	NO	oid	\N	\N	\N	\N	oid	NO	\N	NEVER	\N	pg_catalog
pg_catalog	pg_shdepend	refobjid	6	\N	NO	oid	\N	\N	\N	\N	oid	NO	\N	NEVER	\N	pg_catalog
pg_catalog	pg_shdepend	deptype	7	\N	NO	"char"	\N	\N	\N	\N	char	NO	\N	NEVER	\N	pg_catalog
pg_catalog	pg_shdescription	objoid	1	\N	NO	oid	\N	\N	\N	\N	oid	NO	\N	NEVER	\N	pg_catalog
pg_catalog	pg_shdescription	classoid	2	\N	NO	oid	\N	\N	\N	\N	oid	NO	\N	NEVER	\N	pg_catalog
pg_catalog	pg_shdescription	description	3	\N	NO	text	\N	\N	\N	\N	text	NO	C	NEVER	\N	pg_catalog
pg_catalog	pg_shmem_allocations	name	1	\N	YES	text	\N	\N	\N	\N	text	NO	\N	NEVER	\N	pg_catalog
pg_catalog	pg_shmem_allocations	off	2	\N	YES	bigint	\N	64	0	\N	int8	NO	\N	NEVER	\N	pg_catalog
pg_catalog	pg_shmem_allocations	size	3	\N	YES	bigint	\N	64	0	\N	int8	NO	\N	NEVER	\N	pg_catalog
pg_catalog	pg_shmem_allocations	allocated_size	4	\N	YES	bigint	\N	64	0	\N	int8	NO	\N	NEVER	\N	pg_catalog
pg_catalog	pg_shseclabel	objoid	1	\N	NO	oid	\N	\N	\N	\N	oid	NO	\N	NEVER	\N	pg_catalog
pg_catalog	pg_shseclabel	classoid	2	\N	NO	oid	\N	\N	\N	\N	oid	NO	\N	NEVER	\N	pg_catalog
pg_catalog	pg_shseclabel	provider	3	\N	NO	text	\N	\N	\N	\N	text	NO	C	NEVER	\N	pg_catalog
pg_catalog	pg_shseclabel	label	4	\N	NO	text	\N	\N	\N	\N	text	NO	C	NEVER	\N	pg_catalog
pg_catalog	pg_stat_activity	datid	1	\N	YES	oid	\N	\N	\N	\N	oid	NO	\N	NEVER	\N	pg_catalog
pg_catalog	pg_stat_activity	datname	2	\N	YES	name	\N	\N	\N	\N	name	NO	C	NEVER	\N	pg_catalog
pg_catalog	pg_stat_activity	pid	3	\N	YES	integer	\N	32	0	\N	int4	NO	\N	NEVER	\N	pg_catalog
pg_catalog	pg_stat_activity	leader_pid	4	\N	YES	integer	\N	32	0	\N	int4	NO	\N	NEVER	\N	pg_catalog
pg_catalog	pg_stat_activity	usesysid	5	\N	YES	oid	\N	\N	\N	\N	oid	NO	\N	NEVER	\N	pg_catalog
pg_catalog	pg_stat_activity	usename	6	\N	YES	name	\N	\N	\N	\N	name	NO	C	NEVER	\N	pg_catalog
pg_catalog	pg_stat_activity	application_name	7	\N	YES	text	\N	\N	\N	\N	text	NO	\N	NEVER	\N	pg_catalog
pg_catalog	pg_stat_activity	client_addr	8	\N	YES	inet	\N	\N	\N	\N	inet	NO	\N	NEVER	\N	pg_catalog
pg_catalog	pg_stat_activity	client_hostname	9	\N	YES	text	\N	\N	\N	\N	text	NO	\N	NEVER	\N	pg_catalog
pg_catalog	pg_stat_activity	client_port	10	\N	YES	integer	\N	32	0	\N	int4	NO	\N	NEVER	\N	pg_catalog
pg_catalog	pg_stat_activity	backend_start	11	\N	YES	timestamp with time zone	\N	\N	\N	6	timestamptz	NO	\N	NEVER	\N	pg_catalog
pg_catalog	pg_stat_activity	xact_start	12	\N	YES	timestamp with time zone	\N	\N	\N	6	timestamptz	NO	\N	NEVER	\N	pg_catalog
pg_catalog	pg_stat_activity	query_start	13	\N	YES	timestamp with time zone	\N	\N	\N	6	timestamptz	NO	\N	NEVER	\N	pg_catalog
pg_catalog	pg_stat_activity	state_change	14	\N	YES	timestamp with time zone	\N	\N	\N	6	timestamptz	NO	\N	NEVER	\N	pg_catalog
pg_catalog	pg_stat_activity	wait_event_type	15	\N	YES	text	\N	\N	\N	\N	text	NO	\N	NEVER	\N	pg_catalog
pg_catalog	pg_stat_activity	wait_event	16	\N	YES	text	\N	\N	\N	\N	text	NO	\N	NEVER	\N	pg_catalog
pg_catalog	pg_stat_activity	state	17	\N	YES	text	\N	\N	\N	\N	text	NO	\N	NEVER	\N	pg_catalog
pg_catalog	pg_stat_activity	backend_xid	18	\N	YES	xid	\N	\N	\N	\N	xid	NO	\N	NEVER	\N	pg_catalog
pg_catalog	pg_stat_activity	backend_xmin	19	\N	YES	xid	\N	\N	\N	\N	xid	NO	\N	NEVER	\N	pg_catalog
pg_catalog	pg_stat_activity	query_id	20	\N	YES	bigint	\N	64	0	\N	int8	NO	\N	NEVER	\N	pg_catalog
pg_catalog	pg_stat_activity	query	21	\N	YES	text	\N	\N	\N	\N	text	NO	\N	NEVER	\N	pg_catalog
pg_catalog	pg_stat_activity	backend_type	22	\N	YES	text	\N	\N	\N	\N	text	NO	\N	NEVER	\N	pg_catalog
pg_catalog	pg_stat_all_indexes	relid	1	\N	YES	oid	\N	\N	\N	\N	oid	NO	\N	NEVER	\N	pg_catalog
pg_catalog	pg_stat_all_indexes	indexrelid	2	\N	YES	oid	\N	\N	\N	\N	oid	NO	\N	NEVER	\N	pg_catalog
pg_catalog	pg_stat_all_indexes	schemaname	3	\N	YES	name	\N	\N	\N	\N	name	NO	C	NEVER	\N	pg_catalog
pg_catalog	pg_stat_all_indexes	relname	4	\N	YES	name	\N	\N	\N	\N	name	NO	C	NEVER	\N	pg_catalog
pg_catalog	pg_stat_all_indexes	indexrelname	5	\N	YES	name	\N	\N	\N	\N	name	NO	C	NEVER	\N	pg_catalog
pg_catalog	pg_stat_all_indexes	idx_scan	6	\N	YES	bigint	\N	64	0	\N	int8	NO	\N	NEVER	\N	pg_catalog
pg_catalog	pg_stat_all_indexes	idx_tup_read	7	\N	YES	bigint	\N	64	0	\N	int8	NO	\N	NEVER	\N	pg_catalog
pg_catalog	pg_stat_all_indexes	idx_tup_fetch	8	\N	YES	bigint	\N	64	0	\N	int8	NO	\N	NEVER	\N	pg_catalog
pg_catalog	pg_stat_all_tables	relid	1	\N	YES	oid	\N	\N	\N	\N	oid	NO	\N	NEVER	\N	pg_catalog
pg_catalog	pg_stat_all_tables	schemaname	2	\N	YES	name	\N	\N	\N	\N	name	NO	C	NEVER	\N	pg_catalog
pg_catalog	pg_stat_all_tables	relname	3	\N	YES	name	\N	\N	\N	\N	name	NO	C	NEVER	\N	pg_catalog
pg_catalog	pg_stat_all_tables	seq_scan	4	\N	YES	bigint	\N	64	0	\N	int8	NO	\N	NEVER	\N	pg_catalog
pg_catalog	pg_stat_all_tables	seq_tup_read	5	\N	YES	bigint	\N	64	0	\N	int8	NO	\N	NEVER	\N	pg_catalog
pg_catalog	pg_stat_all_tables	idx_scan	6	\N	YES	bigint	\N	64	0	\N	int8	NO	\N	NEVER	\N	pg_catalog
pg_catalog	pg_stat_all_tables	idx_tup_fetch	7	\N	YES	bigint	\N	64	0	\N	int8	NO	\N	NEVER	\N	pg_catalog
pg_catalog	pg_stat_all_tables	n_tup_ins	8	\N	YES	bigint	\N	64	0	\N	int8	NO	\N	NEVER	\N	pg_catalog
pg_catalog	pg_stat_all_tables	n_tup_upd	9	\N	YES	bigint	\N	64	0	\N	int8	NO	\N	NEVER	\N	pg_catalog
pg_catalog	pg_stat_all_tables	n_tup_del	10	\N	YES	bigint	\N	64	0	\N	int8	NO	\N	NEVER	\N	pg_catalog
pg_catalog	pg_stat_all_tables	n_tup_hot_upd	11	\N	YES	bigint	\N	64	0	\N	int8	NO	\N	NEVER	\N	pg_catalog
pg_catalog	pg_stat_all_tables	n_live_tup	12	\N	YES	bigint	\N	64	0	\N	int8	NO	\N	NEVER	\N	pg_catalog
pg_catalog	pg_stat_all_tables	n_dead_tup	13	\N	YES	bigint	\N	64	0	\N	int8	NO	\N	NEVER	\N	pg_catalog
pg_catalog	pg_stat_all_tables	n_mod_since_analyze	14	\N	YES	bigint	\N	64	0	\N	int8	NO	\N	NEVER	\N	pg_catalog
pg_catalog	pg_stat_all_tables	n_ins_since_vacuum	15	\N	YES	bigint	\N	64	0	\N	int8	NO	\N	NEVER	\N	pg_catalog
pg_catalog	pg_stat_all_tables	last_vacuum	16	\N	YES	timestamp with time zone	\N	\N	\N	6	timestamptz	NO	\N	NEVER	\N	pg_catalog
pg_catalog	pg_stat_all_tables	last_autovacuum	17	\N	YES	timestamp with time zone	\N	\N	\N	6	timestamptz	NO	\N	NEVER	\N	pg_catalog
pg_catalog	pg_stat_all_tables	last_analyze	18	\N	YES	timestamp with time zone	\N	\N	\N	6	timestamptz	NO	\N	NEVER	\N	pg_catalog
pg_catalog	pg_stat_all_tables	last_autoanalyze	19	\N	YES	timestamp with time zone	\N	\N	\N	6	timestamptz	NO	\N	NEVER	\N	pg_catalog
pg_catalog	pg_stat_all_tables	vacuum_count	20	\N	YES	bigint	\N	64	0	\N	int8	NO	\N	NEVER	\N	pg_catalog
pg_catalog	pg_stat_all_tables	autovacuum_count	21	\N	YES	bigint	\N	64	0	\N	int8	NO	\N	NEVER	\N	pg_catalog
pg_catalog	pg_stat_all_tables	analyze_count	22	\N	YES	bigint	\N	64	0	\N	int8	NO	\N	NEVER	\N	pg_catalog
pg_catalog	pg_stat_all_tables	autoanalyze_count	23	\N	YES	bigint	\N	64	0	\N	int8	NO	\N	NEVER	\N	pg_catalog
pg_catalog	pg_stat_archiver	archived_count	1	\N	YES	bigint	\N	64	0	\N	int8	NO	\N	NEVER	\N	pg_catalog
pg_catalog	pg_stat_archiver	last_archived_wal	2	\N	YES	text	\N	\N	\N	\N	text	NO	\N	NEVER	\N	pg_catalog
pg_catalog	pg_stat_archiver	last_archived_time	3	\N	YES	timestamp with time zone	\N	\N	\N	6	timestamptz	NO	\N	NEVER	\N	pg_catalog
pg_catalog	pg_stat_archiver	failed_count	4	\N	YES	bigint	\N	64	0	\N	int8	NO	\N	NEVER	\N	pg_catalog
pg_catalog	pg_stat_archiver	last_failed_wal	5	\N	YES	text	\N	\N	\N	\N	text	NO	\N	NEVER	\N	pg_catalog
pg_catalog	pg_stat_archiver	last_failed_time	6	\N	YES	timestamp with time zone	\N	\N	\N	6	timestamptz	NO	\N	NEVER	\N	pg_catalog
pg_catalog	pg_stat_archiver	stats_reset	7	\N	YES	timestamp with time zone	\N	\N	\N	6	timestamptz	NO	\N	NEVER	\N	pg_catalog
pg_catalog	pg_stat_bgwriter	checkpoints_timed	1	\N	YES	bigint	\N	64	0	\N	int8	NO	\N	NEVER	\N	pg_catalog
pg_catalog	pg_stat_bgwriter	checkpoints_req	2	\N	YES	bigint	\N	64	0	\N	int8	NO	\N	NEVER	\N	pg_catalog
pg_catalog	pg_stat_bgwriter	checkpoint_write_time	3	\N	YES	double precision	\N	53	\N	\N	float8	NO	\N	NEVER	\N	pg_catalog
pg_catalog	pg_stat_bgwriter	checkpoint_sync_time	4	\N	YES	double precision	\N	53	\N	\N	float8	NO	\N	NEVER	\N	pg_catalog
pg_catalog	pg_stat_bgwriter	buffers_checkpoint	5	\N	YES	bigint	\N	64	0	\N	int8	NO	\N	NEVER	\N	pg_catalog
pg_catalog	pg_stat_bgwriter	buffers_clean	6	\N	YES	bigint	\N	64	0	\N	int8	NO	\N	NEVER	\N	pg_catalog
pg_catalog	pg_stat_bgwriter	maxwritten_clean	7	\N	YES	bigint	\N	64	0	\N	int8	NO	\N	NEVER	\N	pg_catalog
pg_catalog	pg_stat_bgwriter	buffers_backend	8	\N	YES	bigint	\N	64	0	\N	int8	NO	\N	NEVER	\N	pg_catalog
pg_catalog	pg_stat_bgwriter	buffers_backend_fsync	9	\N	YES	bigint	\N	64	0	\N	int8	NO	\N	NEVER	\N	pg_catalog
pg_catalog	pg_stat_bgwriter	buffers_alloc	10	\N	YES	bigint	\N	64	0	\N	int8	NO	\N	NEVER	\N	pg_catalog
pg_catalog	pg_stat_bgwriter	stats_reset	11	\N	YES	timestamp with time zone	\N	\N	\N	6	timestamptz	NO	\N	NEVER	\N	pg_catalog
pg_catalog	pg_stat_database	datid	1	\N	YES	oid	\N	\N	\N	\N	oid	NO	\N	NEVER	\N	pg_catalog
pg_catalog	pg_stat_database	datname	2	\N	YES	name	\N	\N	\N	\N	name	NO	C	NEVER	\N	pg_catalog
pg_catalog	pg_stat_database	numbackends	3	\N	YES	integer	\N	32	0	\N	int4	NO	\N	NEVER	\N	pg_catalog
pg_catalog	pg_stat_database	xact_commit	4	\N	YES	bigint	\N	64	0	\N	int8	NO	\N	NEVER	\N	pg_catalog
pg_catalog	pg_stat_database	xact_rollback	5	\N	YES	bigint	\N	64	0	\N	int8	NO	\N	NEVER	\N	pg_catalog
pg_catalog	pg_stat_database	blks_read	6	\N	YES	bigint	\N	64	0	\N	int8	NO	\N	NEVER	\N	pg_catalog
pg_catalog	pg_stat_database	blks_hit	7	\N	YES	bigint	\N	64	0	\N	int8	NO	\N	NEVER	\N	pg_catalog
pg_catalog	pg_stat_database	tup_returned	8	\N	YES	bigint	\N	64	0	\N	int8	NO	\N	NEVER	\N	pg_catalog
pg_catalog	pg_stat_database	tup_fetched	9	\N	YES	bigint	\N	64	0	\N	int8	NO	\N	NEVER	\N	pg_catalog
pg_catalog	pg_stat_database	tup_inserted	10	\N	YES	bigint	\N	64	0	\N	int8	NO	\N	NEVER	\N	pg_catalog
pg_catalog	pg_stat_database	tup_updated	11	\N	YES	bigint	\N	64	0	\N	int8	NO	\N	NEVER	\N	pg_catalog
pg_catalog	pg_stat_database	tup_deleted	12	\N	YES	bigint	\N	64	0	\N	int8	NO	\N	NEVER	\N	pg_catalog
pg_catalog	pg_stat_database	conflicts	13	\N	YES	bigint	\N	64	0	\N	int8	NO	\N	NEVER	\N	pg_catalog
pg_catalog	pg_stat_database	temp_files	14	\N	YES	bigint	\N	64	0	\N	int8	NO	\N	NEVER	\N	pg_catalog
pg_catalog	pg_stat_database	temp_bytes	15	\N	YES	bigint	\N	64	0	\N	int8	NO	\N	NEVER	\N	pg_catalog
pg_catalog	pg_stat_database	deadlocks	16	\N	YES	bigint	\N	64	0	\N	int8	NO	\N	NEVER	\N	pg_catalog
pg_catalog	pg_stat_database	checksum_failures	17	\N	YES	bigint	\N	64	0	\N	int8	NO	\N	NEVER	\N	pg_catalog
pg_catalog	pg_stat_database	checksum_last_failure	18	\N	YES	timestamp with time zone	\N	\N	\N	6	timestamptz	NO	\N	NEVER	\N	pg_catalog
pg_catalog	pg_stat_database	blk_read_time	19	\N	YES	double precision	\N	53	\N	\N	float8	NO	\N	NEVER	\N	pg_catalog
pg_catalog	pg_stat_database	blk_write_time	20	\N	YES	double precision	\N	53	\N	\N	float8	NO	\N	NEVER	\N	pg_catalog
pg_catalog	pg_stat_database	session_time	21	\N	YES	double precision	\N	53	\N	\N	float8	NO	\N	NEVER	\N	pg_catalog
pg_catalog	pg_stat_database	active_time	22	\N	YES	double precision	\N	53	\N	\N	float8	NO	\N	NEVER	\N	pg_catalog
pg_catalog	pg_stat_database	idle_in_transaction_time	23	\N	YES	double precision	\N	53	\N	\N	float8	NO	\N	NEVER	\N	pg_catalog
pg_catalog	pg_stat_database	sessions	24	\N	YES	bigint	\N	64	0	\N	int8	NO	\N	NEVER	\N	pg_catalog
pg_catalog	pg_stat_database	sessions_abandoned	25	\N	YES	bigint	\N	64	0	\N	int8	NO	\N	NEVER	\N	pg_catalog
pg_catalog	pg_stat_database	sessions_fatal	26	\N	YES	bigint	\N	64	0	\N	int8	NO	\N	NEVER	\N	pg_catalog
pg_catalog	pg_stat_database	sessions_killed	27	\N	YES	bigint	\N	64	0	\N	int8	NO	\N	NEVER	\N	pg_catalog
pg_catalog	pg_stat_database	stats_reset	28	\N	YES	timestamp with time zone	\N	\N	\N	6	timestamptz	NO	\N	NEVER	\N	pg_catalog
pg_catalog	pg_stat_database_conflicts	datid	1	\N	YES	oid	\N	\N	\N	\N	oid	NO	\N	NEVER	\N	pg_catalog
pg_catalog	pg_stat_database_conflicts	datname	2	\N	YES	name	\N	\N	\N	\N	name	NO	C	NEVER	\N	pg_catalog
pg_catalog	pg_stat_database_conflicts	confl_tablespace	3	\N	YES	bigint	\N	64	0	\N	int8	NO	\N	NEVER	\N	pg_catalog
pg_catalog	pg_stat_database_conflicts	confl_lock	4	\N	YES	bigint	\N	64	0	\N	int8	NO	\N	NEVER	\N	pg_catalog
pg_catalog	pg_stat_database_conflicts	confl_snapshot	5	\N	YES	bigint	\N	64	0	\N	int8	NO	\N	NEVER	\N	pg_catalog
pg_catalog	pg_stat_database_conflicts	confl_bufferpin	6	\N	YES	bigint	\N	64	0	\N	int8	NO	\N	NEVER	\N	pg_catalog
pg_catalog	pg_stat_database_conflicts	confl_deadlock	7	\N	YES	bigint	\N	64	0	\N	int8	NO	\N	NEVER	\N	pg_catalog
pg_catalog	pg_stat_gssapi	pid	1	\N	YES	integer	\N	32	0	\N	int4	NO	\N	NEVER	\N	pg_catalog
pg_catalog	pg_stat_gssapi	gss_authenticated	2	\N	YES	boolean	\N	\N	\N	\N	bool	NO	\N	NEVER	\N	pg_catalog
pg_catalog	pg_stat_gssapi	principal	3	\N	YES	text	\N	\N	\N	\N	text	NO	\N	NEVER	\N	pg_catalog
pg_catalog	pg_stat_gssapi	encrypted	4	\N	YES	boolean	\N	\N	\N	\N	bool	NO	\N	NEVER	\N	pg_catalog
pg_catalog	pg_stat_progress_analyze	pid	1	\N	YES	integer	\N	32	0	\N	int4	NO	\N	NEVER	\N	pg_catalog
pg_catalog	pg_stat_progress_analyze	datid	2	\N	YES	oid	\N	\N	\N	\N	oid	NO	\N	NEVER	\N	pg_catalog
pg_catalog	pg_stat_progress_analyze	datname	3	\N	YES	name	\N	\N	\N	\N	name	NO	C	NEVER	\N	pg_catalog
pg_catalog	pg_stat_progress_analyze	relid	4	\N	YES	oid	\N	\N	\N	\N	oid	NO	\N	NEVER	\N	pg_catalog
pg_catalog	pg_stat_progress_analyze	phase	5	\N	YES	text	\N	\N	\N	\N	text	NO	\N	NEVER	\N	pg_catalog
pg_catalog	pg_stat_progress_analyze	sample_blks_total	6	\N	YES	bigint	\N	64	0	\N	int8	NO	\N	NEVER	\N	pg_catalog
pg_catalog	pg_stat_progress_analyze	sample_blks_scanned	7	\N	YES	bigint	\N	64	0	\N	int8	NO	\N	NEVER	\N	pg_catalog
pg_catalog	pg_stat_progress_analyze	ext_stats_total	8	\N	YES	bigint	\N	64	0	\N	int8	NO	\N	NEVER	\N	pg_catalog
pg_catalog	pg_stat_progress_analyze	ext_stats_computed	9	\N	YES	bigint	\N	64	0	\N	int8	NO	\N	NEVER	\N	pg_catalog
pg_catalog	pg_stat_progress_analyze	child_tables_total	10	\N	YES	bigint	\N	64	0	\N	int8	NO	\N	NEVER	\N	pg_catalog
pg_catalog	pg_stat_progress_analyze	child_tables_done	11	\N	YES	bigint	\N	64	0	\N	int8	NO	\N	NEVER	\N	pg_catalog
pg_catalog	pg_stat_progress_analyze	current_child_table_relid	12	\N	YES	oid	\N	\N	\N	\N	oid	NO	\N	NEVER	\N	pg_catalog
pg_catalog	pg_stat_progress_basebackup	pid	1	\N	YES	integer	\N	32	0	\N	int4	NO	\N	NEVER	\N	pg_catalog
pg_catalog	pg_stat_progress_basebackup	phase	2	\N	YES	text	\N	\N	\N	\N	text	NO	\N	NEVER	\N	pg_catalog
pg_catalog	pg_stat_progress_basebackup	backup_total	3	\N	YES	bigint	\N	64	0	\N	int8	NO	\N	NEVER	\N	pg_catalog
pg_catalog	pg_stat_progress_basebackup	backup_streamed	4	\N	YES	bigint	\N	64	0	\N	int8	NO	\N	NEVER	\N	pg_catalog
pg_catalog	pg_stat_progress_basebackup	tablespaces_total	5	\N	YES	bigint	\N	64	0	\N	int8	NO	\N	NEVER	\N	pg_catalog
pg_catalog	pg_stat_progress_basebackup	tablespaces_streamed	6	\N	YES	bigint	\N	64	0	\N	int8	NO	\N	NEVER	\N	pg_catalog
pg_catalog	pg_stat_progress_cluster	pid	1	\N	YES	integer	\N	32	0	\N	int4	NO	\N	NEVER	\N	pg_catalog
pg_catalog	pg_stat_progress_cluster	datid	2	\N	YES	oid	\N	\N	\N	\N	oid	NO	\N	NEVER	\N	pg_catalog
pg_catalog	pg_stat_progress_cluster	datname	3	\N	YES	name	\N	\N	\N	\N	name	NO	C	NEVER	\N	pg_catalog
pg_catalog	pg_stat_progress_cluster	relid	4	\N	YES	oid	\N	\N	\N	\N	oid	NO	\N	NEVER	\N	pg_catalog
pg_catalog	pg_stat_progress_cluster	command	5	\N	YES	text	\N	\N	\N	\N	text	NO	\N	NEVER	\N	pg_catalog
pg_catalog	pg_stat_progress_cluster	phase	6	\N	YES	text	\N	\N	\N	\N	text	NO	\N	NEVER	\N	pg_catalog
pg_catalog	pg_stat_progress_cluster	cluster_index_relid	7	\N	YES	oid	\N	\N	\N	\N	oid	NO	\N	NEVER	\N	pg_catalog
pg_catalog	pg_stat_progress_cluster	heap_tuples_scanned	8	\N	YES	bigint	\N	64	0	\N	int8	NO	\N	NEVER	\N	pg_catalog
pg_catalog	pg_stat_progress_cluster	heap_tuples_written	9	\N	YES	bigint	\N	64	0	\N	int8	NO	\N	NEVER	\N	pg_catalog
pg_catalog	pg_stat_progress_cluster	heap_blks_total	10	\N	YES	bigint	\N	64	0	\N	int8	NO	\N	NEVER	\N	pg_catalog
pg_catalog	pg_stat_progress_cluster	heap_blks_scanned	11	\N	YES	bigint	\N	64	0	\N	int8	NO	\N	NEVER	\N	pg_catalog
pg_catalog	pg_stat_progress_cluster	index_rebuild_count	12	\N	YES	bigint	\N	64	0	\N	int8	NO	\N	NEVER	\N	pg_catalog
pg_catalog	pg_stat_progress_copy	pid	1	\N	YES	integer	\N	32	0	\N	int4	NO	\N	NEVER	\N	pg_catalog
pg_catalog	pg_stat_progress_copy	datid	2	\N	YES	oid	\N	\N	\N	\N	oid	NO	\N	NEVER	\N	pg_catalog
pg_catalog	pg_stat_progress_copy	datname	3	\N	YES	name	\N	\N	\N	\N	name	NO	C	NEVER	\N	pg_catalog
pg_catalog	pg_stat_progress_copy	relid	4	\N	YES	oid	\N	\N	\N	\N	oid	NO	\N	NEVER	\N	pg_catalog
pg_catalog	pg_stat_progress_copy	command	5	\N	YES	text	\N	\N	\N	\N	text	NO	\N	NEVER	\N	pg_catalog
pg_catalog	pg_stat_progress_copy	type	6	\N	YES	text	\N	\N	\N	\N	text	NO	\N	NEVER	\N	pg_catalog
pg_catalog	pg_stat_progress_copy	bytes_processed	7	\N	YES	bigint	\N	64	0	\N	int8	NO	\N	NEVER	\N	pg_catalog
pg_catalog	pg_stat_progress_copy	bytes_total	8	\N	YES	bigint	\N	64	0	\N	int8	NO	\N	NEVER	\N	pg_catalog
pg_catalog	pg_stat_progress_copy	tuples_processed	9	\N	YES	bigint	\N	64	0	\N	int8	NO	\N	NEVER	\N	pg_catalog
pg_catalog	pg_stat_progress_copy	tuples_excluded	10	\N	YES	bigint	\N	64	0	\N	int8	NO	\N	NEVER	\N	pg_catalog
pg_catalog	pg_stat_progress_create_index	pid	1	\N	YES	integer	\N	32	0	\N	int4	NO	\N	NEVER	\N	pg_catalog
pg_catalog	pg_stat_progress_create_index	datid	2	\N	YES	oid	\N	\N	\N	\N	oid	NO	\N	NEVER	\N	pg_catalog
pg_catalog	pg_stat_progress_create_index	datname	3	\N	YES	name	\N	\N	\N	\N	name	NO	C	NEVER	\N	pg_catalog
pg_catalog	pg_stat_progress_create_index	relid	4	\N	YES	oid	\N	\N	\N	\N	oid	NO	\N	NEVER	\N	pg_catalog
pg_catalog	pg_stat_progress_create_index	index_relid	5	\N	YES	oid	\N	\N	\N	\N	oid	NO	\N	NEVER	\N	pg_catalog
pg_catalog	pg_stat_progress_create_index	command	6	\N	YES	text	\N	\N	\N	\N	text	NO	\N	NEVER	\N	pg_catalog
pg_catalog	pg_stat_progress_create_index	phase	7	\N	YES	text	\N	\N	\N	\N	text	NO	\N	NEVER	\N	pg_catalog
pg_catalog	pg_stat_progress_create_index	lockers_total	8	\N	YES	bigint	\N	64	0	\N	int8	NO	\N	NEVER	\N	pg_catalog
pg_catalog	pg_stat_progress_create_index	lockers_done	9	\N	YES	bigint	\N	64	0	\N	int8	NO	\N	NEVER	\N	pg_catalog
pg_catalog	pg_stat_progress_create_index	current_locker_pid	10	\N	YES	bigint	\N	64	0	\N	int8	NO	\N	NEVER	\N	pg_catalog
pg_catalog	pg_stat_progress_create_index	blocks_total	11	\N	YES	bigint	\N	64	0	\N	int8	NO	\N	NEVER	\N	pg_catalog
pg_catalog	pg_stat_progress_create_index	blocks_done	12	\N	YES	bigint	\N	64	0	\N	int8	NO	\N	NEVER	\N	pg_catalog
pg_catalog	pg_stat_progress_create_index	tuples_total	13	\N	YES	bigint	\N	64	0	\N	int8	NO	\N	NEVER	\N	pg_catalog
pg_catalog	pg_stat_progress_create_index	tuples_done	14	\N	YES	bigint	\N	64	0	\N	int8	NO	\N	NEVER	\N	pg_catalog
pg_catalog	pg_stat_progress_create_index	partitions_total	15	\N	YES	bigint	\N	64	0	\N	int8	NO	\N	NEVER	\N	pg_catalog
pg_catalog	pg_stat_progress_create_index	partitions_done	16	\N	YES	bigint	\N	64	0	\N	int8	NO	\N	NEVER	\N	pg_catalog
pg_catalog	pg_stat_progress_vacuum	pid	1	\N	YES	integer	\N	32	0	\N	int4	NO	\N	NEVER	\N	pg_catalog
pg_catalog	pg_stat_progress_vacuum	datid	2	\N	YES	oid	\N	\N	\N	\N	oid	NO	\N	NEVER	\N	pg_catalog
pg_catalog	pg_stat_progress_vacuum	datname	3	\N	YES	name	\N	\N	\N	\N	name	NO	C	NEVER	\N	pg_catalog
pg_catalog	pg_stat_progress_vacuum	relid	4	\N	YES	oid	\N	\N	\N	\N	oid	NO	\N	NEVER	\N	pg_catalog
pg_catalog	pg_stat_progress_vacuum	phase	5	\N	YES	text	\N	\N	\N	\N	text	NO	\N	NEVER	\N	pg_catalog
pg_catalog	pg_stat_progress_vacuum	heap_blks_total	6	\N	YES	bigint	\N	64	0	\N	int8	NO	\N	NEVER	\N	pg_catalog
pg_catalog	pg_stat_progress_vacuum	heap_blks_scanned	7	\N	YES	bigint	\N	64	0	\N	int8	NO	\N	NEVER	\N	pg_catalog
pg_catalog	pg_stat_progress_vacuum	heap_blks_vacuumed	8	\N	YES	bigint	\N	64	0	\N	int8	NO	\N	NEVER	\N	pg_catalog
pg_catalog	pg_stat_progress_vacuum	index_vacuum_count	9	\N	YES	bigint	\N	64	0	\N	int8	NO	\N	NEVER	\N	pg_catalog
pg_catalog	pg_stat_progress_vacuum	max_dead_tuples	10	\N	YES	bigint	\N	64	0	\N	int8	NO	\N	NEVER	\N	pg_catalog
pg_catalog	pg_stat_progress_vacuum	num_dead_tuples	11	\N	YES	bigint	\N	64	0	\N	int8	NO	\N	NEVER	\N	pg_catalog
pg_catalog	pg_stat_recovery_prefetch	stats_reset	1	\N	YES	timestamp with time zone	\N	\N	\N	6	timestamptz	NO	\N	NEVER	\N	pg_catalog
pg_catalog	pg_stat_recovery_prefetch	prefetch	2	\N	YES	bigint	\N	64	0	\N	int8	NO	\N	NEVER	\N	pg_catalog
pg_catalog	pg_stat_recovery_prefetch	hit	3	\N	YES	bigint	\N	64	0	\N	int8	NO	\N	NEVER	\N	pg_catalog
pg_catalog	pg_stat_recovery_prefetch	skip_init	4	\N	YES	bigint	\N	64	0	\N	int8	NO	\N	NEVER	\N	pg_catalog
pg_catalog	pg_stat_recovery_prefetch	skip_new	5	\N	YES	bigint	\N	64	0	\N	int8	NO	\N	NEVER	\N	pg_catalog
pg_catalog	pg_stat_recovery_prefetch	skip_fpw	6	\N	YES	bigint	\N	64	0	\N	int8	NO	\N	NEVER	\N	pg_catalog
pg_catalog	pg_stat_recovery_prefetch	skip_rep	7	\N	YES	bigint	\N	64	0	\N	int8	NO	\N	NEVER	\N	pg_catalog
pg_catalog	pg_stat_recovery_prefetch	wal_distance	8	\N	YES	integer	\N	32	0	\N	int4	NO	\N	NEVER	\N	pg_catalog
pg_catalog	pg_stat_recovery_prefetch	block_distance	9	\N	YES	integer	\N	32	0	\N	int4	NO	\N	NEVER	\N	pg_catalog
pg_catalog	pg_stat_recovery_prefetch	io_depth	10	\N	YES	integer	\N	32	0	\N	int4	NO	\N	NEVER	\N	pg_catalog
pg_catalog	pg_stat_replication	pid	1	\N	YES	integer	\N	32	0	\N	int4	NO	\N	NEVER	\N	pg_catalog
pg_catalog	pg_stat_replication	usesysid	2	\N	YES	oid	\N	\N	\N	\N	oid	NO	\N	NEVER	\N	pg_catalog
pg_catalog	pg_stat_replication	usename	3	\N	YES	name	\N	\N	\N	\N	name	NO	C	NEVER	\N	pg_catalog
pg_catalog	pg_stat_replication	application_name	4	\N	YES	text	\N	\N	\N	\N	text	NO	\N	NEVER	\N	pg_catalog
pg_catalog	pg_stat_replication	client_addr	5	\N	YES	inet	\N	\N	\N	\N	inet	NO	\N	NEVER	\N	pg_catalog
pg_catalog	pg_stat_replication	client_hostname	6	\N	YES	text	\N	\N	\N	\N	text	NO	\N	NEVER	\N	pg_catalog
pg_catalog	pg_stat_replication	client_port	7	\N	YES	integer	\N	32	0	\N	int4	NO	\N	NEVER	\N	pg_catalog
pg_catalog	pg_stat_replication	backend_start	8	\N	YES	timestamp with time zone	\N	\N	\N	6	timestamptz	NO	\N	NEVER	\N	pg_catalog
pg_catalog	pg_stat_replication	backend_xmin	9	\N	YES	xid	\N	\N	\N	\N	xid	NO	\N	NEVER	\N	pg_catalog
pg_catalog	pg_stat_replication	state	10	\N	YES	text	\N	\N	\N	\N	text	NO	\N	NEVER	\N	pg_catalog
pg_catalog	pg_stat_replication	sent_lsn	11	\N	YES	pg_lsn	\N	\N	\N	\N	pg_lsn	NO	\N	NEVER	\N	pg_catalog
pg_catalog	pg_stat_replication	write_lsn	12	\N	YES	pg_lsn	\N	\N	\N	\N	pg_lsn	NO	\N	NEVER	\N	pg_catalog
pg_catalog	pg_stat_replication	flush_lsn	13	\N	YES	pg_lsn	\N	\N	\N	\N	pg_lsn	NO	\N	NEVER	\N	pg_catalog
pg_catalog	pg_stat_replication	replay_lsn	14	\N	YES	pg_lsn	\N	\N	\N	\N	pg_lsn	NO	\N	NEVER	\N	pg_catalog
pg_catalog	pg_stat_replication	write_lag	15	\N	YES	interval	\N	\N	\N	6	interval	NO	\N	NEVER	\N	pg_catalog
pg_catalog	pg_stat_replication	flush_lag	16	\N	YES	interval	\N	\N	\N	6	interval	NO	\N	NEVER	\N	pg_catalog
pg_catalog	pg_stat_replication	replay_lag	17	\N	YES	interval	\N	\N	\N	6	interval	NO	\N	NEVER	\N	pg_catalog
pg_catalog	pg_stat_replication	sync_priority	18	\N	YES	integer	\N	32	0	\N	int4	NO	\N	NEVER	\N	pg_catalog
pg_catalog	pg_stat_replication	sync_state	19	\N	YES	text	\N	\N	\N	\N	text	NO	\N	NEVER	\N	pg_catalog
pg_catalog	pg_stat_replication	reply_time	20	\N	YES	timestamp with time zone	\N	\N	\N	6	timestamptz	NO	\N	NEVER	\N	pg_catalog
pg_catalog	pg_stat_replication_slots	slot_name	1	\N	YES	text	\N	\N	\N	\N	text	NO	\N	NEVER	\N	pg_catalog
pg_catalog	pg_stat_replication_slots	spill_txns	2	\N	YES	bigint	\N	64	0	\N	int8	NO	\N	NEVER	\N	pg_catalog
pg_catalog	pg_stat_replication_slots	spill_count	3	\N	YES	bigint	\N	64	0	\N	int8	NO	\N	NEVER	\N	pg_catalog
pg_catalog	pg_stat_replication_slots	spill_bytes	4	\N	YES	bigint	\N	64	0	\N	int8	NO	\N	NEVER	\N	pg_catalog
pg_catalog	pg_stat_replication_slots	stream_txns	5	\N	YES	bigint	\N	64	0	\N	int8	NO	\N	NEVER	\N	pg_catalog
pg_catalog	pg_stat_replication_slots	stream_count	6	\N	YES	bigint	\N	64	0	\N	int8	NO	\N	NEVER	\N	pg_catalog
pg_catalog	pg_stat_replication_slots	stream_bytes	7	\N	YES	bigint	\N	64	0	\N	int8	NO	\N	NEVER	\N	pg_catalog
pg_catalog	pg_stat_replication_slots	total_txns	8	\N	YES	bigint	\N	64	0	\N	int8	NO	\N	NEVER	\N	pg_catalog
pg_catalog	pg_stat_replication_slots	total_bytes	9	\N	YES	bigint	\N	64	0	\N	int8	NO	\N	NEVER	\N	pg_catalog
pg_catalog	pg_stat_replication_slots	stats_reset	10	\N	YES	timestamp with time zone	\N	\N	\N	6	timestamptz	NO	\N	NEVER	\N	pg_catalog
pg_catalog	pg_stat_slru	name	1	\N	YES	text	\N	\N	\N	\N	text	NO	\N	NEVER	\N	pg_catalog
pg_catalog	pg_stat_slru	blks_zeroed	2	\N	YES	bigint	\N	64	0	\N	int8	NO	\N	NEVER	\N	pg_catalog
pg_catalog	pg_stat_slru	blks_hit	3	\N	YES	bigint	\N	64	0	\N	int8	NO	\N	NEVER	\N	pg_catalog
pg_catalog	pg_stat_slru	blks_read	4	\N	YES	bigint	\N	64	0	\N	int8	NO	\N	NEVER	\N	pg_catalog
pg_catalog	pg_stat_slru	blks_written	5	\N	YES	bigint	\N	64	0	\N	int8	NO	\N	NEVER	\N	pg_catalog
pg_catalog	pg_stat_slru	blks_exists	6	\N	YES	bigint	\N	64	0	\N	int8	NO	\N	NEVER	\N	pg_catalog
pg_catalog	pg_stat_slru	flushes	7	\N	YES	bigint	\N	64	0	\N	int8	NO	\N	NEVER	\N	pg_catalog
pg_catalog	pg_stat_slru	truncates	8	\N	YES	bigint	\N	64	0	\N	int8	NO	\N	NEVER	\N	pg_catalog
pg_catalog	pg_stat_slru	stats_reset	9	\N	YES	timestamp with time zone	\N	\N	\N	6	timestamptz	NO	\N	NEVER	\N	pg_catalog
pg_catalog	pg_stat_ssl	pid	1	\N	YES	integer	\N	32	0	\N	int4	NO	\N	NEVER	\N	pg_catalog
pg_catalog	pg_stat_ssl	ssl	2	\N	YES	boolean	\N	\N	\N	\N	bool	NO	\N	NEVER	\N	pg_catalog
pg_catalog	pg_stat_ssl	version	3	\N	YES	text	\N	\N	\N	\N	text	NO	\N	NEVER	\N	pg_catalog
pg_catalog	pg_stat_ssl	cipher	4	\N	YES	text	\N	\N	\N	\N	text	NO	\N	NEVER	\N	pg_catalog
pg_catalog	pg_stat_ssl	bits	5	\N	YES	integer	\N	32	0	\N	int4	NO	\N	NEVER	\N	pg_catalog
pg_catalog	pg_stat_ssl	client_dn	6	\N	YES	text	\N	\N	\N	\N	text	NO	\N	NEVER	\N	pg_catalog
pg_catalog	pg_stat_ssl	client_serial	7	\N	YES	numeric	\N	\N	\N	\N	numeric	NO	\N	NEVER	\N	pg_catalog
pg_catalog	pg_stat_ssl	issuer_dn	8	\N	YES	text	\N	\N	\N	\N	text	NO	\N	NEVER	\N	pg_catalog
pg_catalog	pg_stat_subscription	subid	1	\N	YES	oid	\N	\N	\N	\N	oid	NO	\N	NEVER	\N	pg_catalog
pg_catalog	pg_stat_subscription	subname	2	\N	YES	name	\N	\N	\N	\N	name	NO	C	NEVER	\N	pg_catalog
pg_catalog	pg_stat_subscription	pid	3	\N	YES	integer	\N	32	0	\N	int4	NO	\N	NEVER	\N	pg_catalog
pg_catalog	pg_stat_subscription	relid	4	\N	YES	oid	\N	\N	\N	\N	oid	NO	\N	NEVER	\N	pg_catalog
pg_catalog	pg_stat_subscription	received_lsn	5	\N	YES	pg_lsn	\N	\N	\N	\N	pg_lsn	NO	\N	NEVER	\N	pg_catalog
pg_catalog	pg_stat_subscription	last_msg_send_time	6	\N	YES	timestamp with time zone	\N	\N	\N	6	timestamptz	NO	\N	NEVER	\N	pg_catalog
pg_catalog	pg_stat_subscription	last_msg_receipt_time	7	\N	YES	timestamp with time zone	\N	\N	\N	6	timestamptz	NO	\N	NEVER	\N	pg_catalog
pg_catalog	pg_stat_subscription	latest_end_lsn	8	\N	YES	pg_lsn	\N	\N	\N	\N	pg_lsn	NO	\N	NEVER	\N	pg_catalog
pg_catalog	pg_stat_subscription	latest_end_time	9	\N	YES	timestamp with time zone	\N	\N	\N	6	timestamptz	NO	\N	NEVER	\N	pg_catalog
pg_catalog	pg_stat_subscription_stats	subid	1	\N	YES	oid	\N	\N	\N	\N	oid	NO	\N	NEVER	\N	pg_catalog
pg_catalog	pg_stat_subscription_stats	subname	2	\N	YES	name	\N	\N	\N	\N	name	NO	C	NEVER	\N	pg_catalog
pg_catalog	pg_stat_subscription_stats	apply_error_count	3	\N	YES	bigint	\N	64	0	\N	int8	NO	\N	NEVER	\N	pg_catalog
pg_catalog	pg_stat_subscription_stats	sync_error_count	4	\N	YES	bigint	\N	64	0	\N	int8	NO	\N	NEVER	\N	pg_catalog
pg_catalog	pg_stat_subscription_stats	stats_reset	5	\N	YES	timestamp with time zone	\N	\N	\N	6	timestamptz	NO	\N	NEVER	\N	pg_catalog
pg_catalog	pg_stat_sys_indexes	relid	1	\N	YES	oid	\N	\N	\N	\N	oid	NO	\N	NEVER	\N	pg_catalog
pg_catalog	pg_stat_sys_indexes	indexrelid	2	\N	YES	oid	\N	\N	\N	\N	oid	NO	\N	NEVER	\N	pg_catalog
pg_catalog	pg_stat_sys_indexes	schemaname	3	\N	YES	name	\N	\N	\N	\N	name	NO	C	NEVER	\N	pg_catalog
pg_catalog	pg_stat_sys_indexes	relname	4	\N	YES	name	\N	\N	\N	\N	name	NO	C	NEVER	\N	pg_catalog
pg_catalog	pg_stat_sys_indexes	indexrelname	5	\N	YES	name	\N	\N	\N	\N	name	NO	C	NEVER	\N	pg_catalog
pg_catalog	pg_stat_sys_indexes	idx_scan	6	\N	YES	bigint	\N	64	0	\N	int8	NO	\N	NEVER	\N	pg_catalog
pg_catalog	pg_stat_sys_indexes	idx_tup_read	7	\N	YES	bigint	\N	64	0	\N	int8	NO	\N	NEVER	\N	pg_catalog
pg_catalog	pg_stat_sys_indexes	idx_tup_fetch	8	\N	YES	bigint	\N	64	0	\N	int8	NO	\N	NEVER	\N	pg_catalog
pg_catalog	pg_stat_sys_tables	relid	1	\N	YES	oid	\N	\N	\N	\N	oid	NO	\N	NEVER	\N	pg_catalog
pg_catalog	pg_stat_sys_tables	schemaname	2	\N	YES	name	\N	\N	\N	\N	name	NO	C	NEVER	\N	pg_catalog
pg_catalog	pg_stat_sys_tables	relname	3	\N	YES	name	\N	\N	\N	\N	name	NO	C	NEVER	\N	pg_catalog
pg_catalog	pg_stat_sys_tables	seq_scan	4	\N	YES	bigint	\N	64	0	\N	int8	NO	\N	NEVER	\N	pg_catalog
pg_catalog	pg_stat_sys_tables	seq_tup_read	5	\N	YES	bigint	\N	64	0	\N	int8	NO	\N	NEVER	\N	pg_catalog
pg_catalog	pg_stat_sys_tables	idx_scan	6	\N	YES	bigint	\N	64	0	\N	int8	NO	\N	NEVER	\N	pg_catalog
pg_catalog	pg_stat_sys_tables	idx_tup_fetch	7	\N	YES	bigint	\N	64	0	\N	int8	NO	\N	NEVER	\N	pg_catalog
pg_catalog	pg_stat_sys_tables	n_tup_ins	8	\N	YES	bigint	\N	64	0	\N	int8	NO	\N	NEVER	\N	pg_catalog
pg_catalog	pg_stat_sys_tables	n_tup_upd	9	\N	YES	bigint	\N	64	0	\N	int8	NO	\N	NEVER	\N	pg_catalog
pg_catalog	pg_stat_sys_tables	n_tup_del	10	\N	YES	bigint	\N	64	0	\N	int8	NO	\N	NEVER	\N	pg_catalog
pg_catalog	pg_stat_sys_tables	n_tup_hot_upd	11	\N	YES	bigint	\N	64	0	\N	int8	NO	\N	NEVER	\N	pg_catalog
pg_catalog	pg_stat_sys_tables	n_live_tup	12	\N	YES	bigint	\N	64	0	\N	int8	NO	\N	NEVER	\N	pg_catalog
pg_catalog	pg_stat_sys_tables	n_dead_tup	13	\N	YES	bigint	\N	64	0	\N	int8	NO	\N	NEVER	\N	pg_catalog
pg_catalog	pg_stat_sys_tables	n_mod_since_analyze	14	\N	YES	bigint	\N	64	0	\N	int8	NO	\N	NEVER	\N	pg_catalog
pg_catalog	pg_stat_sys_tables	n_ins_since_vacuum	15	\N	YES	bigint	\N	64	0	\N	int8	NO	\N	NEVER	\N	pg_catalog
pg_catalog	pg_stat_sys_tables	last_vacuum	16	\N	YES	timestamp with time zone	\N	\N	\N	6	timestamptz	NO	\N	NEVER	\N	pg_catalog
pg_catalog	pg_stat_sys_tables	last_autovacuum	17	\N	YES	timestamp with time zone	\N	\N	\N	6	timestamptz	NO	\N	NEVER	\N	pg_catalog
pg_catalog	pg_stat_sys_tables	last_analyze	18	\N	YES	timestamp with time zone	\N	\N	\N	6	timestamptz	NO	\N	NEVER	\N	pg_catalog
pg_catalog	pg_stat_sys_tables	last_autoanalyze	19	\N	YES	timestamp with time zone	\N	\N	\N	6	timestamptz	NO	\N	NEVER	\N	pg_catalog
pg_catalog	pg_stat_sys_tables	vacuum_count	20	\N	YES	bigint	\N	64	0	\N	int8	NO	\N	NEVER	\N	pg_catalog
pg_catalog	pg_stat_sys_tables	autovacuum_count	21	\N	YES	bigint	\N	64	0	\N	int8	NO	\N	NEVER	\N	pg_catalog
pg_catalog	pg_stat_sys_tables	analyze_count	22	\N	YES	bigint	\N	64	0	\N	int8	NO	\N	NEVER	\N	pg_catalog
pg_catalog	pg_stat_sys_tables	autoanalyze_count	23	\N	YES	bigint	\N	64	0	\N	int8	NO	\N	NEVER	\N	pg_catalog
pg_catalog	pg_stat_user_functions	funcid	1	\N	YES	oid	\N	\N	\N	\N	oid	NO	\N	NEVER	\N	pg_catalog
pg_catalog	pg_stat_user_functions	schemaname	2	\N	YES	name	\N	\N	\N	\N	name	NO	C	NEVER	\N	pg_catalog
pg_catalog	pg_stat_user_functions	funcname	3	\N	YES	name	\N	\N	\N	\N	name	NO	C	NEVER	\N	pg_catalog
pg_catalog	pg_stat_user_functions	calls	4	\N	YES	bigint	\N	64	0	\N	int8	NO	\N	NEVER	\N	pg_catalog
pg_catalog	pg_stat_user_functions	total_time	5	\N	YES	double precision	\N	53	\N	\N	float8	NO	\N	NEVER	\N	pg_catalog
pg_catalog	pg_stat_user_functions	self_time	6	\N	YES	double precision	\N	53	\N	\N	float8	NO	\N	NEVER	\N	pg_catalog
pg_catalog	pg_stat_user_indexes	relid	1	\N	YES	oid	\N	\N	\N	\N	oid	NO	\N	NEVER	\N	pg_catalog
pg_catalog	pg_stat_user_indexes	indexrelid	2	\N	YES	oid	\N	\N	\N	\N	oid	NO	\N	NEVER	\N	pg_catalog
pg_catalog	pg_stat_user_indexes	schemaname	3	\N	YES	name	\N	\N	\N	\N	name	NO	C	NEVER	\N	pg_catalog
pg_catalog	pg_stat_user_indexes	relname	4	\N	YES	name	\N	\N	\N	\N	name	NO	C	NEVER	\N	pg_catalog
pg_catalog	pg_stat_user_indexes	indexrelname	5	\N	YES	name	\N	\N	\N	\N	name	NO	C	NEVER	\N	pg_catalog
pg_catalog	pg_stat_user_indexes	idx_scan	6	\N	YES	bigint	\N	64	0	\N	int8	NO	\N	NEVER	\N	pg_catalog
pg_catalog	pg_stat_user_indexes	idx_tup_read	7	\N	YES	bigint	\N	64	0	\N	int8	NO	\N	NEVER	\N	pg_catalog
pg_catalog	pg_stat_user_indexes	idx_tup_fetch	8	\N	YES	bigint	\N	64	0	\N	int8	NO	\N	NEVER	\N	pg_catalog
pg_catalog	pg_stat_user_tables	relid	1	\N	YES	oid	\N	\N	\N	\N	oid	NO	\N	NEVER	\N	pg_catalog
pg_catalog	pg_stat_user_tables	schemaname	2	\N	YES	name	\N	\N	\N	\N	name	NO	C	NEVER	\N	pg_catalog
pg_catalog	pg_stat_user_tables	relname	3	\N	YES	name	\N	\N	\N	\N	name	NO	C	NEVER	\N	pg_catalog
pg_catalog	pg_stat_user_tables	seq_scan	4	\N	YES	bigint	\N	64	0	\N	int8	NO	\N	NEVER	\N	pg_catalog
pg_catalog	pg_stat_user_tables	seq_tup_read	5	\N	YES	bigint	\N	64	0	\N	int8	NO	\N	NEVER	\N	pg_catalog
pg_catalog	pg_stat_user_tables	idx_scan	6	\N	YES	bigint	\N	64	0	\N	int8	NO	\N	NEVER	\N	pg_catalog
pg_catalog	pg_stat_user_tables	idx_tup_fetch	7	\N	YES	bigint	\N	64	0	\N	int8	NO	\N	NEVER	\N	pg_catalog
pg_catalog	pg_stat_user_tables	n_tup_ins	8	\N	YES	bigint	\N	64	0	\N	int8	NO	\N	NEVER	\N	pg_catalog
pg_catalog	pg_stat_user_tables	n_tup_upd	9	\N	YES	bigint	\N	64	0	\N	int8	NO	\N	NEVER	\N	pg_catalog
pg_catalog	pg_stat_user_tables	n_tup_del	10	\N	YES	bigint	\N	64	0	\N	int8	NO	\N	NEVER	\N	pg_catalog
pg_catalog	pg_stat_user_tables	n_tup_hot_upd	11	\N	YES	bigint	\N	64	0	\N	int8	NO	\N	NEVER	\N	pg_catalog
pg_catalog	pg_stat_user_tables	n_live_tup	12	\N	YES	bigint	\N	64	0	\N	int8	NO	\N	NEVER	\N	pg_catalog
pg_catalog	pg_stat_user_tables	n_dead_tup	13	\N	YES	bigint	\N	64	0	\N	int8	NO	\N	NEVER	\N	pg_catalog
pg_catalog	pg_stat_user_tables	n_mod_since_analyze	14	\N	YES	bigint	\N	64	0	\N	int8	NO	\N	NEVER	\N	pg_catalog
pg_catalog	pg_stat_user_tables	n_ins_since_vacuum	15	\N	YES	bigint	\N	64	0	\N	int8	NO	\N	NEVER	\N	pg_catalog
pg_catalog	pg_stat_user_tables	last_vacuum	16	\N	YES	timestamp with time zone	\N	\N	\N	6	timestamptz	NO	\N	NEVER	\N	pg_catalog
pg_catalog	pg_stat_user_tables	last_autovacuum	17	\N	YES	timestamp with time zone	\N	\N	\N	6	timestamptz	NO	\N	NEVER	\N	pg_catalog
pg_catalog	pg_stat_user_tables	last_analyze	18	\N	YES	timestamp with time zone	\N	\N	\N	6	timestamptz	NO	\N	NEVER	\N	pg_catalog
pg_catalog	pg_stat_user_tables	last_autoanalyze	19	\N	YES	timestamp with time zone	\N	\N	\N	6	timestamptz	NO	\N	NEVER	\N	pg_catalog
pg_catalog	pg_stat_user_tables	vacuum_count	20	\N	YES	bigint	\N	64	0	\N	int8	NO	\N	NEVER	\N	pg_catalog
pg_catalog	pg_stat_user_tables	autovacuum_count	21	\N	YES	bigint	\N	64	0	\N	int8	NO	\N	NEVER	\N	pg_catalog
pg_catalog	pg_stat_user_tables	analyze_count	22	\N	YES	bigint	\N	64	0	\N	int8	NO	\N	NEVER	\N	pg_catalog
pg_catalog	pg_stat_user_tables	autoanalyze_count	23	\N	YES	bigint	\N	64	0	\N	int8	NO	\N	NEVER	\N	pg_catalog
pg_catalog	pg_stat_wal	wal_records	1	\N	YES	bigint	\N	64	0	\N	int8	NO	\N	NEVER	\N	pg_catalog
pg_catalog	pg_stat_wal	wal_fpi	2	\N	YES	bigint	\N	64	0	\N	int8	NO	\N	NEVER	\N	pg_catalog
pg_catalog	pg_stat_wal	wal_bytes	3	\N	YES	numeric	\N	\N	\N	\N	numeric	NO	\N	NEVER	\N	pg_catalog
pg_catalog	pg_stat_wal	wal_buffers_full	4	\N	YES	bigint	\N	64	0	\N	int8	NO	\N	NEVER	\N	pg_catalog
pg_catalog	pg_stat_wal	wal_write	5	\N	YES	bigint	\N	64	0	\N	int8	NO	\N	NEVER	\N	pg_catalog
pg_catalog	pg_stat_wal	wal_sync	6	\N	YES	bigint	\N	64	0	\N	int8	NO	\N	NEVER	\N	pg_catalog
pg_catalog	pg_stat_wal	wal_write_time	7	\N	YES	double precision	\N	53	\N	\N	float8	NO	\N	NEVER	\N	pg_catalog
pg_catalog	pg_stat_wal	wal_sync_time	8	\N	YES	double precision	\N	53	\N	\N	float8	NO	\N	NEVER	\N	pg_catalog
pg_catalog	pg_stat_wal	stats_reset	9	\N	YES	timestamp with time zone	\N	\N	\N	6	timestamptz	NO	\N	NEVER	\N	pg_catalog
pg_catalog	pg_stat_wal_receiver	pid	1	\N	YES	integer	\N	32	0	\N	int4	NO	\N	NEVER	\N	pg_catalog
pg_catalog	pg_stat_wal_receiver	status	2	\N	YES	text	\N	\N	\N	\N	text	NO	\N	NEVER	\N	pg_catalog
pg_catalog	pg_stat_wal_receiver	receive_start_lsn	3	\N	YES	pg_lsn	\N	\N	\N	\N	pg_lsn	NO	\N	NEVER	\N	pg_catalog
pg_catalog	pg_stat_wal_receiver	receive_start_tli	4	\N	YES	integer	\N	32	0	\N	int4	NO	\N	NEVER	\N	pg_catalog
pg_catalog	pg_stat_wal_receiver	written_lsn	5	\N	YES	pg_lsn	\N	\N	\N	\N	pg_lsn	NO	\N	NEVER	\N	pg_catalog
pg_catalog	pg_stat_wal_receiver	flushed_lsn	6	\N	YES	pg_lsn	\N	\N	\N	\N	pg_lsn	NO	\N	NEVER	\N	pg_catalog
pg_catalog	pg_stat_wal_receiver	received_tli	7	\N	YES	integer	\N	32	0	\N	int4	NO	\N	NEVER	\N	pg_catalog
pg_catalog	pg_stat_wal_receiver	last_msg_send_time	8	\N	YES	timestamp with time zone	\N	\N	\N	6	timestamptz	NO	\N	NEVER	\N	pg_catalog
pg_catalog	pg_stat_wal_receiver	last_msg_receipt_time	9	\N	YES	timestamp with time zone	\N	\N	\N	6	timestamptz	NO	\N	NEVER	\N	pg_catalog
pg_catalog	pg_stat_wal_receiver	latest_end_lsn	10	\N	YES	pg_lsn	\N	\N	\N	\N	pg_lsn	NO	\N	NEVER	\N	pg_catalog
pg_catalog	pg_stat_wal_receiver	latest_end_time	11	\N	YES	timestamp with time zone	\N	\N	\N	6	timestamptz	NO	\N	NEVER	\N	pg_catalog
pg_catalog	pg_stat_wal_receiver	slot_name	12	\N	YES	text	\N	\N	\N	\N	text	NO	\N	NEVER	\N	pg_catalog
pg_catalog	pg_stat_wal_receiver	sender_host	13	\N	YES	text	\N	\N	\N	\N	text	NO	\N	NEVER	\N	pg_catalog
pg_catalog	pg_stat_wal_receiver	sender_port	14	\N	YES	integer	\N	32	0	\N	int4	NO	\N	NEVER	\N	pg_catalog
pg_catalog	pg_stat_wal_receiver	conninfo	15	\N	YES	text	\N	\N	\N	\N	text	NO	\N	NEVER	\N	pg_catalog
pg_catalog	pg_stat_xact_all_tables	relid	1	\N	YES	oid	\N	\N	\N	\N	oid	NO	\N	NEVER	\N	pg_catalog
pg_catalog	pg_stat_xact_all_tables	schemaname	2	\N	YES	name	\N	\N	\N	\N	name	NO	C	NEVER	\N	pg_catalog
pg_catalog	pg_stat_xact_all_tables	relname	3	\N	YES	name	\N	\N	\N	\N	name	NO	C	NEVER	\N	pg_catalog
pg_catalog	pg_stat_xact_all_tables	seq_scan	4	\N	YES	bigint	\N	64	0	\N	int8	NO	\N	NEVER	\N	pg_catalog
pg_catalog	pg_stat_xact_all_tables	seq_tup_read	5	\N	YES	bigint	\N	64	0	\N	int8	NO	\N	NEVER	\N	pg_catalog
pg_catalog	pg_stat_xact_all_tables	idx_scan	6	\N	YES	bigint	\N	64	0	\N	int8	NO	\N	NEVER	\N	pg_catalog
pg_catalog	pg_stat_xact_all_tables	idx_tup_fetch	7	\N	YES	bigint	\N	64	0	\N	int8	NO	\N	NEVER	\N	pg_catalog
pg_catalog	pg_stat_xact_all_tables	n_tup_ins	8	\N	YES	bigint	\N	64	0	\N	int8	NO	\N	NEVER	\N	pg_catalog
pg_catalog	pg_stat_xact_all_tables	n_tup_upd	9	\N	YES	bigint	\N	64	0	\N	int8	NO	\N	NEVER	\N	pg_catalog
pg_catalog	pg_stat_xact_all_tables	n_tup_del	10	\N	YES	bigint	\N	64	0	\N	int8	NO	\N	NEVER	\N	pg_catalog
pg_catalog	pg_stat_xact_all_tables	n_tup_hot_upd	11	\N	YES	bigint	\N	64	0	\N	int8	NO	\N	NEVER	\N	pg_catalog
pg_catalog	pg_stat_xact_sys_tables	relid	1	\N	YES	oid	\N	\N	\N	\N	oid	NO	\N	NEVER	\N	pg_catalog
pg_catalog	pg_stat_xact_sys_tables	schemaname	2	\N	YES	name	\N	\N	\N	\N	name	NO	C	NEVER	\N	pg_catalog
pg_catalog	pg_stat_xact_sys_tables	relname	3	\N	YES	name	\N	\N	\N	\N	name	NO	C	NEVER	\N	pg_catalog
pg_catalog	pg_stat_xact_sys_tables	seq_scan	4	\N	YES	bigint	\N	64	0	\N	int8	NO	\N	NEVER	\N	pg_catalog
pg_catalog	pg_stat_xact_sys_tables	seq_tup_read	5	\N	YES	bigint	\N	64	0	\N	int8	NO	\N	NEVER	\N	pg_catalog
pg_catalog	pg_stat_xact_sys_tables	idx_scan	6	\N	YES	bigint	\N	64	0	\N	int8	NO	\N	NEVER	\N	pg_catalog
pg_catalog	pg_stat_xact_sys_tables	idx_tup_fetch	7	\N	YES	bigint	\N	64	0	\N	int8	NO	\N	NEVER	\N	pg_catalog
pg_catalog	pg_stat_xact_sys_tables	n_tup_ins	8	\N	YES	bigint	\N	64	0	\N	int8	NO	\N	NEVER	\N	pg_catalog
pg_catalog	pg_stat_xact_sys_tables	n_tup_upd	9	\N	YES	bigint	\N	64	0	\N	int8	NO	\N	NEVER	\N	pg_catalog
pg_catalog	pg_stat_xact_sys_tables	n_tup_del	10	\N	YES	bigint	\N	64	0	\N	int8	NO	\N	NEVER	\N	pg_catalog
pg_catalog	pg_stat_xact_sys_tables	n_tup_hot_upd	11	\N	YES	bigint	\N	64	0	\N	int8	NO	\N	NEVER	\N	pg_catalog
pg_catalog	pg_stat_xact_user_functions	funcid	1	\N	YES	oid	\N	\N	\N	\N	oid	NO	\N	NEVER	\N	pg_catalog
pg_catalog	pg_stat_xact_user_functions	schemaname	2	\N	YES	name	\N	\N	\N	\N	name	NO	C	NEVER	\N	pg_catalog
pg_catalog	pg_stat_xact_user_functions	funcname	3	\N	YES	name	\N	\N	\N	\N	name	NO	C	NEVER	\N	pg_catalog
pg_catalog	pg_stat_xact_user_functions	calls	4	\N	YES	bigint	\N	64	0	\N	int8	NO	\N	NEVER	\N	pg_catalog
pg_catalog	pg_stat_xact_user_functions	total_time	5	\N	YES	double precision	\N	53	\N	\N	float8	NO	\N	NEVER	\N	pg_catalog
pg_catalog	pg_stat_xact_user_functions	self_time	6	\N	YES	double precision	\N	53	\N	\N	float8	NO	\N	NEVER	\N	pg_catalog
pg_catalog	pg_stat_xact_user_tables	relid	1	\N	YES	oid	\N	\N	\N	\N	oid	NO	\N	NEVER	\N	pg_catalog
pg_catalog	pg_stat_xact_user_tables	schemaname	2	\N	YES	name	\N	\N	\N	\N	name	NO	C	NEVER	\N	pg_catalog
pg_catalog	pg_stat_xact_user_tables	relname	3	\N	YES	name	\N	\N	\N	\N	name	NO	C	NEVER	\N	pg_catalog
pg_catalog	pg_stat_xact_user_tables	seq_scan	4	\N	YES	bigint	\N	64	0	\N	int8	NO	\N	NEVER	\N	pg_catalog
pg_catalog	pg_stat_xact_user_tables	seq_tup_read	5	\N	YES	bigint	\N	64	0	\N	int8	NO	\N	NEVER	\N	pg_catalog
pg_catalog	pg_stat_xact_user_tables	idx_scan	6	\N	YES	bigint	\N	64	0	\N	int8	NO	\N	NEVER	\N	pg_catalog
pg_catalog	pg_stat_xact_user_tables	idx_tup_fetch	7	\N	YES	bigint	\N	64	0	\N	int8	NO	\N	NEVER	\N	pg_catalog
pg_catalog	pg_stat_xact_user_tables	n_tup_ins	8	\N	YES	bigint	\N	64	0	\N	int8	NO	\N	NEVER	\N	pg_catalog
pg_catalog	pg_stat_xact_user_tables	n_tup_upd	9	\N	YES	bigint	\N	64	0	\N	int8	NO	\N	NEVER	\N	pg_catalog
pg_catalog	pg_stat_xact_user_tables	n_tup_del	10	\N	YES	bigint	\N	64	0	\N	int8	NO	\N	NEVER	\N	pg_catalog
pg_catalog	pg_stat_xact_user_tables	n_tup_hot_upd	11	\N	YES	bigint	\N	64	0	\N	int8	NO	\N	NEVER	\N	pg_catalog
pg_catalog	pg_statio_all_indexes	relid	1	\N	YES	oid	\N	\N	\N	\N	oid	NO	\N	NEVER	\N	pg_catalog
pg_catalog	pg_statio_all_indexes	indexrelid	2	\N	YES	oid	\N	\N	\N	\N	oid	NO	\N	NEVER	\N	pg_catalog
pg_catalog	pg_statio_all_indexes	schemaname	3	\N	YES	name	\N	\N	\N	\N	name	NO	C	NEVER	\N	pg_catalog
pg_catalog	pg_statio_all_indexes	relname	4	\N	YES	name	\N	\N	\N	\N	name	NO	C	NEVER	\N	pg_catalog
pg_catalog	pg_statio_all_indexes	indexrelname	5	\N	YES	name	\N	\N	\N	\N	name	NO	C	NEVER	\N	pg_catalog
pg_catalog	pg_statio_all_indexes	idx_blks_read	6	\N	YES	bigint	\N	64	0	\N	int8	NO	\N	NEVER	\N	pg_catalog
pg_catalog	pg_statio_all_indexes	idx_blks_hit	7	\N	YES	bigint	\N	64	0	\N	int8	NO	\N	NEVER	\N	pg_catalog
pg_catalog	pg_statio_all_sequences	relid	1	\N	YES	oid	\N	\N	\N	\N	oid	NO	\N	NEVER	\N	pg_catalog
pg_catalog	pg_statio_all_sequences	schemaname	2	\N	YES	name	\N	\N	\N	\N	name	NO	C	NEVER	\N	pg_catalog
pg_catalog	pg_statio_all_sequences	relname	3	\N	YES	name	\N	\N	\N	\N	name	NO	C	NEVER	\N	pg_catalog
pg_catalog	pg_statio_all_sequences	blks_read	4	\N	YES	bigint	\N	64	0	\N	int8	NO	\N	NEVER	\N	pg_catalog
pg_catalog	pg_statio_all_sequences	blks_hit	5	\N	YES	bigint	\N	64	0	\N	int8	NO	\N	NEVER	\N	pg_catalog
pg_catalog	pg_statio_all_tables	relid	1	\N	YES	oid	\N	\N	\N	\N	oid	NO	\N	NEVER	\N	pg_catalog
pg_catalog	pg_statio_all_tables	schemaname	2	\N	YES	name	\N	\N	\N	\N	name	NO	C	NEVER	\N	pg_catalog
pg_catalog	pg_statio_all_tables	relname	3	\N	YES	name	\N	\N	\N	\N	name	NO	C	NEVER	\N	pg_catalog
pg_catalog	pg_statio_all_tables	heap_blks_read	4	\N	YES	bigint	\N	64	0	\N	int8	NO	\N	NEVER	\N	pg_catalog
pg_catalog	pg_statio_all_tables	heap_blks_hit	5	\N	YES	bigint	\N	64	0	\N	int8	NO	\N	NEVER	\N	pg_catalog
pg_catalog	pg_statio_all_tables	idx_blks_read	6	\N	YES	bigint	\N	64	0	\N	int8	NO	\N	NEVER	\N	pg_catalog
pg_catalog	pg_statio_all_tables	idx_blks_hit	7	\N	YES	bigint	\N	64	0	\N	int8	NO	\N	NEVER	\N	pg_catalog
pg_catalog	pg_statio_all_tables	toast_blks_read	8	\N	YES	bigint	\N	64	0	\N	int8	NO	\N	NEVER	\N	pg_catalog
pg_catalog	pg_statio_all_tables	toast_blks_hit	9	\N	YES	bigint	\N	64	0	\N	int8	NO	\N	NEVER	\N	pg_catalog
pg_catalog	pg_statio_all_tables	tidx_blks_read	10	\N	YES	bigint	\N	64	0	\N	int8	NO	\N	NEVER	\N	pg_catalog
pg_catalog	pg_statio_all_tables	tidx_blks_hit	11	\N	YES	bigint	\N	64	0	\N	int8	NO	\N	NEVER	\N	pg_catalog
pg_catalog	pg_statio_sys_indexes	relid	1	\N	YES	oid	\N	\N	\N	\N	oid	NO	\N	NEVER	\N	pg_catalog
pg_catalog	pg_statio_sys_indexes	indexrelid	2	\N	YES	oid	\N	\N	\N	\N	oid	NO	\N	NEVER	\N	pg_catalog
pg_catalog	pg_statio_sys_indexes	schemaname	3	\N	YES	name	\N	\N	\N	\N	name	NO	C	NEVER	\N	pg_catalog
pg_catalog	pg_statio_sys_indexes	relname	4	\N	YES	name	\N	\N	\N	\N	name	NO	C	NEVER	\N	pg_catalog
pg_catalog	pg_statio_sys_indexes	indexrelname	5	\N	YES	name	\N	\N	\N	\N	name	NO	C	NEVER	\N	pg_catalog
pg_catalog	pg_statio_sys_indexes	idx_blks_read	6	\N	YES	bigint	\N	64	0	\N	int8	NO	\N	NEVER	\N	pg_catalog
pg_catalog	pg_statio_sys_indexes	idx_blks_hit	7	\N	YES	bigint	\N	64	0	\N	int8	NO	\N	NEVER	\N	pg_catalog
pg_catalog	pg_statio_sys_sequences	relid	1	\N	YES	oid	\N	\N	\N	\N	oid	NO	\N	NEVER	\N	pg_catalog
pg_catalog	pg_statio_sys_sequences	schemaname	2	\N	YES	name	\N	\N	\N	\N	name	NO	C	NEVER	\N	pg_catalog
pg_catalog	pg_statio_sys_sequences	relname	3	\N	YES	name	\N	\N	\N	\N	name	NO	C	NEVER	\N	pg_catalog
pg_catalog	pg_statio_sys_sequences	blks_read	4	\N	YES	bigint	\N	64	0	\N	int8	NO	\N	NEVER	\N	pg_catalog
pg_catalog	pg_statio_sys_sequences	blks_hit	5	\N	YES	bigint	\N	64	0	\N	int8	NO	\N	NEVER	\N	pg_catalog
pg_catalog	pg_statio_sys_tables	relid	1	\N	YES	oid	\N	\N	\N	\N	oid	NO	\N	NEVER	\N	pg_catalog
pg_catalog	pg_statio_sys_tables	schemaname	2	\N	YES	name	\N	\N	\N	\N	name	NO	C	NEVER	\N	pg_catalog
pg_catalog	pg_statio_sys_tables	relname	3	\N	YES	name	\N	\N	\N	\N	name	NO	C	NEVER	\N	pg_catalog
pg_catalog	pg_statio_sys_tables	heap_blks_read	4	\N	YES	bigint	\N	64	0	\N	int8	NO	\N	NEVER	\N	pg_catalog
pg_catalog	pg_statio_sys_tables	heap_blks_hit	5	\N	YES	bigint	\N	64	0	\N	int8	NO	\N	NEVER	\N	pg_catalog
pg_catalog	pg_statio_sys_tables	idx_blks_read	6	\N	YES	bigint	\N	64	0	\N	int8	NO	\N	NEVER	\N	pg_catalog
pg_catalog	pg_statio_sys_tables	idx_blks_hit	7	\N	YES	bigint	\N	64	0	\N	int8	NO	\N	NEVER	\N	pg_catalog
pg_catalog	pg_statio_sys_tables	toast_blks_read	8	\N	YES	bigint	\N	64	0	\N	int8	NO	\N	NEVER	\N	pg_catalog
pg_catalog	pg_statio_sys_tables	toast_blks_hit	9	\N	YES	bigint	\N	64	0	\N	int8	NO	\N	NEVER	\N	pg_catalog
pg_catalog	pg_statio_sys_tables	tidx_blks_read	10	\N	YES	bigint	\N	64	0	\N	int8	NO	\N	NEVER	\N	pg_catalog
pg_catalog	pg_statio_sys_tables	tidx_blks_hit	11	\N	YES	bigint	\N	64	0	\N	int8	NO	\N	NEVER	\N	pg_catalog
pg_catalog	pg_statio_user_indexes	relid	1	\N	YES	oid	\N	\N	\N	\N	oid	NO	\N	NEVER	\N	pg_catalog
pg_catalog	pg_statio_user_indexes	indexrelid	2	\N	YES	oid	\N	\N	\N	\N	oid	NO	\N	NEVER	\N	pg_catalog
pg_catalog	pg_statio_user_indexes	schemaname	3	\N	YES	name	\N	\N	\N	\N	name	NO	C	NEVER	\N	pg_catalog
pg_catalog	pg_statio_user_indexes	relname	4	\N	YES	name	\N	\N	\N	\N	name	NO	C	NEVER	\N	pg_catalog
pg_catalog	pg_statio_user_indexes	indexrelname	5	\N	YES	name	\N	\N	\N	\N	name	NO	C	NEVER	\N	pg_catalog
pg_catalog	pg_statio_user_indexes	idx_blks_read	6	\N	YES	bigint	\N	64	0	\N	int8	NO	\N	NEVER	\N	pg_catalog
pg_catalog	pg_statio_user_indexes	idx_blks_hit	7	\N	YES	bigint	\N	64	0	\N	int8	NO	\N	NEVER	\N	pg_catalog
pg_catalog	pg_statio_user_sequences	relid	1	\N	YES	oid	\N	\N	\N	\N	oid	NO	\N	NEVER	\N	pg_catalog
pg_catalog	pg_statio_user_sequences	schemaname	2	\N	YES	name	\N	\N	\N	\N	name	NO	C	NEVER	\N	pg_catalog
pg_catalog	pg_statio_user_sequences	relname	3	\N	YES	name	\N	\N	\N	\N	name	NO	C	NEVER	\N	pg_catalog
pg_catalog	pg_statio_user_sequences	blks_read	4	\N	YES	bigint	\N	64	0	\N	int8	NO	\N	NEVER	\N	pg_catalog
pg_catalog	pg_statio_user_sequences	blks_hit	5	\N	YES	bigint	\N	64	0	\N	int8	NO	\N	NEVER	\N	pg_catalog
pg_catalog	pg_statio_user_tables	relid	1	\N	YES	oid	\N	\N	\N	\N	oid	NO	\N	NEVER	\N	pg_catalog
pg_catalog	pg_statio_user_tables	schemaname	2	\N	YES	name	\N	\N	\N	\N	name	NO	C	NEVER	\N	pg_catalog
pg_catalog	pg_statio_user_tables	relname	3	\N	YES	name	\N	\N	\N	\N	name	NO	C	NEVER	\N	pg_catalog
pg_catalog	pg_statio_user_tables	heap_blks_read	4	\N	YES	bigint	\N	64	0	\N	int8	NO	\N	NEVER	\N	pg_catalog
pg_catalog	pg_statio_user_tables	heap_blks_hit	5	\N	YES	bigint	\N	64	0	\N	int8	NO	\N	NEVER	\N	pg_catalog
pg_catalog	pg_statio_user_tables	idx_blks_read	6	\N	YES	bigint	\N	64	0	\N	int8	NO	\N	NEVER	\N	pg_catalog
pg_catalog	pg_statio_user_tables	idx_blks_hit	7	\N	YES	bigint	\N	64	0	\N	int8	NO	\N	NEVER	\N	pg_catalog
pg_catalog	pg_statio_user_tables	toast_blks_read	8	\N	YES	bigint	\N	64	0	\N	int8	NO	\N	NEVER	\N	pg_catalog
pg_catalog	pg_statio_user_tables	toast_blks_hit	9	\N	YES	bigint	\N	64	0	\N	int8	NO	\N	NEVER	\N	pg_catalog
pg_catalog	pg_statio_user_tables	tidx_blks_read	10	\N	YES	bigint	\N	64	0	\N	int8	NO	\N	NEVER	\N	pg_catalog
pg_catalog	pg_statio_user_tables	tidx_blks_hit	11	\N	YES	bigint	\N	64	0	\N	int8	NO	\N	NEVER	\N	pg_catalog
pg_catalog	pg_statistic	starelid	1	\N	NO	oid	\N	\N	\N	\N	oid	NO	\N	NEVER	\N	pg_catalog
pg_catalog	pg_statistic	staattnum	2	\N	NO	smallint	\N	16	0	\N	int2	NO	\N	NEVER	\N	pg_catalog
pg_catalog	pg_statistic	stainherit	3	\N	NO	boolean	\N	\N	\N	\N	bool	NO	\N	NEVER	\N	pg_catalog
pg_catalog	pg_statistic	stanullfrac	4	\N	NO	real	\N	24	\N	\N	float4	NO	\N	NEVER	\N	pg_catalog
pg_catalog	pg_statistic	stawidth	5	\N	NO	integer	\N	32	0	\N	int4	NO	\N	NEVER	\N	pg_catalog
pg_catalog	pg_statistic	stadistinct	6	\N	NO	real	\N	24	\N	\N	float4	NO	\N	NEVER	\N	pg_catalog
pg_catalog	pg_statistic	stakind1	7	\N	NO	smallint	\N	16	0	\N	int2	NO	\N	NEVER	\N	pg_catalog
pg_catalog	pg_statistic	stakind2	8	\N	NO	smallint	\N	16	0	\N	int2	NO	\N	NEVER	\N	pg_catalog
pg_catalog	pg_statistic	stakind3	9	\N	NO	smallint	\N	16	0	\N	int2	NO	\N	NEVER	\N	pg_catalog
pg_catalog	pg_statistic	stakind4	10	\N	NO	smallint	\N	16	0	\N	int2	NO	\N	NEVER	\N	pg_catalog
pg_catalog	pg_statistic	stakind5	11	\N	NO	smallint	\N	16	0	\N	int2	NO	\N	NEVER	\N	pg_catalog
pg_catalog	pg_statistic	staop1	12	\N	NO	oid	\N	\N	\N	\N	oid	NO	\N	NEVER	\N	pg_catalog
pg_catalog	pg_statistic	staop2	13	\N	NO	oid	\N	\N	\N	\N	oid	NO	\N	NEVER	\N	pg_catalog
pg_catalog	pg_statistic	staop3	14	\N	NO	oid	\N	\N	\N	\N	oid	NO	\N	NEVER	\N	pg_catalog
pg_catalog	pg_statistic	staop4	15	\N	NO	oid	\N	\N	\N	\N	oid	NO	\N	NEVER	\N	pg_catalog
pg_catalog	pg_statistic	staop5	16	\N	NO	oid	\N	\N	\N	\N	oid	NO	\N	NEVER	\N	pg_catalog
pg_catalog	pg_statistic	stacoll1	17	\N	NO	oid	\N	\N	\N	\N	oid	NO	\N	NEVER	\N	pg_catalog
pg_catalog	pg_statistic	stacoll2	18	\N	NO	oid	\N	\N	\N	\N	oid	NO	\N	NEVER	\N	pg_catalog
pg_catalog	pg_statistic	stacoll3	19	\N	NO	oid	\N	\N	\N	\N	oid	NO	\N	NEVER	\N	pg_catalog
pg_catalog	pg_statistic	stacoll4	20	\N	NO	oid	\N	\N	\N	\N	oid	NO	\N	NEVER	\N	pg_catalog
pg_catalog	pg_statistic	stacoll5	21	\N	NO	oid	\N	\N	\N	\N	oid	NO	\N	NEVER	\N	pg_catalog
pg_catalog	pg_statistic	stanumbers1	22	\N	YES	ARRAY	\N	\N	\N	\N	_float4	NO	\N	NEVER	\N	pg_catalog
pg_catalog	pg_statistic	stanumbers2	23	\N	YES	ARRAY	\N	\N	\N	\N	_float4	NO	\N	NEVER	\N	pg_catalog
pg_catalog	pg_statistic	stanumbers3	24	\N	YES	ARRAY	\N	\N	\N	\N	_float4	NO	\N	NEVER	\N	pg_catalog
pg_catalog	pg_statistic	stanumbers4	25	\N	YES	ARRAY	\N	\N	\N	\N	_float4	NO	\N	NEVER	\N	pg_catalog
pg_catalog	pg_statistic	stanumbers5	26	\N	YES	ARRAY	\N	\N	\N	\N	_float4	NO	\N	NEVER	\N	pg_catalog
pg_catalog	pg_statistic	stavalues1	27	\N	YES	anyarray	\N	\N	\N	\N	anyarray	NO	\N	NEVER	\N	pg_catalog
pg_catalog	pg_statistic	stavalues2	28	\N	YES	anyarray	\N	\N	\N	\N	anyarray	NO	\N	NEVER	\N	pg_catalog
pg_catalog	pg_statistic	stavalues3	29	\N	YES	anyarray	\N	\N	\N	\N	anyarray	NO	\N	NEVER	\N	pg_catalog
pg_catalog	pg_statistic	stavalues4	30	\N	YES	anyarray	\N	\N	\N	\N	anyarray	NO	\N	NEVER	\N	pg_catalog
pg_catalog	pg_statistic	stavalues5	31	\N	YES	anyarray	\N	\N	\N	\N	anyarray	NO	\N	NEVER	\N	pg_catalog
pg_catalog	pg_statistic_ext	oid	1	\N	NO	oid	\N	\N	\N	\N	oid	NO	\N	NEVER	\N	pg_catalog
pg_catalog	pg_statistic_ext	stxrelid	2	\N	NO	oid	\N	\N	\N	\N	oid	NO	\N	NEVER	\N	pg_catalog
pg_catalog	pg_statistic_ext	stxname	3	\N	NO	name	\N	\N	\N	\N	name	NO	C	NEVER	\N	pg_catalog
pg_catalog	pg_statistic_ext	stxnamespace	4	\N	NO	oid	\N	\N	\N	\N	oid	NO	\N	NEVER	\N	pg_catalog
pg_catalog	pg_statistic_ext	stxowner	5	\N	NO	oid	\N	\N	\N	\N	oid	NO	\N	NEVER	\N	pg_catalog
pg_catalog	pg_statistic_ext	stxstattarget	6	\N	NO	integer	\N	32	0	\N	int4	NO	\N	NEVER	\N	pg_catalog
pg_catalog	pg_statistic_ext	stxkeys	7	\N	NO	ARRAY	\N	\N	\N	\N	int2vector	NO	\N	NEVER	\N	pg_catalog
pg_catalog	pg_statistic_ext	stxkind	8	\N	NO	ARRAY	\N	\N	\N	\N	_char	NO	\N	NEVER	\N	pg_catalog
pg_catalog	pg_statistic_ext	stxexprs	9	\N	YES	pg_node_tree	\N	\N	\N	\N	pg_node_tree	NO	C	NEVER	\N	pg_catalog
pg_catalog	pg_statistic_ext_data	stxoid	1	\N	NO	oid	\N	\N	\N	\N	oid	NO	\N	NEVER	\N	pg_catalog
pg_catalog	pg_statistic_ext_data	stxdinherit	2	\N	NO	boolean	\N	\N	\N	\N	bool	NO	\N	NEVER	\N	pg_catalog
pg_catalog	pg_statistic_ext_data	stxdndistinct	3	\N	YES	pg_ndistinct	\N	\N	\N	\N	pg_ndistinct	NO	C	NEVER	\N	pg_catalog
pg_catalog	pg_statistic_ext_data	stxddependencies	4	\N	YES	pg_dependencies	\N	\N	\N	\N	pg_dependencies	NO	C	NEVER	\N	pg_catalog
pg_catalog	pg_statistic_ext_data	stxdmcv	5	\N	YES	pg_mcv_list	\N	\N	\N	\N	pg_mcv_list	NO	C	NEVER	\N	pg_catalog
pg_catalog	pg_statistic_ext_data	stxdexpr	6	\N	YES	ARRAY	\N	\N	\N	\N	_pg_statistic	NO	\N	NEVER	\N	pg_catalog
pg_catalog	pg_stats	schemaname	1	\N	YES	name	\N	\N	\N	\N	name	NO	C	NEVER	\N	pg_catalog
pg_catalog	pg_stats	tablename	2	\N	YES	name	\N	\N	\N	\N	name	NO	C	NEVER	\N	pg_catalog
pg_catalog	pg_stats	attname	3	\N	YES	name	\N	\N	\N	\N	name	NO	C	NEVER	\N	pg_catalog
pg_catalog	pg_stats	inherited	4	\N	YES	boolean	\N	\N	\N	\N	bool	NO	\N	NEVER	\N	pg_catalog
pg_catalog	pg_stats	null_frac	5	\N	YES	real	\N	24	\N	\N	float4	NO	\N	NEVER	\N	pg_catalog
pg_catalog	pg_stats	avg_width	6	\N	YES	integer	\N	32	0	\N	int4	NO	\N	NEVER	\N	pg_catalog
pg_catalog	pg_stats	n_distinct	7	\N	YES	real	\N	24	\N	\N	float4	NO	\N	NEVER	\N	pg_catalog
pg_catalog	pg_stats	most_common_vals	8	\N	YES	anyarray	\N	\N	\N	\N	anyarray	NO	\N	NEVER	\N	pg_catalog
pg_catalog	pg_stats	most_common_freqs	9	\N	YES	ARRAY	\N	\N	\N	\N	_float4	NO	\N	NEVER	\N	pg_catalog
pg_catalog	pg_stats	histogram_bounds	10	\N	YES	anyarray	\N	\N	\N	\N	anyarray	NO	\N	NEVER	\N	pg_catalog
pg_catalog	pg_stats	correlation	11	\N	YES	real	\N	24	\N	\N	float4	NO	\N	NEVER	\N	pg_catalog
pg_catalog	pg_stats	most_common_elems	12	\N	YES	anyarray	\N	\N	\N	\N	anyarray	NO	\N	NEVER	\N	pg_catalog
pg_catalog	pg_stats	most_common_elem_freqs	13	\N	YES	ARRAY	\N	\N	\N	\N	_float4	NO	\N	NEVER	\N	pg_catalog
pg_catalog	pg_stats	elem_count_histogram	14	\N	YES	ARRAY	\N	\N	\N	\N	_float4	NO	\N	NEVER	\N	pg_catalog
pg_catalog	pg_stats_ext	schemaname	1	\N	YES	name	\N	\N	\N	\N	name	NO	C	NEVER	\N	pg_catalog
pg_catalog	pg_stats_ext	tablename	2	\N	YES	name	\N	\N	\N	\N	name	NO	C	NEVER	\N	pg_catalog
pg_catalog	pg_stats_ext	statistics_schemaname	3	\N	YES	name	\N	\N	\N	\N	name	NO	C	NEVER	\N	pg_catalog
pg_catalog	pg_stats_ext	statistics_name	4	\N	YES	name	\N	\N	\N	\N	name	NO	C	NEVER	\N	pg_catalog
pg_catalog	pg_stats_ext	statistics_owner	5	\N	YES	name	\N	\N	\N	\N	name	NO	C	NEVER	\N	pg_catalog
pg_catalog	pg_stats_ext	attnames	6	\N	YES	ARRAY	\N	\N	\N	\N	_name	NO	C	NEVER	\N	pg_catalog
pg_catalog	pg_stats_ext	exprs	7	\N	YES	ARRAY	\N	\N	\N	\N	_text	NO	\N	NEVER	\N	pg_catalog
pg_catalog	pg_stats_ext	kinds	8	\N	YES	ARRAY	\N	\N	\N	\N	_char	NO	\N	NEVER	\N	pg_catalog
pg_catalog	pg_stats_ext	inherited	9	\N	YES	boolean	\N	\N	\N	\N	bool	NO	\N	NEVER	\N	pg_catalog
pg_catalog	pg_stats_ext	n_distinct	10	\N	YES	pg_ndistinct	\N	\N	\N	\N	pg_ndistinct	NO	C	NEVER	\N	pg_catalog
pg_catalog	pg_stats_ext	dependencies	11	\N	YES	pg_dependencies	\N	\N	\N	\N	pg_dependencies	NO	C	NEVER	\N	pg_catalog
pg_catalog	pg_stats_ext	most_common_vals	12	\N	YES	ARRAY	\N	\N	\N	\N	_text	NO	\N	NEVER	\N	pg_catalog
pg_catalog	pg_stats_ext	most_common_val_nulls	13	\N	YES	ARRAY	\N	\N	\N	\N	_bool	NO	\N	NEVER	\N	pg_catalog
pg_catalog	pg_stats_ext	most_common_freqs	14	\N	YES	ARRAY	\N	\N	\N	\N	_float8	NO	\N	NEVER	\N	pg_catalog
pg_catalog	pg_stats_ext	most_common_base_freqs	15	\N	YES	ARRAY	\N	\N	\N	\N	_float8	NO	\N	NEVER	\N	pg_catalog
pg_catalog	pg_stats_ext_exprs	schemaname	1	\N	YES	name	\N	\N	\N	\N	name	NO	C	NEVER	\N	pg_catalog
pg_catalog	pg_stats_ext_exprs	tablename	2	\N	YES	name	\N	\N	\N	\N	name	NO	C	NEVER	\N	pg_catalog
pg_catalog	pg_stats_ext_exprs	statistics_schemaname	3	\N	YES	name	\N	\N	\N	\N	name	NO	C	NEVER	\N	pg_catalog
pg_catalog	pg_stats_ext_exprs	statistics_name	4	\N	YES	name	\N	\N	\N	\N	name	NO	C	NEVER	\N	pg_catalog
pg_catalog	pg_stats_ext_exprs	statistics_owner	5	\N	YES	name	\N	\N	\N	\N	name	NO	C	NEVER	\N	pg_catalog
pg_catalog	pg_stats_ext_exprs	expr	6	\N	YES	text	\N	\N	\N	\N	text	NO	\N	NEVER	\N	pg_catalog
pg_catalog	pg_stats_ext_exprs	inherited	7	\N	YES	boolean	\N	\N	\N	\N	bool	NO	\N	NEVER	\N	pg_catalog
pg_catalog	pg_stats_ext_exprs	null_frac	8	\N	YES	real	\N	24	\N	\N	float4	NO	\N	NEVER	\N	pg_catalog
pg_catalog	pg_stats_ext_exprs	avg_width	9	\N	YES	integer	\N	32	0	\N	int4	NO	\N	NEVER	\N	pg_catalog
pg_catalog	pg_stats_ext_exprs	n_distinct	10	\N	YES	real	\N	24	\N	\N	float4	NO	\N	NEVER	\N	pg_catalog
pg_catalog	pg_stats_ext_exprs	most_common_vals	11	\N	YES	anyarray	\N	\N	\N	\N	anyarray	NO	\N	NEVER	\N	pg_catalog
pg_catalog	pg_stats_ext_exprs	most_common_freqs	12	\N	YES	ARRAY	\N	\N	\N	\N	_float4	NO	\N	NEVER	\N	pg_catalog
pg_catalog	pg_stats_ext_exprs	histogram_bounds	13	\N	YES	anyarray	\N	\N	\N	\N	anyarray	NO	\N	NEVER	\N	pg_catalog
pg_catalog	pg_stats_ext_exprs	correlation	14	\N	YES	real	\N	24	\N	\N	float4	NO	\N	NEVER	\N	pg_catalog
pg_catalog	pg_stats_ext_exprs	most_common_elems	15	\N	YES	anyarray	\N	\N	\N	\N	anyarray	NO	\N	NEVER	\N	pg_catalog
pg_catalog	pg_stats_ext_exprs	most_common_elem_freqs	16	\N	YES	ARRAY	\N	\N	\N	\N	_float4	NO	\N	NEVER	\N	pg_catalog
pg_catalog	pg_stats_ext_exprs	elem_count_histogram	17	\N	YES	ARRAY	\N	\N	\N	\N	_float4	NO	\N	NEVER	\N	pg_catalog
pg_catalog	pg_subscription	oid	1	\N	NO	oid	\N	\N	\N	\N	oid	NO	\N	NEVER	\N	pg_catalog
pg_catalog	pg_subscription	subdbid	2	\N	NO	oid	\N	\N	\N	\N	oid	NO	\N	NEVER	\N	pg_catalog
pg_catalog	pg_subscription	subskiplsn	3	\N	NO	pg_lsn	\N	\N	\N	\N	pg_lsn	NO	\N	NEVER	\N	pg_catalog
pg_catalog	pg_subscription	subname	4	\N	NO	name	\N	\N	\N	\N	name	NO	C	NEVER	\N	pg_catalog
pg_catalog	pg_subscription	subowner	5	\N	NO	oid	\N	\N	\N	\N	oid	NO	\N	NEVER	\N	pg_catalog
pg_catalog	pg_subscription	subenabled	6	\N	NO	boolean	\N	\N	\N	\N	bool	NO	\N	NEVER	\N	pg_catalog
pg_catalog	pg_subscription	subbinary	7	\N	NO	boolean	\N	\N	\N	\N	bool	NO	\N	NEVER	\N	pg_catalog
pg_catalog	pg_subscription	substream	8	\N	NO	boolean	\N	\N	\N	\N	bool	NO	\N	NEVER	\N	pg_catalog
pg_catalog	pg_subscription	subtwophasestate	9	\N	NO	"char"	\N	\N	\N	\N	char	NO	\N	NEVER	\N	pg_catalog
pg_catalog	pg_subscription	subdisableonerr	10	\N	NO	boolean	\N	\N	\N	\N	bool	NO	\N	NEVER	\N	pg_catalog
pg_catalog	pg_subscription	subconninfo	11	\N	NO	text	\N	\N	\N	\N	text	NO	C	NEVER	\N	pg_catalog
pg_catalog	pg_subscription	subslotname	12	\N	YES	name	\N	\N	\N	\N	name	NO	C	NEVER	\N	pg_catalog
pg_catalog	pg_subscription	subsynccommit	13	\N	NO	text	\N	\N	\N	\N	text	NO	C	NEVER	\N	pg_catalog
pg_catalog	pg_subscription	subpublications	14	\N	NO	ARRAY	\N	\N	\N	\N	_text	NO	C	NEVER	\N	pg_catalog
pg_catalog	pg_subscription_rel	srsubid	1	\N	NO	oid	\N	\N	\N	\N	oid	NO	\N	NEVER	\N	pg_catalog
pg_catalog	pg_subscription_rel	srrelid	2	\N	NO	oid	\N	\N	\N	\N	oid	NO	\N	NEVER	\N	pg_catalog
pg_catalog	pg_subscription_rel	srsubstate	3	\N	NO	"char"	\N	\N	\N	\N	char	NO	\N	NEVER	\N	pg_catalog
pg_catalog	pg_subscription_rel	srsublsn	4	\N	YES	pg_lsn	\N	\N	\N	\N	pg_lsn	NO	\N	NEVER	\N	pg_catalog
pg_catalog	pg_tables	schemaname	1	\N	YES	name	\N	\N	\N	\N	name	NO	C	NEVER	\N	pg_catalog
pg_catalog	pg_tables	tablename	2	\N	YES	name	\N	\N	\N	\N	name	NO	C	NEVER	\N	pg_catalog
pg_catalog	pg_tables	tableowner	3	\N	YES	name	\N	\N	\N	\N	name	NO	C	NEVER	\N	pg_catalog
pg_catalog	pg_tables	tablespace	4	\N	YES	name	\N	\N	\N	\N	name	NO	C	NEVER	\N	pg_catalog
pg_catalog	pg_tables	hasindexes	5	\N	YES	boolean	\N	\N	\N	\N	bool	NO	\N	NEVER	\N	pg_catalog
pg_catalog	pg_tables	hasrules	6	\N	YES	boolean	\N	\N	\N	\N	bool	NO	\N	NEVER	\N	pg_catalog
pg_catalog	pg_tables	hastriggers	7	\N	YES	boolean	\N	\N	\N	\N	bool	NO	\N	NEVER	\N	pg_catalog
pg_catalog	pg_tables	rowsecurity	8	\N	YES	boolean	\N	\N	\N	\N	bool	NO	\N	NEVER	\N	pg_catalog
pg_catalog	pg_tablespace	oid	1	\N	NO	oid	\N	\N	\N	\N	oid	NO	\N	NEVER	\N	pg_catalog
pg_catalog	pg_tablespace	spcname	2	\N	NO	name	\N	\N	\N	\N	name	NO	C	NEVER	\N	pg_catalog
pg_catalog	pg_tablespace	spcowner	3	\N	NO	oid	\N	\N	\N	\N	oid	NO	\N	NEVER	\N	pg_catalog
pg_catalog	pg_tablespace	spcacl	4	\N	YES	ARRAY	\N	\N	\N	\N	_aclitem	NO	\N	NEVER	\N	pg_catalog
pg_catalog	pg_tablespace	spcoptions	5	\N	YES	ARRAY	\N	\N	\N	\N	_text	NO	C	NEVER	\N	pg_catalog
pg_catalog	pg_timezone_abbrevs	abbrev	1	\N	YES	text	\N	\N	\N	\N	text	NO	\N	NEVER	\N	pg_catalog
pg_catalog	pg_timezone_abbrevs	utc_offset	2	\N	YES	interval	\N	\N	\N	6	interval	NO	\N	NEVER	\N	pg_catalog
pg_catalog	pg_timezone_abbrevs	is_dst	3	\N	YES	boolean	\N	\N	\N	\N	bool	NO	\N	NEVER	\N	pg_catalog
pg_catalog	pg_timezone_names	name	1	\N	YES	text	\N	\N	\N	\N	text	NO	\N	NEVER	\N	pg_catalog
pg_catalog	pg_timezone_names	abbrev	2	\N	YES	text	\N	\N	\N	\N	text	NO	\N	NEVER	\N	pg_catalog
pg_catalog	pg_timezone_names	utc_offset	3	\N	YES	interval	\N	\N	\N	6	interval	NO	\N	NEVER	\N	pg_catalog
pg_catalog	pg_timezone_names	is_dst	4	\N	YES	boolean	\N	\N	\N	\N	bool	NO	\N	NEVER	\N	pg_catalog
pg_catalog	pg_transform	oid	1	\N	NO	oid	\N	\N	\N	\N	oid	NO	\N	NEVER	\N	pg_catalog
pg_catalog	pg_transform	trftype	2	\N	NO	oid	\N	\N	\N	\N	oid	NO	\N	NEVER	\N	pg_catalog
pg_catalog	pg_transform	trflang	3	\N	NO	oid	\N	\N	\N	\N	oid	NO	\N	NEVER	\N	pg_catalog
pg_catalog	pg_transform	trffromsql	4	\N	NO	regproc	\N	\N	\N	\N	regproc	NO	\N	NEVER	\N	pg_catalog
pg_catalog	pg_transform	trftosql	5	\N	NO	regproc	\N	\N	\N	\N	regproc	NO	\N	NEVER	\N	pg_catalog
pg_catalog	pg_trigger	oid	1	\N	NO	oid	\N	\N	\N	\N	oid	NO	\N	NEVER	\N	pg_catalog
pg_catalog	pg_trigger	tgrelid	2	\N	NO	oid	\N	\N	\N	\N	oid	NO	\N	NEVER	\N	pg_catalog
pg_catalog	pg_trigger	tgparentid	3	\N	NO	oid	\N	\N	\N	\N	oid	NO	\N	NEVER	\N	pg_catalog
pg_catalog	pg_trigger	tgname	4	\N	NO	name	\N	\N	\N	\N	name	NO	C	NEVER	\N	pg_catalog
pg_catalog	pg_trigger	tgfoid	5	\N	NO	oid	\N	\N	\N	\N	oid	NO	\N	NEVER	\N	pg_catalog
pg_catalog	pg_trigger	tgtype	6	\N	NO	smallint	\N	16	0	\N	int2	NO	\N	NEVER	\N	pg_catalog
pg_catalog	pg_trigger	tgenabled	7	\N	NO	"char"	\N	\N	\N	\N	char	NO	\N	NEVER	\N	pg_catalog
pg_catalog	pg_trigger	tgisinternal	8	\N	NO	boolean	\N	\N	\N	\N	bool	NO	\N	NEVER	\N	pg_catalog
pg_catalog	pg_trigger	tgconstrrelid	9	\N	NO	oid	\N	\N	\N	\N	oid	NO	\N	NEVER	\N	pg_catalog
pg_catalog	pg_trigger	tgconstrindid	10	\N	NO	oid	\N	\N	\N	\N	oid	NO	\N	NEVER	\N	pg_catalog
pg_catalog	pg_trigger	tgconstraint	11	\N	NO	oid	\N	\N	\N	\N	oid	NO	\N	NEVER	\N	pg_catalog
pg_catalog	pg_trigger	tgdeferrable	12	\N	NO	boolean	\N	\N	\N	\N	bool	NO	\N	NEVER	\N	pg_catalog
pg_catalog	pg_trigger	tginitdeferred	13	\N	NO	boolean	\N	\N	\N	\N	bool	NO	\N	NEVER	\N	pg_catalog
pg_catalog	pg_trigger	tgnargs	14	\N	NO	smallint	\N	16	0	\N	int2	NO	\N	NEVER	\N	pg_catalog
pg_catalog	pg_trigger	tgattr	15	\N	NO	ARRAY	\N	\N	\N	\N	int2vector	NO	\N	NEVER	\N	pg_catalog
pg_catalog	pg_trigger	tgargs	16	\N	NO	bytea	\N	\N	\N	\N	bytea	NO	\N	NEVER	\N	pg_catalog
pg_catalog	pg_trigger	tgqual	17	\N	YES	pg_node_tree	\N	\N	\N	\N	pg_node_tree	NO	C	NEVER	\N	pg_catalog
pg_catalog	pg_trigger	tgoldtable	18	\N	YES	name	\N	\N	\N	\N	name	NO	C	NEVER	\N	pg_catalog
pg_catalog	pg_trigger	tgnewtable	19	\N	YES	name	\N	\N	\N	\N	name	NO	C	NEVER	\N	pg_catalog
pg_catalog	pg_ts_config	oid	1	\N	NO	oid	\N	\N	\N	\N	oid	NO	\N	NEVER	\N	pg_catalog
pg_catalog	pg_ts_config	cfgname	2	\N	NO	name	\N	\N	\N	\N	name	NO	C	NEVER	\N	pg_catalog
pg_catalog	pg_ts_config	cfgnamespace	3	\N	NO	oid	\N	\N	\N	\N	oid	NO	\N	NEVER	\N	pg_catalog
pg_catalog	pg_ts_config	cfgowner	4	\N	NO	oid	\N	\N	\N	\N	oid	NO	\N	NEVER	\N	pg_catalog
pg_catalog	pg_ts_config	cfgparser	5	\N	NO	oid	\N	\N	\N	\N	oid	NO	\N	NEVER	\N	pg_catalog
pg_catalog	pg_ts_config_map	mapcfg	1	\N	NO	oid	\N	\N	\N	\N	oid	NO	\N	NEVER	\N	pg_catalog
pg_catalog	pg_ts_config_map	maptokentype	2	\N	NO	integer	\N	32	0	\N	int4	NO	\N	NEVER	\N	pg_catalog
pg_catalog	pg_ts_config_map	mapseqno	3	\N	NO	integer	\N	32	0	\N	int4	NO	\N	NEVER	\N	pg_catalog
pg_catalog	pg_ts_config_map	mapdict	4	\N	NO	oid	\N	\N	\N	\N	oid	NO	\N	NEVER	\N	pg_catalog
pg_catalog	pg_ts_dict	oid	1	\N	NO	oid	\N	\N	\N	\N	oid	NO	\N	NEVER	\N	pg_catalog
pg_catalog	pg_ts_dict	dictname	2	\N	NO	name	\N	\N	\N	\N	name	NO	C	NEVER	\N	pg_catalog
pg_catalog	pg_ts_dict	dictnamespace	3	\N	NO	oid	\N	\N	\N	\N	oid	NO	\N	NEVER	\N	pg_catalog
pg_catalog	pg_ts_dict	dictowner	4	\N	NO	oid	\N	\N	\N	\N	oid	NO	\N	NEVER	\N	pg_catalog
pg_catalog	pg_ts_dict	dicttemplate	5	\N	NO	oid	\N	\N	\N	\N	oid	NO	\N	NEVER	\N	pg_catalog
pg_catalog	pg_ts_dict	dictinitoption	6	\N	YES	text	\N	\N	\N	\N	text	NO	C	NEVER	\N	pg_catalog
pg_catalog	pg_ts_parser	oid	1	\N	NO	oid	\N	\N	\N	\N	oid	NO	\N	NEVER	\N	pg_catalog
pg_catalog	pg_ts_parser	prsname	2	\N	NO	name	\N	\N	\N	\N	name	NO	C	NEVER	\N	pg_catalog
pg_catalog	pg_ts_parser	prsnamespace	3	\N	NO	oid	\N	\N	\N	\N	oid	NO	\N	NEVER	\N	pg_catalog
pg_catalog	pg_ts_parser	prsstart	4	\N	NO	regproc	\N	\N	\N	\N	regproc	NO	\N	NEVER	\N	pg_catalog
pg_catalog	pg_ts_parser	prstoken	5	\N	NO	regproc	\N	\N	\N	\N	regproc	NO	\N	NEVER	\N	pg_catalog
pg_catalog	pg_ts_parser	prsend	6	\N	NO	regproc	\N	\N	\N	\N	regproc	NO	\N	NEVER	\N	pg_catalog
pg_catalog	pg_ts_parser	prsheadline	7	\N	NO	regproc	\N	\N	\N	\N	regproc	NO	\N	NEVER	\N	pg_catalog
pg_catalog	pg_ts_parser	prslextype	8	\N	NO	regproc	\N	\N	\N	\N	regproc	NO	\N	NEVER	\N	pg_catalog
pg_catalog	pg_ts_template	oid	1	\N	NO	oid	\N	\N	\N	\N	oid	NO	\N	NEVER	\N	pg_catalog
pg_catalog	pg_ts_template	tmplname	2	\N	NO	name	\N	\N	\N	\N	name	NO	C	NEVER	\N	pg_catalog
pg_catalog	pg_ts_template	tmplnamespace	3	\N	NO	oid	\N	\N	\N	\N	oid	NO	\N	NEVER	\N	pg_catalog
pg_catalog	pg_ts_template	tmplinit	4	\N	NO	regproc	\N	\N	\N	\N	regproc	NO	\N	NEVER	\N	pg_catalog
pg_catalog	pg_ts_template	tmpllexize	5	\N	NO	regproc	\N	\N	\N	\N	regproc	NO	\N	NEVER	\N	pg_catalog
pg_catalog	pg_type	oid	1	\N	NO	oid	\N	\N	\N	\N	oid	NO	\N	NEVER	\N	pg_catalog
pg_catalog	pg_type	typname	2	\N	NO	name	\N	\N	\N	\N	name	NO	C	NEVER	\N	pg_catalog
pg_catalog	pg_type	typnamespace	3	\N	NO	oid	\N	\N	\N	\N	oid	NO	\N	NEVER	\N	pg_catalog
pg_catalog	pg_type	typowner	4	\N	NO	oid	\N	\N	\N	\N	oid	NO	\N	NEVER	\N	pg_catalog
pg_catalog	pg_type	typlen	5	\N	NO	smallint	\N	16	0	\N	int2	NO	\N	NEVER	\N	pg_catalog
pg_catalog	pg_type	typbyval	6	\N	NO	boolean	\N	\N	\N	\N	bool	NO	\N	NEVER	\N	pg_catalog
pg_catalog	pg_type	typtype	7	\N	NO	"char"	\N	\N	\N	\N	char	NO	\N	NEVER	\N	pg_catalog
pg_catalog	pg_type	typcategory	8	\N	NO	"char"	\N	\N	\N	\N	char	NO	\N	NEVER	\N	pg_catalog
pg_catalog	pg_type	typispreferred	9	\N	NO	boolean	\N	\N	\N	\N	bool	NO	\N	NEVER	\N	pg_catalog
pg_catalog	pg_type	typisdefined	10	\N	NO	boolean	\N	\N	\N	\N	bool	NO	\N	NEVER	\N	pg_catalog
pg_catalog	pg_type	typdelim	11	\N	NO	"char"	\N	\N	\N	\N	char	NO	\N	NEVER	\N	pg_catalog
pg_catalog	pg_type	typrelid	12	\N	NO	oid	\N	\N	\N	\N	oid	NO	\N	NEVER	\N	pg_catalog
pg_catalog	pg_type	typsubscript	13	\N	NO	regproc	\N	\N	\N	\N	regproc	NO	\N	NEVER	\N	pg_catalog
pg_catalog	pg_type	typelem	14	\N	NO	oid	\N	\N	\N	\N	oid	NO	\N	NEVER	\N	pg_catalog
pg_catalog	pg_type	typarray	15	\N	NO	oid	\N	\N	\N	\N	oid	NO	\N	NEVER	\N	pg_catalog
pg_catalog	pg_type	typinput	16	\N	NO	regproc	\N	\N	\N	\N	regproc	NO	\N	NEVER	\N	pg_catalog
pg_catalog	pg_type	typoutput	17	\N	NO	regproc	\N	\N	\N	\N	regproc	NO	\N	NEVER	\N	pg_catalog
pg_catalog	pg_type	typreceive	18	\N	NO	regproc	\N	\N	\N	\N	regproc	NO	\N	NEVER	\N	pg_catalog
pg_catalog	pg_type	typsend	19	\N	NO	regproc	\N	\N	\N	\N	regproc	NO	\N	NEVER	\N	pg_catalog
pg_catalog	pg_type	typmodin	20	\N	NO	regproc	\N	\N	\N	\N	regproc	NO	\N	NEVER	\N	pg_catalog
pg_catalog	pg_type	typmodout	21	\N	NO	regproc	\N	\N	\N	\N	regproc	NO	\N	NEVER	\N	pg_catalog
pg_catalog	pg_type	typanalyze	22	\N	NO	regproc	\N	\N	\N	\N	regproc	NO	\N	NEVER	\N	pg_catalog
pg_catalog	pg_type	typalign	23	\N	NO	"char"	\N	\N	\N	\N	char	NO	\N	NEVER	\N	pg_catalog
pg_catalog	pg_type	typstorage	24	\N	NO	"char"	\N	\N	\N	\N	char	NO	\N	NEVER	\N	pg_catalog
pg_catalog	pg_type	typnotnull	25	\N	NO	boolean	\N	\N	\N	\N	bool	NO	\N	NEVER	\N	pg_catalog
pg_catalog	pg_type	typbasetype	26	\N	NO	oid	\N	\N	\N	\N	oid	NO	\N	NEVER	\N	pg_catalog
pg_catalog	pg_type	typtypmod	27	\N	NO	integer	\N	32	0	\N	int4	NO	\N	NEVER	\N	pg_catalog
pg_catalog	pg_type	typndims	28	\N	NO	integer	\N	32	0	\N	int4	NO	\N	NEVER	\N	pg_catalog
pg_catalog	pg_type	typcollation	29	\N	NO	oid	\N	\N	\N	\N	oid	NO	\N	NEVER	\N	pg_catalog
pg_catalog	pg_type	typdefaultbin	30	\N	YES	pg_node_tree	\N	\N	\N	\N	pg_node_tree	NO	C	NEVER	\N	pg_catalog
pg_catalog	pg_type	typdefault	31	\N	YES	text	\N	\N	\N	\N	text	NO	C	NEVER	\N	pg_catalog
pg_catalog	pg_type	typacl	32	\N	YES	ARRAY	\N	\N	\N	\N	_aclitem	NO	\N	NEVER	\N	pg_catalog
pg_catalog	pg_user	usename	1	\N	YES	name	\N	\N	\N	\N	name	NO	C	NEVER	\N	pg_catalog
pg_catalog	pg_user	usesysid	2	\N	YES	oid	\N	\N	\N	\N	oid	NO	\N	NEVER	\N	pg_catalog
pg_catalog	pg_user	usecreatedb	3	\N	YES	boolean	\N	\N	\N	\N	bool	NO	\N	NEVER	\N	pg_catalog
pg_catalog	pg_user	usesuper	4	\N	YES	boolean	\N	\N	\N	\N	bool	NO	\N	NEVER	\N	pg_catalog
pg_catalog	pg_user	userepl	5	\N	YES	boolean	\N	\N	\N	\N	bool	NO	\N	NEVER	\N	pg_catalog
pg_catalog	pg_user	usebypassrls	6	\N	YES	boolean	\N	\N	\N	\N	bool	NO	\N	NEVER	\N	pg_catalog
pg_catalog	pg_user	passwd	7	\N	YES	text	\N	\N	\N	\N	text	NO	\N	NEVER	\N	pg_catalog
pg_catalog	pg_user	valuntil	8	\N	YES	timestamp with time zone	\N	\N	\N	6	timestamptz	NO	\N	NEVER	\N	pg_catalog
pg_catalog	pg_user	useconfig	9	\N	YES	ARRAY	\N	\N	\N	\N	_text	NO	C	NEVER	\N	pg_catalog
pg_catalog	pg_user_mapping	oid	1	\N	NO	oid	\N	\N	\N	\N	oid	NO	\N	NEVER	\N	pg_catalog
pg_catalog	pg_user_mapping	umuser	2	\N	NO	oid	\N	\N	\N	\N	oid	NO	\N	NEVER	\N	pg_catalog
pg_catalog	pg_user_mapping	umserver	3	\N	NO	oid	\N	\N	\N	\N	oid	NO	\N	NEVER	\N	pg_catalog
pg_catalog	pg_user_mapping	umoptions	4	\N	YES	ARRAY	\N	\N	\N	\N	_text	NO	C	NEVER	\N	pg_catalog
pg_catalog	pg_user_mappings	umid	1	\N	YES	oid	\N	\N	\N	\N	oid	NO	\N	NEVER	\N	pg_catalog
pg_catalog	pg_user_mappings	srvid	2	\N	YES	oid	\N	\N	\N	\N	oid	NO	\N	NEVER	\N	pg_catalog
pg_catalog	pg_user_mappings	srvname	3	\N	YES	name	\N	\N	\N	\N	name	NO	C	NEVER	\N	pg_catalog
pg_catalog	pg_user_mappings	umuser	4	\N	YES	oid	\N	\N	\N	\N	oid	NO	\N	NEVER	\N	pg_catalog
pg_catalog	pg_user_mappings	usename	5	\N	YES	name	\N	\N	\N	\N	name	NO	C	NEVER	\N	pg_catalog
pg_catalog	pg_user_mappings	umoptions	6	\N	YES	ARRAY	\N	\N	\N	\N	_text	NO	C	NEVER	\N	pg_catalog
pg_catalog	pg_views	schemaname	1	\N	YES	name	\N	\N	\N	\N	name	NO	C	NEVER	\N	pg_catalog
pg_catalog	pg_views	viewname	2	\N	YES	name	\N	\N	\N	\N	name	NO	C	NEVER	\N	pg_catalog
pg_catalog	pg_views	viewowner	3	\N	YES	name	\N	\N	\N	\N	name	NO	C	NEVER	\N	pg_catalog
pg_catalog	pg_views	definition	4	\N	YES	text	\N	\N	\N	\N	text	NO	\N	NEVER	\N	pg_catalog
